"","count","amplitude","phase"
"1",0.628434400478008,0.112650984397501,-0.0446309981690776
"2",0.600674557576628,0.0748935874783346,-0.00585466096281462
"3",0.603079129010501,0.0809939783820355,-0.0109632169762638
"4",0.637814799286497,0.11599110370829,-0.0586633390135337
"5",0.606679096904344,0.07745150061311,-0.0327223492799358
"6",0.588169596870021,0.0905356931654952,-0.0211910016010948
"7",0.635319196161706,0.0817103760428551,-0.0394864834616747
"8",0.653486913957453,0.09560669912027,-0.0401171173450475
"9",0.634011165498402,0.0786077419494928,-0.0484179942151702
"10",0.641285408483419,0.0872429226435556,-0.0650937435478017
"11",0.629288823877636,0.0767388858700172,-0.032178423649973
"12",0.665808475215744,0.0557055921653453,-0.0698416987739412
"13",0.628471047074564,0.100844875559024,-0.0361348030041953
"14",0.700026665292857,0.109779072608761,-0.0134989358723168
"15",0.619545265110937,0.0689376785732442,0.00782669920928521
"16",0.622617706474463,0.0793406825612358,-0.000962263306802852
"17",0.618418087992652,0.0937654065708313,-0.0415550028720144
"18",0.629552541425234,0.108454582086629,-0.0658600425688505
"19",0.633496577532965,0.10819887768948,-0.00193690877897559
"20",0.660868912708345,0.10862391729052,-0.0145938567292533
"21",0.612300426352869,0.103927062669503,-0.0440734528235854
"22",0.637262143637185,0.103177043646162,-0.0101052515788105
"23",0.630344792039368,0.0868055557740051,-0.0230992397447009
"24",0.643317661771742,0.0884577885795414,-0.00922921243034695
"25",0.626815946251663,0.0884536467494377,-0.0363003084283095
"26",0.612403305373232,0.116939202091009,-0.0425363410727881
"27",0.632333032959257,0.102028083456732,-0.0270348879390281
"28",0.647650639895476,0.149199856642984,-0.0824374416382468
"29",0.614421066370713,0.102871241302242,-0.0313910646409858
"30",0.659645828071269,0.0569590759866777,-0.00759692147375818
"31",0.679186738741821,0.133869230265778,-0.00808278250365067
"32",0.656099081826861,0.156149639203725,-0.0759650315409469
"33",0.613694696040537,0.110679789110817,-0.0300857964981109
"34",0.591060646890553,0.13533268677175,0.0204299570242674
"35",0.625844930144561,0.112436892502156,-0.049279679590325
"36",0.618369919037012,0.121683468922444,-0.0716235092789883
"37",0.631970895822556,0.102248038987574,-0.00364426518360406
"38",0.644179784480571,0.0644758595417721,-0.0525891564716264
"39",0.647119974499075,0.0930189465513978,-0.0570560199243105
"40",0.637843564182235,0.0980054090789112,-0.028063276710215
"41",0.625819467417872,0.0652161435988651,-0.044052824427837
"42",0.674243991011312,0.122397924740004,-0.072436079047275
"43",0.628163492375155,0.0959687795701709,-0.0402632056872336
"44",0.697886140084924,0.0539507500033569,-0.0184262595857289
"45",0.629782481671522,0.0975536646185692,-0.0120493146729104
"46",0.661916800747705,0.0395106355845747,-0.0307082730163203
"47",0.653721889811206,0.127031825226444,-0.0313203900513944
"48",0.611564817910587,0.0883776130799884,-0.0416694009838284
"49",0.62889195685452,0.0863675899887219,-0.0473517478216474
"50",0.610870755993726,0.120761805269308,-0.0197618932637875
"51",0.626671099892312,0.0620860368690389,-0.0680913089835794
"52",0.61049638724253,0.0886444235063693,-0.011372604574356
"53",0.628034105614545,0.119317484792639,-0.0227608691389277
"54",0.666165013716719,0.12297975662402,-0.0678920573405187
"55",0.629530060779595,0.0710510918131378,-0.0532395940893356
"56",0.661476723693787,0.0803583140191261,-0.0122703567109248
"57",0.588368501063688,0.0824097148765602,-0.0867554762760868
"58",0.617176882623914,0.110980836414197,-0.0246051735650784
"59",0.663201562159772,0.129165362971001,0.00988098106839987
"60",0.623285334415245,0.103579057877364,-0.0143242042138912
"61",0.660610152589782,0.089865844800724,-0.0344049264999244
"62",0.638051310602681,0.102385174836862,-0.0166146116041286
"63",0.656916487904685,0.111436081922506,-0.041634682043974
"64",0.582993846470306,0.0584877845256036,-0.0578640786116194
"65",0.587902908940164,0.100614686171483,-0.0169100019221179
"66",0.613759857852834,0.108379388135243,-0.0636270827615101
"67",0.659192336559443,0.0912255123575513,-0.0394858650909877
"68",0.609493412727797,0.12367027431346,-0.00201607930543148
"69",0.622283450552314,0.105118689547112,-0.0469410528452962
"70",0.58225163740712,0.0960164027711026,-0.0608798793855048
"71",0.605675027086251,0.096586989812457,-0.0468387019602365
"72",0.626806259411419,0.0660937938419009,-0.0261568835014905
"73",0.634813959060592,0.100183037958785,-0.0375450582365779
"74",0.627081416030863,0.106545510813048,-0.0326395779501405
"75",0.652020357491943,0.0501999505290262,-0.0385943447082668
"76",0.589961536896113,0.106261105227284,-0.0468568175828091
"77",0.66428514006332,0.0914891322123574,-0.0223043861348117
"78",0.621074527919994,0.0990924133288939,-0.0639708255024928
"79",0.632795835082737,0.108363342362744,-0.030983239604598
"80",0.629805904099903,0.0907650758249359,-0.0606126691711061
"81",0.657396639966507,0.0961040337079921,-0.0247463576191235
"82",0.655298096620955,0.0709815116310093,-0.0242067859751045
"83",0.631233197882519,0.100492668820367,-0.0495746698450181
"84",0.603069860153607,0.055707234665847,0.00598615244223366
"85",0.609482102180922,0.0740359294200751,-0.0449252307376489
"86",0.648803379632598,0.100567018446676,-0.0802525919981803
"87",0.641705408419684,0.0719866534712623,-0.0805736524163178
"88",0.638601195230206,0.068393683050865,-0.0145029088797118
"89",0.622929156003003,0.0832803249752274,-0.0492401847623569
"90",0.63987204347671,0.0846858554117626,-0.0198352377450504
"91",0.613444049075646,0.0822681982027032,-0.00878717788622017
"92",0.655340096394169,0.0884172189608378,-0.0519417321137964
"93",0.617496461427567,0.090870092410003,-0.0408986079227615
"94",0.628448295614929,0.0688333214930894,-0.00626363652981872
"95",0.679027867892679,0.0755889134341817,-0.034800604957031
"96",0.622342420408571,0.101373435250504,-0.0246293503489239
"97",0.64241783582192,0.0693229680038256,-0.0538507855026328
"98",0.673979582255244,0.107665682680566,-0.0376069018823905
"99",0.640210169796951,0.0876110812817279,-0.0144240894347583
"100",0.620460597285276,0.0924184736641622,-0.0481931929186855
"101",0.584025641009101,0.0908972600138044,-0.0723944032624054
"102",0.639156446618876,0.105291305472225,-0.0305571788546563
"103",0.631260502980394,0.11599400824011,-0.0315118765664807
"104",0.62131797936422,0.102780129066942,-0.0628551873595512
"105",0.670042878470788,0.0917475310168193,-0.0381308137011583
"106",0.645724772343324,0.0794978279967979,-0.0564962440311402
"107",0.616040889538445,0.103430757045094,-0.0372819764069419
"108",0.604219488384259,0.100720749015836,-0.0608903967079246
"109",0.639444709295018,0.103288456026958,-0.0558968278021519
"110",0.65869181045065,0.0377557137365119,-0.0252498616648062
"111",0.625608179855071,0.105228773626478,-0.0236479333255324
"112",0.617958918829616,0.0925616505033297,-0.0317259895515966
"113",0.633690788916259,0.120209611426483,-0.00181139918917939
"114",0.643513735185666,0.125411780415691,-0.0329107758297685
"115",0.643666926396097,0.108813782285003,-0.00868265660210489
"116",0.666951851921711,0.104467218786656,-0.0249703350676663
"117",0.671778946841395,0.0870410825763193,-0.0173002112021595
"118",0.647302393452413,0.144198672482482,-0.0265334901445027
"119",0.624512021693559,0.105194865442619,-0.0353765440798366
"120",0.672858520582104,0.0983310517506952,-0.0298995807179167
"121",0.634613769807888,0.0732440319148669,-0.0577780673769252
"122",0.634788862891536,0.079703436212835,0.00978343208206591
"123",0.622408087299706,0.0943886561325567,-0.0338173825632789
"124",0.679454594619005,0.0948875815084617,-0.0217310453423029
"125",0.658013286962899,0.0816615943305768,-0.0245856490427353
"126",0.639232044624036,0.0883505344677755,-0.0248049074368174
"127",0.637387620405079,0.102472732756824,-0.0373677444708621
"128",0.661879173700998,0.107707730204792,-0.0231940856443692
"129",0.55662354408828,0.104370976930426,-0.0380935647503504
"130",0.669588371305139,0.0953226980110902,-0.0436977844663791
"131",0.632812868588871,0.0997668408110084,-0.00509690009678906
"132",0.571989319771849,0.0809010264449585,-0.0204815602499881
"133",0.564516143737449,0.124291889133656,-0.0532355763339044
"134",0.634496660696659,0.145697246592826,-0.0171043078910167
"135",0.594109843595324,0.0732139026612301,-0.0787024364191102
"136",0.638912027641935,0.0806002890229095,-0.0605706906743703
"137",0.630546519239689,0.092083095602203,-0.031495106915159
"138",0.660302146102869,0.0900118645305268,-0.0538069413662309
"139",0.641520809234542,0.0905584307636986,-0.0476677575546139
"140",0.648382044589916,0.0813306385853619,-0.0524512808992612
"141",0.612820281771633,0.136839351057697,-0.00325861480008798
"142",0.651112339476818,0.0950020184830728,-0.0492339050362888
"143",0.577529250077714,0.0730848828124454,-0.0353893616385325
"144",0.658716860968726,0.0975577926995472,-0.0427793482683902
"145",0.639602461898889,0.0847556670342138,-0.05557303989294
"146",0.665355414500805,0.100302717773995,-0.0489510645191468
"147",0.628065130607833,0.110473030536376,-0.0410412586324609
"148",0.678545979094032,0.10399546098193,-0.0305688539308391
"149",0.623603529547952,0.125879292776009,-0.0552432893127397
"150",0.671466451448722,0.0878345416799441,-0.0248115323530034
"151",0.675579632328146,0.0640913500287567,-0.0649948922159747
"152",0.593867239285379,0.091601714050582,-0.0456658936974435
"153",0.578394307487935,0.0675859846434189,-0.0703431517556365
"154",0.585080848203625,0.0989492446634987,-0.0562088789514344
"155",0.622009029394734,0.122812473415716,-0.0534131825656007
"156",0.622152352970402,0.0786919709732611,-0.0563733466690681
"157",0.644703147495549,0.121761366209304,-0.0239302234692428
"158",0.643831212889592,0.0704292712308296,-0.0642080209485757
"159",0.664080025497393,0.105376610607212,-0.00423655026012563
"160",0.594466032893536,0.0939379122218254,-0.0124332926051818
"161",0.5964256971328,0.0567752018527972,-0.0601871084855659
"162",0.632910689915252,0.0892326206948083,-0.0383733277848524
"163",0.609825955497126,0.129425499987552,-0.00717709782118528
"164",0.604119710433672,0.109286279083851,-0.0290902408493617
"165",0.58547118493293,0.0850328032135988,-0.0330983016645455
"166",0.663291946456302,0.136400618650994,-0.0134584857969183
"167",0.651594698862385,0.0711571626952913,-0.0792869196617427
"168",0.614051420642299,0.128347081273505,-0.00892550923116225
"169",0.652938067397689,0.0818106493668403,-0.0435225533125806
"170",0.643025785755039,0.0465369554878474,-0.0599215635619105
"171",0.553452833587047,0.107869603968187,-0.0459934537220372
"172",0.627478441908828,0.042265449474259,-0.0609385735264147
"173",0.649793874297718,0.110087607880755,-0.0171506082543069
"174",0.594885773617132,0.118203749362542,-0.0733029908005495
"175",0.600506976326917,0.0778960710580475,-0.0203661541578529
"176",0.613195690297884,0.116418004125129,-0.0355692785433115
"177",0.648661495059579,0.0674401584940793,-0.0445469552346201
"178",0.618010157202158,0.107491112578227,-0.0493077975109794
"179",0.679107870952916,0.0862619542897174,-0.0547494749670283
"180",0.651440297000116,0.0852130872663578,-0.00575718293856471
"181",0.659694941216456,0.101494725863183,-0.0177976753519906
"182",0.66097715525603,0.105458712935477,-0.0398794640116401
"183",0.652722345104748,0.0890731428790296,-0.0445356969707512
"184",0.637498749114999,0.0843869211401416,-0.0491722051622264
"185",0.634660883477187,0.0884667522550475,0.0239604194452023
"186",0.66699562037587,0.0956136420759777,-0.0138649966446684
"187",0.61433272522587,0.0620322792527553,-0.0286912900938122
"188",0.599413208618839,0.108490602250928,-0.0135200206348987
"189",0.598990310743338,0.0823278556359008,-0.019738603782268
"190",0.634122261722261,0.0933029132143739,-0.0189356854985425
"191",0.610038284949931,0.104593656670494,-0.0502887509736904
"192",0.632312502530835,0.106571022734029,-0.0500050381610153
"193",0.652452638331422,0.0880373654606777,-0.0278537842281541
"194",0.62559374517208,0.0315419012001217,-0.0248410449554203
"195",0.62298845948183,0.0977299422457144,-0.0598781435414998
"196",0.629250086897565,0.120142467747613,-0.0375398379285397
"197",0.632659272209346,0.0999696959586177,-0.0522735257537526
"198",0.605835476724564,0.113263749360411,-0.0239955569993548
"199",0.617412727964827,0.0924736255564438,-0.0506484571435273
"200",0.626530543657295,0.14190795655539,-0.0295988599663636
"201",0.628474287546928,0.0634251117857847,-0.0117049540752082
"202",0.615553829191189,0.131478213978198,-0.0387564448971712
"203",0.676167917817112,0.108243659106388,-0.0432829904763105
"204",0.658921595675288,0.0897721821238432,-0.0627339350584145
"205",0.640766781148846,0.0620653545416745,-0.0528817414564144
"206",0.638502923137187,0.130764197378043,-0.0033681020320843
"207",0.598550176591107,0.0990434735228967,-0.0860426418967069
"208",0.626697171404492,0.0893470456756217,-0.0365136219527027
"209",0.627236442725881,0.111211462517086,-0.0346453971715628
"210",0.648106761845542,0.112037520915187,-0.0461121657719449
"211",0.619666635533071,0.116525861851509,-0.00339850371619205
"212",0.588246396525853,0.11964750924356,-0.0280526638250925
"213",0.659405373083133,0.0556668891303318,-0.00354679680602421
"214",0.571916228501231,0.0995828668227064,-0.0224262061517616
"215",0.634189140972821,0.105865132547557,-0.0538506141723439
"216",0.598195324761599,0.0893989683055311,-0.0404064657464739
"217",0.647111749044,0.146954086617605,-0.0724101511745066
"218",0.64352761675636,0.0781544836222908,-0.0198654116559521
"219",0.648830700867121,0.110602952488377,-0.0661293826094303
"220",0.634076390337741,0.0635188878205829,-0.0488374380375671
"221",0.623268287407626,0.0497182313149803,0.00698110753576955
"222",0.596758027374697,0.0630745505071502,-0.0380663683075672
"223",0.648700101825671,0.085680844919395,-0.052425422277437
"224",0.642630768004233,0.0870991433191591,-0.0314252654146369
"225",0.644891741472921,0.136771332821914,-0.0356565018795368
"226",0.592488782147284,0.12138804057842,-0.0484586885154009
"227",0.652946658572567,0.0559431666275702,-0.0472012660504417
"228",0.626408388426337,0.0464866615383218,-0.0570664868198806
"229",0.593615981609831,0.0946022241269498,-0.046928507114499
"230",0.641120589246997,0.0770050009961648,-0.0354987317213041
"231",0.652172587451418,0.0767422195022302,-0.0244947836882026
"232",0.651967105590806,0.0689781750005219,-0.0685311713632836
"233",0.613577770574661,0.106525320419316,-0.0270022044245547
"234",0.622303974577397,0.0792727745727087,-0.0661549823095537
"235",0.583379231810646,0.0687821785981409,0.00059692372033765
"236",0.601825464467765,0.103064184988882,-0.0517155511504749
"237",0.569361826740421,0.09964592660712,0.0227701543147788
"238",0.631732053656793,0.0964954900582239,-0.0245731931885409
"239",0.617123942801067,0.0848429291009244,-0.0489019125027464
"240",0.639531123091847,0.114149889722359,-0.0488494938077743
"241",0.644475791710875,0.0916369613407245,-0.012070274710153
"242",0.66144783221206,0.101614672226175,-0.0156186382615339
"243",0.678081674460345,0.130932455639469,-0.0532584299106644
"244",0.628318552816419,0.11117675758648,-0.0222045710562823
"245",0.59419244969398,0.0413892436198688,-0.051181604220074
"246",0.627274543960593,0.0638263588373916,-0.00630224854231913
"247",0.623837793854089,0.11744645260325,-0.00570152826711754
"248",0.570166788808002,0.122273487826154,-0.0816269562119412
"249",0.656395805270492,0.0904349117218514,-0.071350384712354
"250",0.661150173513592,0.0886815524982653,-0.0348823512841437
"251",0.594330986142748,0.099469768390875,-0.00962634371962919
"252",0.62311396858956,0.0727243744915627,-0.0272891058825076
"253",0.654094455976445,0.0881649232958348,-0.11601812629206
"254",0.679828919631859,0.100553243528571,0.0302669059222988
"255",0.603541953930976,0.0752856275120266,-0.0389519035277735
"256",0.632719304939398,0.0850048743066901,-0.0689487388837931
"257",0.647707799981442,0.0821654345628839,-0.00814960037936355
"258",0.627391686190466,0.108886434569632,-0.00959654709745199
"259",0.672263764117239,0.133798518456009,-0.0726254936417189
"260",0.662651223074389,0.0800850383021521,-0.00898249217481947
"261",0.608488882587715,0.0982805267851802,-0.0339784005170989
"262",0.641595130477008,0.115156478159287,-0.0439255484288787
"263",0.678542270319436,0.118722715622156,-0.0500248899874167
"264",0.619271697750659,0.106285353494296,-0.0517971156673057
"265",0.588370927295506,0.0785275464820855,-0.0265264424773803
"266",0.631196584896643,0.0613302006768318,-0.00254563263741314
"267",0.624572262183574,0.0963284833641894,-0.0247931132030501
"268",0.651583367694992,0.0582984340746749,-0.0566663088153698
"269",0.608145021737021,0.108938826870093,-0.0481393894207899
"270",0.650253688744278,0.0941166111419747,-0.0310644607369944
"271",0.617601073135762,0.0966987376143323,-0.0369102967211565
"272",0.598252767683228,0.097474208258868,-0.039321764636491
"273",0.618379733613819,0.0520764862495961,-0.0330331151762047
"274",0.651803611575817,0.070462843464388,-0.0459220247656125
"275",0.614807845772137,0.101742470374185,-0.0330264543783343
"276",0.669727107805959,0.108854312814295,-0.0242365217000682
"277",0.577494248930156,0.0855922138368919,-0.0301217140081723
"278",0.663840776569322,0.0985685862611893,-0.0164252734929886
"279",0.591490880939749,0.0959562207786928,0.00340442699426864
"280",0.661138718061345,0.0975840894597619,-0.0169385297795955
"281",0.629598161316596,0.101370287636752,-0.0660166156581716
"282",0.638433468642665,0.103184863340419,-0.030231138590093
"283",0.625683016788628,0.111231222293794,-0.0507594348502253
"284",0.609548233251945,0.0816838868982213,-0.0423047094950104
"285",0.641657360048241,0.0989041524182122,-0.023716781213436
"286",0.580236690225076,0.11988766262875,-0.0452673786788321
"287",0.603349476218298,0.0676499523208845,-0.00420035566743084
"288",0.651518866944188,0.111601570508718,-0.00890473972158341
"289",0.611548208084617,0.0916401456574873,-0.0522679335203574
"290",0.663994813143524,0.0738091303578816,-0.041264983904373
"291",0.641261026374193,0.11684797807202,-0.0701162524912101
"292",0.617122172755173,0.0883767607512744,-0.0497046618127058
"293",0.698096161747558,0.0882676366734711,0.0133252760473389
"294",0.628070069513468,0.0973033896651716,-0.00429132753601489
"295",0.650745879185957,0.0554469618481698,-0.0387905352382313
"296",0.636474652861039,0.112428955355747,-0.0727918724790166
"297",0.634627571600139,0.0823604130359186,-0.0381849476246098
"298",0.617344148789987,0.0861320076710859,-0.052178180931462
"299",0.657453338042079,0.0712948461635367,-0.00320365222267452
"300",0.601125182172348,0.0962427261249334,-0.00425890189483361
"301",0.626580756033293,0.0643179104992634,-0.033246951674734
"302",0.625375117909597,0.0631145440320207,-0.0500483501073831
"303",0.63737979510659,0.119347667953999,-0.0148588941251396
"304",0.604131673467466,0.0975350939231747,-0.0427614426134976
"305",0.626064903992496,0.124343743214107,-0.0320250298853203
"306",0.678584112891408,0.102434329174737,0.000128514753645746
"307",0.592249102678672,0.115754652182301,-0.0481957668544493
"308",0.624813099461547,0.0983641875435359,-0.0262132917591537
"309",0.598885011587126,0.111710350571089,-0.0110601656500264
"310",0.649607917830606,0.100688195964633,-0.00939613703370241
"311",0.627455160520656,0.110944909259096,0.00767413306745164
"312",0.646992266607795,0.105488155989472,-0.0241190950110795
"313",0.6363556071239,0.0756640042964827,0.00197990755165684
"314",0.651272518025225,0.0972909601716619,-0.0282888462369975
"315",0.655778781174143,0.0980057515593643,-0.0399381343305894
"316",0.620628157611397,0.138266737772953,0.0114532245970555
"317",0.650513879084852,0.101960139861255,-0.0101921665823969
"318",0.631628948276439,0.0690250624145568,-0.0417046268429917
"319",0.591252357360777,0.0967329805467895,-0.00552427978052731
"320",0.681107066925354,0.0645738206915591,-0.0145731586966948
"321",0.606057367244271,0.0996200123756457,-0.0668097349752061
"322",0.591271944249775,0.117641910125752,-0.0102982291159706
"323",0.647735895885707,0.0754216731342919,-0.0131277586597312
"324",0.628169174104806,0.0768200742691437,-0.0367484084513805
"325",0.601957606111348,0.0813583161812164,-0.0458819101401344
"326",0.583410888642064,0.0696392677472855,-0.00791491884884252
"327",0.674396108711376,0.102895993479383,-0.0451376047970378
"328",0.603816870538497,0.107934285551249,-0.0319231408796231
"329",0.612995962505512,0.105380701463043,-0.0320789794177206
"330",0.585431475497936,0.0928663576906968,-0.0309610021576236
"331",0.612490627775861,0.0761457235128284,-0.0713440903815129
"332",0.593606799452151,0.0943884898666075,-0.0438283430357078
"333",0.70493990981215,0.0892218502638836,-0.0645741551403315
"334",0.643530213600463,0.0910038259575647,-0.0792007485647992
"335",0.660241527201885,0.113032686304558,-0.0633049592570169
"336",0.632141119750041,0.0905374649557506,-0.0569094024967902
"337",0.606005057065602,0.0593098112138244,-0.00170453386649757
"338",0.585982350488504,0.0923746013278662,-0.0139651465773321
"339",0.666019924232973,0.0872774170158177,0.0106824574813755
"340",0.622381039084026,0.0630249342360933,-0.0482324344231656
"341",0.63601683292366,0.104557254566036,-0.0213298134542972
"342",0.646651480960152,0.09526765894539,-0.00647641838708932
"343",0.636346669338478,0.0826484228994183,-0.0495008755516212
"344",0.623026168888546,0.136321614387009,-0.0116507653598832
"345",0.634892147702131,0.080322938348608,-0.030373493916279
"346",0.624809380060428,0.0894239119098516,-0.0405796706042705
"347",0.59686789076194,0.099501481484229,-0.045613009749397
"348",0.641808669762205,0.106714480866368,-0.0422382281223803
"349",0.609378821067255,0.109044848465499,-0.0331061417504631
"350",0.637501674994149,0.105668593926278,-0.020906822584494
"351",0.640282513350555,0.103167838885071,-0.010069539449607
"352",0.647028598227423,0.0646807166171865,-0.0409226555794852
"353",0.623854453342467,0.0814054943385853,-0.0457673029246028
"354",0.667969930386802,0.0858265725525758,-0.000601476211710847
"355",0.644636050390494,0.0749724828938845,-0.026142744680388
"356",0.561252371080584,0.0726007078462409,-0.0311717437714839
"357",0.672714151327982,0.0773549200336342,-0.00769212359429422
"358",0.641639873753952,0.082338089429277,0.00018970980419495
"359",0.620051693960462,0.0889790053881711,-0.0264774562325994
"360",0.621524176558037,0.0930301500758569,-0.0515443948622563
"361",0.647483240167802,0.0852936008471993,-0.0649694615483191
"362",0.652368231255315,0.0962040422819191,-0.0194641708129352
"363",0.641194222696821,0.107688852637293,-0.0414520230375213
"364",0.64680070536732,0.102686039237014,-0.0363967874685297
"365",0.608847362235794,0.0520761712443528,-0.0531725816622659
"366",0.64797474626471,0.151190615330536,-0.0623327664007167
"367",0.654054074630178,0.0885555487751155,-0.0336008964212544
"368",0.649561993591996,0.0904270251700943,-0.0226274520984215
"369",0.645753099194724,0.0960526733471424,-0.0334144228398988
"370",0.636695545681451,0.0977039222814762,-0.0272286155751933
"371",0.587022546925584,0.0981821750275532,-0.0622793768800439
"372",0.702715955492109,0.0955307704482961,-0.0468787560849914
"373",0.598555024532,0.0986114089203093,0.0118970858093265
"374",0.588126642140501,0.104147904956995,-0.0422877065343901
"375",0.613964891238553,0.0928089208560202,-0.0173401124209714
"376",0.631273334243498,0.110669386106782,-0.0579738669757471
"377",0.619169172533829,0.0739501598003475,-0.0484260845176934
"378",0.630294956836525,0.0890753736648447,-0.00499967278632422
"379",0.657245507835967,0.065427601398475,-0.0267724725825582
"380",0.60979945058137,0.108546835173214,-0.0440395206818551
"381",0.668904149250806,0.141593194631798,-0.0020485190370158
"382",0.623289728766681,0.123259620054246,-0.0411629547858301
"383",0.670036094215795,0.066221751992421,-0.00365703028132626
"384",0.595242396475756,0.115582046191628,-0.0408027903650589
"385",0.573380775971392,0.0556757059710217,0.00366134133438189
"386",0.599343687546252,0.0910024926002378,-0.0689358850523785
"387",0.676187537295847,0.055830492233672,-0.026890261745527
"388",0.656727084741392,0.0882787462472009,-0.0141623922268121
"389",0.623445701814864,0.0884015781514609,-0.0655394236871813
"390",0.657815288243633,0.114039755164418,-0.0345839765159752
"391",0.645795060207633,0.112103545334976,-0.0579142644211582
"392",0.622821406991476,0.115241106634907,-0.0643522796684749
"393",0.616452705011452,0.111762300822255,-0.0425745370289472
"394",0.6033158345129,0.0748045905138244,-0.0519894455750696
"395",0.603165000307496,0.134713786886884,-0.0198244256213563
"396",0.63489674492971,0.064157927547999,-0.0328169505327349
"397",0.606123000993335,0.0689577106092414,-0.0266763413432352
"398",0.642937998949364,0.0325100789159351,-0.0398160457226701
"399",0.614463971992472,0.0965357547814168,-0.0530135045873192
"400",0.709591967630984,0.0843324545584506,-0.0317548148619264
"401",0.634963078837642,0.0684160026954706,-0.0415410345641253
"402",0.656479681055364,0.0936637269196285,-0.0581590956109318
"403",0.608814717226783,0.0961541762574399,-0.0629665161048578
"404",0.662730042180271,0.117209638225908,-0.0628366427874243
"405",0.717794415624779,0.123340135113404,-0.00394745653653781
"406",0.660386666555826,0.124752508551963,-0.0405554088913975
"407",0.600924128498085,0.066186550521817,-0.0467352049989865
"408",0.695627955033353,0.0742632047225863,-0.0325498780414465
"409",0.652162722970406,0.102834022383314,-0.0261276011099207
"410",0.651254173605346,0.0730747445569949,-0.0281148780278803
"411",0.617689110464971,0.0950730741412513,-0.0550257675720448
"412",0.675727647564603,0.0745554102715561,-0.0534901043027905
"413",0.616752195136534,0.0702783453650833,-0.00731353121039877
"414",0.683372951691997,0.137570108169354,-0.0504533927635882
"415",0.624138180975682,0.0907439198854832,-0.068144953079476
"416",0.63965530921222,0.0691070916753876,-0.0493446931826802
"417",0.657536787777242,0.107478342271289,-0.00799492187259124
"418",0.61888473897986,0.0771222635911766,-0.0434878882018946
"419",0.67746446582221,0.057902907994674,0.0118659673184159
"420",0.608415122409897,0.142250892222908,-0.0336297767190106
"421",0.644371407272173,0.101357025497071,-0.0778907871738627
"422",0.62621135228225,0.0988797988690488,-0.0418487275613938
"423",0.629111170966841,0.079308764761113,-0.017336154139797
"424",0.628891339257198,0.0946170018722316,-0.0534493252596627
"425",0.643534349847316,0.0908761820845445,-0.0573447155206657
"426",0.662549812166622,0.0780506210691101,-0.0317571569140256
"427",0.619913926400261,0.113389852593259,0.0352158221990179
"428",0.644797534999916,0.0663110363788894,-0.02473931130662
"429",0.628461258236529,0.0751889753736842,4.47829611676942e-05
"430",0.638407767154455,0.103707047615004,0.0100946736727452
"431",0.631202128580286,0.0701087639088823,-0.0442730487090136
"432",0.617642985964534,0.104467951980786,-0.0383090324669521
"433",0.653107441489702,0.104837539856215,-0.0320528235547732
"434",0.592278268573323,0.111406964724554,-0.0398581585036381
"435",0.621486710151052,0.0968801984313668,-0.0282714861416771
"436",0.67047999586236,0.0983531126014742,-0.0365438725253896
"437",0.659506655024938,0.0904627353521962,-0.056829438344101
"438",0.611355394847281,0.104489624647215,-0.015080363875143
"439",0.628953960313853,0.105750244388165,-0.0104692402697187
"440",0.690142330256005,0.0556749874279212,-0.0468027003306317
"441",0.65224221775753,0.0608856934915879,-0.0314097084607034
"442",0.609561576929297,0.105840375819194,-0.0652158130175506
"443",0.657282286092155,0.0945065020715395,-0.0360922679338883
"444",0.63628730600507,0.124046938695536,-0.027419279267116
"445",0.620566370326102,0.0510891238485222,-0.0480891360368926
"446",0.602155422690901,0.100747889672026,-0.0196496033727063
"447",0.607734338637107,0.112045825406358,-0.0294813663618389
"448",0.624156520710361,0.0718457692446616,-0.0176958229223542
"449",0.657607856787624,0.0783738912322068,-0.037515173243602
"450",0.645693111181118,0.133936401504199,-0.0556849299678579
"451",0.621610295139339,0.100818081572215,-0.0504743439995957
"452",0.604498973951522,0.105771919504438,0.00956373527017129
"453",0.647981172943345,0.0968547458759761,-0.0202806331092759
"454",0.591148327107709,0.0984951515579715,-0.035800391557546
"455",0.655292889917634,0.0451212614495385,-0.0036055216771429
"456",0.585189427332437,0.0772926163345401,-0.0322595415569944
"457",0.683450880233697,0.0976111703289028,-0.0498642615652629
"458",0.620040159210341,0.0911430117513843,-0.0250653340650852
"459",0.648302586587792,0.0864744628068781,0.0216382622326237
"460",0.584282648539035,0.11143019504109,-0.0189367079488071
"461",0.667489391825153,0.114969484493331,0.00781754801679346
"462",0.670491565236487,0.0975516591377991,-0.0392256198705144
"463",0.597598353950253,0.0905133472412664,-0.00250791013599289
"464",0.648470280989768,0.101899383056789,-0.00118365303983325
"465",0.676124340239474,0.0903608736319833,-0.0397782365805366
"466",0.664247279542111,0.136099292553238,-0.0330595179739019
"467",0.609158026679635,0.0594220804441994,-0.0152023916901366
"468",0.60229505047737,0.0628065847136614,-0.0480584947692792
"469",0.643097699636318,0.0675123393306709,-0.0500208397002454
"470",0.654695584309306,0.110681843064008,-0.0387636646423654
"471",0.708181446214338,0.0884093924550855,-0.035854428186032
"472",0.646917648782718,0.105768003391508,-0.0419981454667778
"473",0.636606271147105,0.0770036614481309,-0.0408119289938965
"474",0.660099055923423,0.108328745867127,-0.00770423907317175
"475",0.642696333299818,0.063405787370925,-0.0359679762973041
"476",0.57373766548163,0.029361473457978,-0.0283386972374085
"477",0.595142428123172,0.0756121360680429,-0.0620950697702719
"478",0.653815441764691,0.0757579376801419,-0.0342956657686417
"479",0.586044125580139,0.115003091232136,-0.0638337654695949
"480",0.624790745145649,0.120163124989648,-0.0244381531163772
"481",0.580913008060312,0.108499008411661,-0.041311681357714
"482",0.664623135855465,0.0820946527834137,-0.0166815487878109
"483",0.649953741690778,0.100668504823324,-0.0584156646117202
"484",0.621326011587877,0.109145703176712,-0.050511448940131
"485",0.641190101476575,0.101021471396692,-0.0204394781805021
"486",0.655954258214988,0.118059725458103,-0.0654562380942279
"487",0.640146059056579,0.0907009625558412,-0.00471400459719573
"488",0.614428716965134,0.0803361079530492,-0.071130088410557
"489",0.631144070488557,0.111759084247065,0.000996519183161265
"490",0.678837852180363,0.123384759070048,-0.0159295133990373
"491",0.592122997660128,0.0795294563932835,-0.0737432334701791
"492",0.642543858643834,0.0946271716341826,-0.0371997963917591
"493",0.603981602209033,0.0896952123085248,-0.079360929148339
"494",0.6800690378023,0.0931976918517175,-0.0709344426334126
"495",0.617852190684371,0.0680111899284481,-0.0440784960095407
"496",0.690532750487718,0.104182265411588,-0.0349534876220937
"497",0.554701679888224,0.0895638458753541,-0.0527592872445749
"498",0.649592087480956,0.114178611683956,-0.0227296687893241
"499",0.588497081624772,0.100870714805656,-0.0236468484008499
"500",0.644600445022789,0.117545416437196,-0.0629787471004358
"501",0.63639859491993,0.0652372163846614,-0.0143944005624596
"502",0.64629076315209,0.0953270890121674,-0.000826003497095183
"503",0.628482034680232,0.107123907518075,-0.0358704027969311
"504",0.633587163080527,0.0994438054078457,-0.0448207665138294
"505",0.627268369436588,0.0796216766129527,-0.0106842537289382
"506",0.659867012781434,0.123426925357197,-0.0665848953154665
"507",0.602841143219157,0.116487673855693,0.00563051489450035
"508",0.593890477517454,0.106421553246956,-0.0232748625647512
"509",0.653239295604022,0.102801887648023,-0.0612453412070125
"510",0.645799009332884,0.0938591657173498,-0.0571144394411644
"511",0.620397050048848,0.099983615774071,-0.0426159304580816
"512",0.59248716446808,0.132666567817704,-0.0339367713462801
"513",0.606735593837456,0.0732443961942555,-0.0693835451368205
"514",0.599473173352542,0.067920664911301,-0.0258689336076849
"515",0.638949473987877,0.0967863371371061,-0.00427992295540671
"516",0.634654302500775,0.0585184303314425,-0.0189764861631714
"517",0.635210703243425,0.0260755909035575,-0.0231547526634412
"518",0.644414451582902,0.0960386592624683,-0.0636366269178545
"519",0.572845216386997,0.0345174736435389,-0.00929660099600621
"520",0.669630510097561,0.109633255986943,-0.0286893639736672
"521",0.632414353728482,0.0639196797090844,-0.0255001349514744
"522",0.660339402542498,0.0586099013142998,-0.0252023685128845
"523",0.624345613688691,0.10102296051867,-0.0381168061618284
"524",0.597688327342549,0.0645044131403703,-0.0487366997829786
"525",0.634065050120427,0.0978264650220549,-0.0023645882191321
"526",0.622152036271537,0.0474435329444226,0.0108673102526242
"527",0.621903412503977,0.0729023527976133,-0.0283789614445983
"528",0.671210598785635,0.106650368353364,-0.0658388904035376
"529",0.605153626763324,0.0721891676810037,-0.0145437305820272
"530",0.62584560847272,0.0884613135392894,-0.0291099945195269
"531",0.592323843468708,0.0729760885667585,-0.0465528224788013
"532",0.652143197331003,0.102057073490867,-0.0333191875455758
"533",0.632343113898947,0.125234338199896,-0.0290830993054647
"534",0.591592407654658,0.0683694541361802,-0.0599722490167039
"535",0.608950331224713,0.146974075637237,-0.0282953707316839
"536",0.652168304208352,0.0778065476115045,-0.0657253668491439
"537",0.621764561445757,0.0857105008574213,-0.0415128662423295
"538",0.641035005936358,0.126614991885083,-0.0284382154374071
"539",0.651039297791501,0.0843287281243894,-0.0322245617485765
"540",0.621327211443643,0.0649967389718298,-0.0500517407387616
"541",0.680230234102429,0.084746341361894,-0.0172136385399094
"542",0.663354875452921,0.071515631992992,-0.0747144406112914
"543",0.618809531397946,0.083587499470613,-0.0707857118597398
"544",0.588660663828861,0.0590978069673131,-0.0608796696429451
"545",0.654604567389651,0.109468213322432,-0.00721443455121597
"546",0.632443298909608,0.0615779822675765,-0.0707413947465998
"547",0.582309829445346,0.098616201568117,-0.0348078454259096
"548",0.606803270116243,0.0916733383611663,-0.0444932071533874
"549",0.60900477618548,0.0973948096916711,0.00840332816255727
"550",0.589607285121003,0.0514122328818728,-0.0622277911629948
"551",0.619580122847837,0.0857689784455398,-0.0578250794308269
"552",0.646579492658965,0.0928373316689306,-0.0326497919605866
"553",0.61695126612674,0.0416954578408633,-0.0318339803030732
"554",0.586870626760129,0.0831019009539588,-0.027765043464331
"555",0.630989064509259,0.100955942848446,-0.0206589782291756
"556",0.617003398918543,0.0842546597302875,-0.0295583522136537
"557",0.692229508167966,0.097611962121697,-0.00060769028591829
"558",0.614304091518331,0.0990597871513295,-0.0554356259127571
"559",0.582906880370983,0.11521694650603,-0.0107108864625639
"560",0.61824138813683,0.0755507880988814,-0.0197379175666463
"561",0.577274380226425,0.105480085038675,-0.055976151876736
"562",0.68430166805652,0.0829615020636576,-0.0221603057012467
"563",0.569101315634451,0.127306343925525,-0.00926359529285963
"564",0.612737755253123,0.0807291828596588,-0.0396216143038608
"565",0.64694718047013,0.122724705849311,-0.0450378659748513
"566",0.640654901024621,0.116415661427558,-0.0223723649499384
"567",0.624754699422442,0.127465404534263,-0.0319233983300515
"568",0.620583650837559,0.0986681958905756,-0.0275469757775302
"569",0.60948105879777,0.105295354103554,-0.0450046973134548
"570",0.663327228617022,0.108127071341662,-0.0160419745798263
"571",0.605133454359257,0.0819889634488376,-0.065126014981337
"572",0.622817633395488,0.121464460572698,-0.00853345051348708
"573",0.661956423656972,0.124616027919321,-0.0109669698292081
"574",0.589255221097881,0.0666107344303927,-0.0364712103923072
"575",0.612814566962669,0.0753978851106512,-0.0549729143727768
"576",0.61352173100318,0.122968959765885,-0.0597181009474498
"577",0.576987956927275,0.0885062528329919,-0.0569210871743662
"578",0.62785853130433,0.0868355399069597,-0.0434378390388373
"579",0.604157163732804,0.0568821866804446,-0.0720848841742347
"580",0.632138755021331,0.0962319476528807,-0.0445798169696526
"581",0.59073945481106,0.0926635619904949,-0.0608132463594792
"582",0.658165509362542,0.0805074348665971,-0.0173307454818297
"583",0.608374484297193,0.0881688834828625,-0.0312000386177111
"584",0.577361292282925,0.112622718875349,0.00632715654538697
"585",0.633142670855397,0.0847761221917679,-0.0868566912704766
"586",0.684826854809349,0.112564518585257,-0.0159533771830345
"587",0.632177351359693,0.0980884446397615,-0.0542506973148014
"588",0.615930651362418,0.108272483590247,-0.0598377918499107
"589",0.628724662175375,0.13129877611608,-0.00579480878345242
"590",0.645053295880999,0.106640300261817,-0.0102996517319828
"591",0.637526725123096,0.109349772667937,-0.0381849926910621
"592",0.654421229036217,0.0545969983077524,-0.059514577173305
"593",0.584303705927791,0.0631777706919264,-0.0254556430786737
"594",0.664562808476295,0.071039153949538,-0.0469633203202308
"595",0.618798243162738,0.0343643413811954,-0.0225539094468917
"596",0.631566146881417,0.122391864927305,-0.00581045151045603
"597",0.607214822832009,0.0790269928511323,-0.0422068713024006
"598",0.666977740415442,0.0794386212966242,-0.0379886422638101
"599",0.657243096054373,0.100342020179631,-0.0365208805057064
"600",0.630436215301827,0.0711134536859122,-0.0405545268793838
"601",0.641598283551807,0.103441394969083,-0.0229223539914985
"602",0.561825837611933,0.0649491533060991,-0.0473927454854671
"603",0.67054918511705,0.0829373944480681,-0.0402789406519129
"604",0.68312520684513,0.114111279362604,-0.0396081493338238
"605",0.607201459041644,0.0906266290320375,-0.0328548809349709
"606",0.644512502025462,0.10145247617247,-0.0364586415434773
"607",0.616442766620842,0.106768928437612,0.0176514410897971
"608",0.617648923846009,0.123398915560144,-0.0627660550763402
"609",0.619172295852502,0.0904630692034842,-0.0250417948319991
"610",0.648545307710199,0.0983806191268372,-0.0597205401687588
"611",0.638785414360776,0.113930996245345,-0.0735769211493129
"612",0.643932560226265,0.0559611309054904,-0.0170318925623607
"613",0.648044406283707,0.0539932700267211,-0.0389740761154495
"614",0.596354346828018,0.0863419143595636,-0.0468070617012189
"615",0.66863664631339,0.0992980832536197,-0.0546508267743584
"616",0.631890250512128,0.077175862011336,-0.0363105841042785
"617",0.635942840001191,0.0530363193094555,0.00283320220096071
"618",0.674139368915006,0.0707721545826582,-0.0141236056259356
"619",0.684538062811605,0.134817754248739,-0.0197405995168062
"620",0.600653799523367,0.103532493849573,-0.0633806964691849
"621",0.663460573600228,0.0982719589772793,-0.0367256393602253
"622",0.584015884807863,0.0783722667169524,-0.0126563183979647
"623",0.596884090773948,0.069024836104242,-0.0309018108912511
"624",0.622773751310883,0.0488514565601685,-0.000461771627311452
"625",0.63887979488864,0.0753536704263401,-0.0130509534996132
"626",0.654878885996067,0.117176115909405,-0.0632329680585755
"627",0.581859707037295,0.0854977641549985,-0.0640648973508235
"628",0.631389415067164,0.146110085326278,-0.0349856932165758
"629",0.593892051323631,0.0670371978238957,-0.0288012544115926
"630",0.641450886388768,0.115530966662195,-0.0653873288991181
"631",0.64067667744445,0.0823159505749543,-0.0326566523558284
"632",0.624618900497083,0.042123824342852,-0.00342498562163308
"633",0.646460891865286,0.0895781997979491,-0.0705619116431698
"634",0.6085631889635,0.0839815756967588,-0.0220225691995952
"635",0.643943832374547,0.0826205180356983,-0.0244707916728843
"636",0.645748990892672,0.0911891319938378,-0.0241810327166465
"637",0.669517540090849,0.117223407419208,-0.0429008605632728
"638",0.610979383534753,0.0979445220580644,-0.010317817305143
"639",0.611245280911488,0.111019963444196,-0.0330592633868581
"640",0.623781117288558,0.114207713353854,-0.00133558637224753
"641",0.586805664855033,0.0770015003549853,-0.0391388199813259
"642",0.642395168526,0.11952847804606,-0.0394348733868267
"643",0.595679527571543,0.0378083885812789,-0.0155129119598677
"644",0.61859425844576,0.104568424715645,-0.0368141512742348
"645",0.670849739603824,0.0729741863240511,-0.0321794661699017
"646",0.563257476418297,0.0784873997577633,-0.0329580103713331
"647",0.644350962442461,0.0510423821180614,-0.0559755311769708
"648",0.567853683184569,0.0890302905146424,-0.0415087113641143
"649",0.639772850646214,0.0819234080567576,-0.00880877166620882
"650",0.592927783695422,0.0751344101213109,-0.0415100312236254
"651",0.654289233644598,0.108823266621692,-0.0865414963112285
"652",0.601953491859518,0.0896349801451504,-0.0328287961957178
"653",0.631405454209932,0.10617664114826,-0.0299630869400459
"654",0.574538331555605,0.0955611369194962,-0.0462476963316439
"655",0.62910311163545,0.089957369588938,-0.0269897633271027
"656",0.566436719992993,0.0970713131957083,-0.0635886587842692
"657",0.650039392568558,0.09171463958485,-0.0210229607266707
"658",0.618202080406485,0.0821756549986661,0.00277428550123163
"659",0.647658234213656,0.0882142097498203,-0.0503400354658853
"660",0.648089630677762,0.0839664111977544,-0.00827566261830006
"661",0.646953509552949,0.102692874473668,-0.0427505320827837
"662",0.60752094982772,0.0938629104753612,-0.0150819028076182
"663",0.606121435794251,0.0909852946652782,-0.0688700696028987
"664",0.664468577610113,0.0894849695360902,-0.02191872706311
"665",0.597920102400799,0.0760504912286624,-0.0628404319185814
"666",0.629470443836864,0.0589878702201139,-0.0374161128123867
"667",0.634655937015319,0.111368663402987,-0.0349822627373069
"668",0.639743889903378,0.08864899461746,-0.0638905372021466
"669",0.559113496100545,0.0692036962812037,-0.0611005071541478
"670",0.597007378188476,0.0942443638416107,-0.0503709022180067
"671",0.610138078236782,0.0946956946162295,0.0163068067912887
"672",0.612484570977452,0.0961532584883092,-0.0179508938615914
"673",0.625163070144693,0.0488043842435097,-0.0318286960588563
"674",0.624748069451092,0.0871294770012697,-0.0408656757426972
"675",0.644035501342302,0.111756281835727,-0.0159451465419307
"676",0.637607861750587,0.0802751877401444,-0.0125854410331254
"677",0.698688614669642,0.145792122113777,-0.0235033151498591
"678",0.662087725658178,0.125176502688019,-0.0103651466117902
"679",0.669505244343139,0.120830586561323,-0.042157413439323
"680",0.63696379011447,0.10431153635802,-0.0577870106807598
"681",0.659615154391161,0.0549971326692932,-0.0309155331018982
"682",0.616038445657885,0.0638438588681363,-0.0456778318575077
"683",0.620953797438927,0.118876675671881,-0.0107900971894239
"684",0.639883900805832,0.0981244491938456,-0.048102334912947
"685",0.609492590908915,0.0660212027922442,-0.0396588217053514
"686",0.617610392785672,0.0852530512534408,-0.0325095882111427
"687",0.629987559207458,0.0823104517437532,-0.0498389728920368
"688",0.563073478611429,0.120440582948693,-0.0461674424641088
"689",0.661011992064215,0.113550418180813,-0.0357379366882253
"690",0.626498720487856,0.103609580110007,-0.0446780405926165
"691",0.647663818676038,0.0930223754568683,-0.0122877634602452
"692",0.636684995437856,0.103181028438017,-0.0346799188743494
"693",0.631390866994011,0.0848921692609868,-0.0430359096188804
"694",0.667647357770698,0.0985315041606833,-0.0160422708678981
"695",0.654007028374492,0.0751537076628539,-0.0864083119428997
"696",0.670553185964798,0.0932966339683625,-0.0705581955251825
"697",0.665384898159656,0.0998765365748566,-0.0472424961823055
"698",0.63046587261186,0.101484993083362,-0.033595443664979
"699",0.643636295178263,0.0944357189741071,-0.0561494101439055
"700",0.644328463848103,0.0818872856840459,-0.0886478220641925
"701",0.666762567701498,0.108751421570568,-0.011480939056951
"702",0.64018062248957,0.111592948339775,-0.0578977118580999
"703",0.612509664091203,0.073850250366158,-0.0161522944320278
"704",0.615600892514178,0.109546658375489,-0.0211976226979872
"705",0.648498465672984,0.091551349564603,-0.0414790615460639
"706",0.613814253104503,0.111237221676948,-0.0522887287292097
"707",0.613282315285131,0.137199267859204,-0.0452334512840492
"708",0.648782263109497,0.133810107332277,-0.0413402337956698
"709",0.613211553208669,0.0514700836749736,-0.0526063071518772
"710",0.63766422043551,0.107279845872918,-0.0473075778648901
"711",0.6447061172165,0.105483286880083,-0.0301295168607117
"712",0.598143785164441,0.0926868044802072,-0.045012839860009
"713",0.601839442338246,0.111149096015716,-0.0441933494391865
"714",0.64960250802279,0.0749792941912434,-0.0491992359000896
"715",0.676657956223213,0.13056516859486,-0.0347379416531629
"716",0.650191598278398,0.0938098616220649,-0.057892059276069
"717",0.624998873027991,0.0786611047035694,-0.0458618949808862
"718",0.6568702632349,0.132796568530309,-0.02667064694397
"719",0.592323563549743,0.095704688563359,-0.0105371134044123
"720",0.637478376044459,0.108813534375105,-0.0783578727068622
"721",0.656973428927143,0.0866076695981391,-0.01690248299508
"722",0.626404985619917,0.132044432401698,-0.0384105736549117
"723",0.610252867013841,0.0776726145811442,-0.0293214120408257
"724",0.631600832188109,0.0778392328675787,-0.0361255171178303
"725",0.646354878384852,0.0522381546106656,-0.0430718415395974
"726",0.62960989909369,0.104726093327175,-0.0597943305645027
"727",0.628901888420797,0.103281365516913,-0.0160513571833027
"728",0.667346753524863,0.0849042483086286,-0.0456013456330358
"729",0.699199058318918,0.0772625578127218,-0.0114136076502711
"730",0.602625406519384,0.082553994940239,-0.0284079213668301
"731",0.608530338039728,0.136460174967922,-0.0128303699357115
"732",0.6219604772167,0.108310855578584,-0.0421076231994849
"733",0.648680230979502,0.133845390847286,-0.0159116351170411
"734",0.595892582739207,0.0724566688515533,0.00580429462782843
"735",0.578838496307706,0.0478828557008732,-0.0648900326114507
"736",0.595802791952134,0.100298061299499,-0.0234519679833198
"737",0.615296655946006,0.0899624040348508,-0.0634212045361111
"738",0.646061258961064,0.109438390391362,-0.0443646608297181
"739",0.645464910936669,0.108848066891468,-0.083606050779594
"740",0.631695042556716,0.0832582495072229,-0.0516371471806203
"741",0.672848899807834,0.095822668984809,-0.0267015168850215
"742",0.578865894353153,0.0584535373063775,-0.0191888938298788
"743",0.672955820790583,0.111262451830558,-0.0236138380870474
"744",0.640734044236841,0.143603442373082,-0.0739189459705806
"745",0.610085937517959,0.0806754509515458,-0.0280884527799595
"746",0.596766994818441,0.0725115886135764,-0.0359123987356815
"747",0.63664029996035,0.089732302167157,-0.023907522574117
"748",0.647552056894454,0.099061150090825,-0.0745439903134711
"749",0.644443033757416,0.090212833847191,-0.0640384087803167
"750",0.643014579793627,0.10182865463456,-0.0112829221730883
"751",0.622737677037434,0.103045960191456,-0.0303544096641252
"752",0.655532411855197,0.0712101837841341,-0.0600608010873762
"753",0.590481963731049,0.0939290124153847,-0.0436254024310432
"754",0.592990878390875,0.0643261745019037,-0.0496187649206072
"755",0.622350549600105,0.0516157967261948,-0.0109849305639573
"756",0.621542381749405,0.0649228178537102,-0.0802083263890014
"757",0.630566304139674,0.071655402742959,-0.0683653140381746
"758",0.670939750717454,0.121808039395926,-0.0425204400435278
"759",0.629127425867203,0.118142073094352,-0.050272612851559
"760",0.657920013478418,0.0969680444424938,-0.0449333164507002
"761",0.597600635758628,0.0899606730914306,-0.048439771599813
"762",0.625460544426558,0.119051525823715,-0.0263597257619499
"763",0.628643549809804,0.14128909911333,-0.0386661293278506
"764",0.599215133591914,0.0811679469244397,-0.0483424800809063
"765",0.651884900903028,0.14331477859279,-0.0476677185325737
"766",0.619486475046642,0.0846020899602793,-0.0745066869850081
"767",0.62654259668466,0.0754449383220668,-0.052871651046943
"768",0.675822865908354,0.113614877685209,-0.00310884843614739
"769",0.637464743943909,0.0596045683924819,0.00493699424807834
"770",0.61508669461474,0.0684254709155103,-0.00225339001238196
"771",0.674766480089204,0.0828834504563071,-0.0505086856304357
"772",0.62154906899601,0.0956457224794732,0.0090409682171452
"773",0.679611496744299,0.119356502263961,-0.0222954398243492
"774",0.626756021463292,0.0706620676318827,-0.0284010903149373
"775",0.704893808352302,0.0968759600569413,-0.0377116258985335
"776",0.584080934898142,0.121149507185049,-0.049502633825642
"777",0.590930011771876,0.0778299742733519,-0.0610486390538235
"778",0.627261148216082,0.0755763808908175,-0.040609140883302
"779",0.636253711059059,0.0867076884935421,-0.0353619434224675
"780",0.582855993140632,0.104118088020548,-0.0206741657786788
"781",0.666007044483901,0.0951488340621084,-0.059014371974349
"782",0.620737827549344,0.0436589839757788,-0.016170264923567
"783",0.675327881143595,0.112071841985191,-0.0170839895346636
"784",0.592241135943846,0.0861192872619962,-0.0128460171082362
"785",0.658971143733923,0.0991765808429792,-0.0211190044837413
"786",0.645436230548609,0.0656322790201014,-0.00899373303736258
"787",0.639208363164989,0.0651744939596769,0.00355910169390507
"788",0.637545474864048,0.103466840004836,0.0206430594169077
"789",0.675563068583488,0.111814547359697,-0.029641933399299
"790",0.645138518351415,0.101035803557052,-0.0144273984058445
"791",0.604579055538297,0.0674513862204206,-0.0559420580009644
"792",0.629343281307463,0.107528579229848,-0.0322211512762479
"793",0.615937039346073,0.0501200883842884,-0.0623802225034252
"794",0.615269916038005,0.0820590622391741,-0.0498846332279221
"795",0.596354161655827,0.127384691539871,-0.054456549025323
"796",0.644101565143968,0.127950314555117,-0.0114287364817076
"797",0.612318079471939,0.10531952860621,-0.0139762763465365
"798",0.643796181738327,0.117257930913348,-0.022973394339375
"799",0.672222514686267,0.0982007768780411,-0.0268733468119489
"800",0.63922949612234,0.0799473640455697,-0.0415965851271423
"801",0.696196620617536,0.110906051251692,-0.0345281111488458
"802",0.633714940503192,0.0846210804153318,-0.042273951611979
"803",0.634885757497617,0.0814275996617262,-0.0355300089625105
"804",0.601720032165552,0.108099028330366,-0.000402795053329533
"805",0.64296140784128,0.122529752171316,-0.059806230279
"806",0.620554932597888,0.0776781476455319,-0.0204181202046052
"807",0.607155396665783,0.116078863011082,-0.0315061225058107
"808",0.654109346436404,0.0812654662028811,-0.0501316669925744
"809",0.638629759683803,0.0683338749627508,-0.0376154780209217
"810",0.644750934276238,0.106690714522956,-0.000440645208956494
"811",0.601391148987632,0.0755900295497073,-0.082774732891166
"812",0.672888343214883,0.117564330166719,-0.0364128844964411
"813",0.666360531084874,0.0992982645720528,-0.025363788553502
"814",0.603388283388402,0.0549108235058538,-0.0220411473936414
"815",0.655881712387785,0.110775412728331,-0.0395397001840251
"816",0.620402005490617,0.0879211313326926,-0.0448320559737157
"817",0.645626384831508,0.137312664974786,-0.058502171404192
"818",0.639799022926764,0.11982572132011,-0.0341235065906213
"819",0.610963334067332,0.0980478179728563,-0.0450265792788875
"820",0.693676149195424,0.100697657913075,-0.00720162450931386
"821",0.635942603988311,0.116110040825224,0.00243716609870329
"822",0.59767165397924,0.0950423714325384,-0.0203436162905676
"823",0.692763441499078,0.0735103817940082,-0.030268157322634
"824",0.599657673963624,0.0977484117343134,-0.071879898320235
"825",0.609286499415815,0.0808843373098205,-0.0434816479043517
"826",0.597548149202962,0.11318651818002,-0.0433495048470725
"827",0.629673401543214,0.0613593314440178,-0.0424523529928562
"828",0.670805278101195,0.0937906348683174,-0.0558247872650339
"829",0.664363048685953,0.0830937188549205,-0.0616068023703271
"830",0.61952412430183,0.0934417413483085,-0.0272456408596261
"831",0.652521054110488,0.0830333279482669,-0.0383459912610322
"832",0.636122619014101,0.0739290563920897,-0.0308398447295952
"833",0.650909381847039,0.038869562137233,-0.0818590326263216
"834",0.644658124241814,0.086761315191618,-0.0268963290414434
"835",0.609480420407981,0.108360156225824,-0.0415503149430244
"836",0.627942142791796,0.0833027502397974,-0.051112285577001
"837",0.624200556957506,0.0709421225866705,-0.0251354297965
"838",0.64147412950549,0.083628143370032,-0.0452104708717782
"839",0.672607893987438,0.0900265396496183,-0.0234582085277118
"840",0.622531715336533,0.077607757474418,-0.0550697843232679
"841",0.588056600999245,0.090035765815311,-0.0301626762517747
"842",0.635361740550873,0.102413369439934,-0.0180240925004619
"843",0.628151598888294,0.0928446316446454,-0.0150196594877953
"844",0.638695582583289,0.141202625256473,-0.048636998686268
"845",0.624222087286578,0.109859566911503,-0.0359120105714128
"846",0.594121677009053,0.0669271404454771,-0.0621105459111182
"847",0.684325137450324,0.100045848106684,-0.0280469986206019
"848",0.617448704711368,0.0701997118825486,-0.045315614045546
"849",0.669465843315492,0.105301089211103,-0.0279930195599207
"850",0.64460419196545,0.0997157302906287,0.00258513729563378
"851",0.638927134800117,0.0995962173907069,-0.00195315747109728
"852",0.672804275915371,0.106601492568553,-0.0723246449552568
"853",0.627748331077341,0.0995104208272638,-0.0204478271638541
"854",0.602223675902446,0.0903960926290439,-0.0402502170548845
"855",0.649701746214566,0.0964958321073148,-0.0205232085156996
"856",0.598441884382367,0.0911855934849556,-0.0557460137656049
"857",0.625299549543771,0.0865548870522627,-0.0305570774054422
"858",0.591566295200236,0.0842093256340494,-0.0297279167781428
"859",0.646349964212892,0.115061807355774,-0.0264945663838422
"860",0.618875831917085,0.0812593766503662,-0.0211493485808868
"861",0.571337661504747,0.0369422116261727,-0.0985343944616537
"862",0.602990709305036,0.0778505874060245,-0.0769656380313422
"863",0.674600048451558,0.123454772779829,-0.0509909494334337
"864",0.635005437968043,0.12779374853628,-0.0258166522859431
"865",0.670357468475635,0.149393454176384,-0.0242689389127882
"866",0.639989626166905,0.104340972551447,-0.043963128539891
"867",0.635177085513492,0.108608083875199,-0.0526602439215731
"868",0.651796113951029,0.0987078219735239,-0.034782080123038
"869",0.595444637869444,0.060740313901187,-0.0421642306320523
"870",0.576692048773738,0.0788565608790321,-0.0283643801376172
"871",0.621465016483627,0.134310275751984,-0.0746204111569128
"872",0.620194989776704,0.104316439370954,-0.037811955717292
"873",0.670610169987812,0.124171178726061,-0.00789863894179161
"874",0.70299484278219,0.0634687326513841,-0.0187692377848153
"875",0.658259266174458,0.0868714306307957,-0.0408410601664984
"876",0.604639902654314,0.0887188504357567,0.0150303755862334
"877",0.649980767876415,0.100022377364701,-0.00558475525550776
"878",0.698133572863582,0.0627433043749803,-0.0203035270934531
"879",0.66793712635182,0.0927393002756795,-0.0127525061808109
"880",0.64598968871293,0.130882961623308,-0.0285335219111703
"881",0.576386418478888,0.133630417615014,-0.0446919855721436
"882",0.640746682331557,0.123801285290371,-0.0407519318576309
"883",0.626648265733929,0.0867233552914023,-0.0441347242003866
"884",0.620413659339656,0.0629562809869739,-0.0238352644789619
"885",0.641306117725393,0.0982580122949458,-0.023645839984302
"886",0.668659853301391,0.108528811704561,-0.0306498906852092
"887",0.617634267101795,0.118316393211848,0.00143745738879214
"888",0.659383691055635,0.0797621649469709,-0.00385303923837566
"889",0.62571672268618,0.0459383411675859,-0.0437096603045713
"890",0.654350722033642,0.0752087010946991,-0.0472309292644635
"891",0.643809218191025,0.066006016806031,-0.0234931109284409
"892",0.595888196438798,0.100187781007081,-0.0394657875364095
"893",0.668836753411999,0.146634535120298,-0.030268804443127
"894",0.659057031283761,0.112924614339238,-0.0335141716681882
"895",0.664186768590258,0.0858652223702831,-0.059759177392998
"896",0.607542239891429,0.0989881296016769,-0.0564479399542719
"897",0.669154084975366,0.112820346112938,-0.0551109917363464
"898",0.664512047936015,0.0976382362821167,-0.0246826403052561
"899",0.637940516804372,0.0779004642476669,-0.0792880461997855
"900",0.632801116179846,0.105692420310133,-0.0155634148722303
"901",0.642711646681277,0.159064667175585,-0.0474932433955896
"902",0.605554565688548,0.0672300532883427,-0.00990738329593857
"903",0.629859144500248,0.101196987961495,-0.0157839185449399
"904",0.636739888413824,0.10157921605136,-0.0148191455120098
"905",0.614409218537976,0.0966031175286171,-0.0417878693813101
"906",0.632742846565023,0.124242148453272,-0.0777325835231741
"907",0.613721510792548,0.110448834467767,-0.0386404337100101
"908",0.657319190162099,0.125623784197064,0.000675624348843086
"909",0.601570306469277,0.0772547154515663,-0.00325285740690185
"910",0.642704829413551,0.0784079688111659,-0.042340178613769
"911",0.625395256009991,0.102930642450572,-0.0580237561813018
"912",0.693930256282136,0.0613104616961339,-0.0443764285124934
"913",0.64737448824292,0.103923521110347,-0.0794355422735707
"914",0.624264816803424,0.106930595293757,-0.0328080018391646
"915",0.633628504431634,0.0953383998978106,-0.0256111177601741
"916",0.630291965087033,0.0639449574388106,-0.0155893916381683
"917",0.695115230704654,0.0793603776579064,-0.0211931012508046
"918",0.64603846318123,0.117241631254273,-0.0215737914975813
"919",0.590313430436673,0.0701704119485018,-0.0724347067311462
"920",0.621122551854524,0.0926677030596682,-0.0234967135973292
"921",0.661213529009596,0.0637830853230635,-0.0523004561260649
"922",0.654498285216184,0.0997667929027832,-0.0475223638696165
"923",0.612848152707853,0.106233795472128,-0.0532186070467764
"924",0.642400960263457,0.152617992329382,0.000840296148916911
"925",0.611403242638625,0.0656340554056441,-0.0226942814185957
"926",0.661193729477861,0.0683925096978353,-0.01625682672358
"927",0.64669995557999,0.104146124922218,0.0126942159881724
"928",0.653531401418685,0.0768487514280536,-0.0575097085072352
"929",0.654457268837054,0.110511219708042,-0.0131627430448027
"930",0.637899865095678,0.10714032047468,-0.057782100238383
"931",0.6616957661808,0.101979454486302,-0.0433236150199535
"932",0.629390768174634,0.0928281842142978,-0.0168325451339715
"933",0.644667555565856,0.0741813566450047,-0.0068438110951042
"934",0.60021941823196,0.0882337301434833,-0.0448619921286077
"935",0.631616208909238,0.117187978075649,-0.0437084465796596
"936",0.605252864107472,0.112745192755104,-0.0378681665765987
"937",0.602168653604962,0.0945730237896767,-0.0293596571165433
"938",0.6363536800898,0.0866059569327419,-0.0268303744487457
"939",0.634798493860853,0.0925298439097053,-0.0441995060929041
"940",0.640451092735995,0.130496152562126,-0.0611139716720861
"941",0.639986055094988,0.116805503833013,-0.0620468889258555
"942",0.638114315125862,0.0712144226587211,-0.037946967624843
"943",0.599750151230021,0.0676757846524796,-0.0473171525583074
"944",0.599088077004386,0.0667966729151123,-0.0313074479378154
"945",0.652462587451902,0.118566969865414,0.0288481429627054
"946",0.653262615513747,0.0910986769579686,-0.00316432759523345
"947",0.665872366619421,0.12915928572583,-0.0866972715749535
"948",0.6270397467973,0.0951261186301294,-0.0628078945335486
"949",0.633884042580959,0.106402334824276,-0.0183331554465491
"950",0.633564110139261,0.0809825876165633,-0.0233444892440403
"951",0.661836298682514,0.0800882990495955,-0.0945956704452422
"952",0.656722846516118,0.0884770947104805,-0.0314681417314435
"953",0.641211394036334,0.0757131375513541,-0.0404094888751906
"954",0.616089255809417,0.0900413779857278,-0.0503831820757419
"955",0.672838055855288,0.0844169586275249,-0.0313718267361234
"956",0.604936546281918,0.127944018695069,-0.037294664922105
"957",0.626312438813121,0.109393096608072,-0.0900736679547262
"958",0.590267411240895,0.098243602601675,-0.0569169016833899
"959",0.654198912713185,0.100945710965705,-0.0283206104793419
"960",0.625932003313683,0.0879365564611314,-0.0105082004266484
"961",0.605124508210097,0.081351879323155,-0.0410990830112148
"962",0.641934401936876,0.0563483588048217,-0.0595028790241139
"963",0.602886877822365,0.0490062757777407,-0.0581942744873022
"964",0.623213991578964,0.111624517453665,-0.0458697630746168
"965",0.634960139554167,0.151123356627047,-0.0426666110901034
"966",0.607937028975985,0.127825867464133,-0.00505335830423964
"967",0.639000759310709,0.11428284677509,-0.0571055614888262
"968",0.660417284504056,0.0901355211887113,-0.036825272844117
"969",0.619652948888695,0.0963885913136661,-0.0334492241926499
"970",0.619724661386367,0.0861432149660031,-0.0617974971559943
"971",0.594415279060847,0.0712621355247916,-0.0667216284340983
"972",0.641188447481198,0.069808180801265,-0.0455358049797422
"973",0.598406663590315,0.058901720302155,-0.0306980107254489
"974",0.616399808285007,0.077690974148113,0.0217998240803944
"975",0.652698968398175,0.100153538699074,-0.0368285365346997
"976",0.6241638351351,0.0278056552472416,-0.0246976566243737
"977",0.653762234949723,0.134160765818645,-0.0391002961302278
"978",0.611124856555935,0.0774285453045617,-0.0481497577907561
"979",0.604733928921713,0.0639090981916232,-0.0348173343546904
"980",0.606755481067013,0.0875842459194978,-0.0589779444219259
"981",0.572954299455672,0.122761422058106,-0.028636178611019
"982",0.586173889176118,0.0934820592625415,-0.0500624268723129
"983",0.598872872359444,0.104494203588014,-0.0625344460474215
"984",0.608556505994673,0.0950064203312376,-0.0335313235337503
"985",0.624693399133002,0.0859595410296582,-0.0450440933570436
"986",0.61822566816574,0.0177751649785166,-0.0347358261520769
"987",0.661923477131918,0.0558455004329846,-0.0685503692654767
"988",0.646524117854359,0.073671053985957,-0.0219759582953987
"989",0.626978892053339,0.110011483224913,-0.0796029132408328
"990",0.638262634746852,0.108996483589821,-0.0275249160887508
"991",0.637956206758903,0.0692933898901442,-0.0106988636791015
"992",0.63909383520193,0.0831801654045742,-0.0318840560369406
"993",0.641528685251899,0.0871278907965852,-0.0520949231577943
"994",0.632306202588066,0.111603782101113,-0.0695739898025412
"995",0.643385172998488,0.0918215573326942,-0.0526363107388798
"996",0.65400819025345,0.0783945018991272,-0.0452731408589973
"997",0.60365564073382,0.0897229661803229,-0.00503890128796252
"998",0.61810220437732,0.0591368900931753,-0.0626800809499177
"999",0.617604834362314,0.0792592778326617,-0.00956090384558689
"1000",0.638750932018052,0.100852944245936,-0.0258883933380001
"1001",0.662503775446366,0.0897957700018956,-0.0342563125122662
"1002",0.61549144396018,0.0893814065796427,-0.0656376663429248
"1003",0.620120579578108,0.0601143117596603,-0.0381742458107113
"1004",0.595317749789791,0.120423379894721,-0.016263797305505
"1005",0.552010109989828,0.0651216054329909,-0.022408382546969
"1006",0.680019533884129,0.0837991383968098,-0.0483985321423995
"1007",0.650621776278114,0.0919836370722706,-0.0424183734233406
"1008",0.672730996888454,0.0965543916971046,-0.0328409002156083
"1009",0.59694709192387,0.091617007907034,-0.0538241594547282
"1010",0.618779517905018,0.107684897254784,-0.0510907719787333
"1011",0.63870239204941,0.123685384988433,-0.0699136772811311
"1012",0.615100261882383,0.0982626330670348,-0.0268731157886467
"1013",0.582451786165711,0.0452366450541216,-0.049676115972863
"1014",0.645378201944359,0.125672987728613,-0.0103041396415854
"1015",0.63543239272365,0.0954251319412359,-0.0629466526746092
"1016",0.620706932526629,0.110151507476252,-0.00929087870673715
"1017",0.648896569874913,0.109057726188085,-0.0515815895511291
"1018",0.69181258180487,0.10190355087224,-0.039232887572265
"1019",0.642839783481798,0.0770262900468092,-0.0335733536247666
"1020",0.650122389057756,0.113401265606631,-0.0780261192466817
"1021",0.652780558502803,0.0603947831791819,-0.0723720922476216
"1022",0.680838539558042,0.0760712250915086,-0.0198648793003126
"1023",0.64112573846643,0.117543260555059,-0.0338430489648226
"1024",0.631537914404273,0.0303674781443206,-0.0322188280399083
"1025",0.620924078411209,0.0871349871393965,-0.022479528358028
"1026",0.632852077513376,0.113620993893461,0.0146534696423776
"1027",0.644454422811652,0.0658154578474677,-0.0347123606068872
"1028",0.654864429351591,0.105513736343498,-0.0135070913319259
"1029",0.673222212435242,0.105640658948896,-0.0749474625355756
"1030",0.663837405330834,0.0814933259370566,-0.0168811369912944
"1031",0.622230379113662,0.0681444653290124,-0.0461562910895166
"1032",0.670694255005495,0.101024251330584,-0.0236908213737085
"1033",0.599680011781473,0.0585331595851318,-0.0383299655685319
"1034",0.61137293833899,0.0829884569931257,-0.0144687281736683
"1035",0.597860774456142,0.0862486218405153,-0.0512566514130172
"1036",0.681034790247222,0.125475402234624,-0.0368400804863801
"1037",0.65976878826332,0.130793236894856,-0.043898635374013
"1038",0.609093294001904,0.0825496159099926,-0.0576412802255959
"1039",0.574784814115817,0.0534359007826657,-0.058694259609083
"1040",0.649308313925088,0.0973124454299435,-0.045095007544532
"1041",0.61495806499305,0.079490982978966,-0.0249708381695836
"1042",0.67767654590258,0.17475739662561,-0.0190516333013344
"1043",0.64175737354513,0.119902595000205,-0.0322140468647503
"1044",0.634888557980433,0.0596435613494514,-0.011867318200889
"1045",0.652957757365017,0.130961085996978,-0.0283014806703885
"1046",0.598176008361496,0.0966430670891646,-0.0567333529980513
"1047",0.648407568303782,0.113798462039187,-0.0693666758210417
"1048",0.616546760311475,0.0833939611404414,-0.0724231435694681
"1049",0.679197121298872,0.0849408292608184,-0.0530492209170738
"1050",0.654706236499288,0.0753492778220461,-0.0357513854371779
"1051",0.635978589796366,0.0980112985456629,-0.0514545524637074
"1052",0.68041616451682,0.0526628997458122,-0.0930659727872722
"1053",0.574782649346587,0.0756912442199329,-0.0576226506082852
"1054",0.625074458460605,0.0994095058176576,-0.0674313210944548
"1055",0.664544287430822,0.0878291803975858,-0.025873027174198
"1056",0.622031634305491,0.0910307627846164,-0.043424353574395
"1057",0.638849435934776,0.129480468409757,-0.00821283356655796
"1058",0.635216044371749,0.088267734133142,-0.035232876868782
"1059",0.660323800825566,0.13269532953445,-0.0189749391502706
"1060",0.631286103352079,0.117419672625999,-0.0340290644586863
"1061",0.594795013988565,0.108879709502793,-0.031235930946551
"1062",0.611786401555691,0.0787459875656326,-0.00668705320471964
"1063",0.658254128513168,0.12073428326099,-0.0478519832660525
"1064",0.668417813248624,0.111968291823513,-0.0535270669198296
"1065",0.601293655282845,0.100659715254255,-0.0259659110713786
"1066",0.667018684029366,0.0873025668776374,-0.0327384549294679
"1067",0.613343957251337,0.0934722569010275,-0.0691626277804298
"1068",0.614485095591166,0.0912470837749667,-0.0494781722282033
"1069",0.645503652971492,0.113073476171849,-0.0255371180826733
"1070",0.637390223628009,0.103705999516404,-0.0159965709432793
"1071",0.599821988074195,0.140397171569235,-0.0363257601457686
"1072",0.636425419464836,0.0510158759798453,-0.0744171537345367
"1073",0.659904187365293,0.0558777294093737,-0.0475866533758688
"1074",0.604072729248887,0.0689941040927162,-0.0417942310766252
"1075",0.67011574194001,0.0771891897654648,-0.0503206363686168
"1076",0.648992304010405,0.0471504148740527,-0.0491294519681108
"1077",0.640093786563339,0.104703669807885,-0.0345837645683702
"1078",0.590505906080137,0.127910881719677,-0.029377594680486
"1079",0.645180284475468,0.103267972150136,-0.0202077935046568
"1080",0.572764361408257,0.0871661375408557,-0.0174735100027044
"1081",0.649614798826629,0.0731942877017751,-0.0399187315804605
"1082",0.647534125298384,0.0910999161352277,0.0150442446097976
"1083",0.643682710614087,0.0764039818913194,-0.0421856369000927
"1084",0.650027614636867,0.0656050922359012,-0.0522166068156381
"1085",0.598261507610232,0.103072987956092,-0.0148922065272685
"1086",0.604382683213241,0.0687456812992657,0.011107540010986
"1087",0.621722665698498,0.0789770494718838,-0.00898922109160362
"1088",0.691808514907183,0.0817961295624561,-0.0296835182111764
"1089",0.656118750889517,0.0460678092376078,-0.0316916407694426
"1090",0.655145964240922,0.0793632906010008,-0.011290342286918
"1091",0.621632828088779,0.12473191460914,-0.023915095603438
"1092",0.656304974561386,0.0816748354239583,-0.0601584302370286
"1093",0.606705737618025,0.0687014018527937,-0.0399232244864146
"1094",0.620715835500906,0.0741894776174875,-0.0325544835932938
"1095",0.638426499808472,0.0599790156889319,-0.0565095044198019
"1096",0.637520798587523,0.0885267242674069,-0.022043293131521
"1097",0.651980496682808,0.0951106177779919,-0.0325315033508624
"1098",0.649436420350873,0.132910921131104,-0.0231756241117719
"1099",0.631319329359356,0.07603688692465,-0.0657494888126385
"1100",0.629699749026261,0.0940923130535358,-0.0140476175299269
"1101",0.670978143986714,0.0914006165075183,-0.00593822678074242
"1102",0.588499064369123,0.0801736624160035,-0.0524326624477977
"1103",0.600489061202564,0.0727997124463965,-0.00155047241201476
"1104",0.668902194589997,0.0939831247164393,-0.0140490855962283
"1105",0.65965572098235,0.0768301588213056,-0.0405610597543799
"1106",0.617980223933867,0.131745585995257,-0.0140020596760214
"1107",0.609761691634565,0.0876295706971415,-0.0393075405712071
"1108",0.615142914523291,0.0502724740688612,-0.0575153587885809
"1109",0.640297647463988,0.0759946287854638,-0.0477351530417706
"1110",0.6251294233639,0.058088537541371,-0.0898616764593117
"1111",0.635158412865468,0.0690333505962828,0.00911518955286478
"1112",0.699747311419487,0.0871660507208911,-0.0618702437906302
"1113",0.644714680731441,0.0937391054769222,-0.00758343546592511
"1114",0.611856065282885,0.0777991772732196,-0.0242607623663184
"1115",0.621898492507816,0.0620289720000309,-0.0334441758824284
"1116",0.632820207098546,0.0595546708684067,-0.0557351976130293
"1117",0.677133133854495,0.105196782132547,-0.0269238308205313
"1118",0.638031781288591,0.101936869674916,-0.0636072472470116
"1119",0.603518466393238,0.0747938450332742,-0.0841672404390705
"1120",0.623084671779942,0.0950640929783623,-0.00876561803723839
"1121",0.680314122317436,0.0985211934471526,-0.02925104412766
"1122",0.705772999938012,0.0894338296208092,-0.0471817281567841
"1123",0.645316888510014,0.0612213796952351,-0.0674921210540716
"1124",0.649199790375201,0.100769992915408,-0.0124547512985552
"1125",0.593067671866332,0.0893863203580075,-0.0782210759443318
"1126",0.632157435297393,0.107922867576115,-0.0114563122686635
"1127",0.625165646828707,0.111762379136257,-0.0327513779143177
"1128",0.623166354288106,0.127640208780795,0.0152659244738753
"1129",0.571571009789104,0.0800752622293407,-0.0542023191614904
"1130",0.56405835321632,0.0844809605870338,-0.0235763607994146
"1131",0.576280808472081,0.0952702277213773,-0.0833511871639293
"1132",0.577761573652216,0.0762769654794944,-0.0540442443144468
"1133",0.605417542104313,0.0946201623010223,-0.0455261327985666
"1134",0.648302101155251,0.0960768630544799,-0.0271842449956388
"1135",0.604036520658518,0.0876760544708263,-0.0235622429321422
"1136",0.600836928771036,0.0952812786528446,-0.00585638721828729
"1137",0.619915936472086,0.114886847952568,-0.0194860950006972
"1138",0.613941272089,0.115116707857908,-0.0296197934656878
"1139",0.626527857195241,0.0475173593542155,0.00982930967325957
"1140",0.567422895664596,0.0593473901006584,-0.0299491103086917
"1141",0.650361241513051,0.0729899411780416,-0.0634726849195529
"1142",0.670594289171503,0.105355956104219,-0.0569879260623682
"1143",0.630700240440126,0.0973478423150356,-0.0104055318894875
"1144",0.661960907619204,0.136775820729559,-0.0386115645756048
"1145",0.63538619752744,0.0951023949561758,-0.0512106122216663
"1146",0.667031054208295,0.0730110803271063,-0.0233550536673399
"1147",0.626160124581741,0.110256396600393,-0.0348551010907406
"1148",0.58645845109484,0.0756534203912447,-0.0291520239927003
"1149",0.635506752057085,0.137135652806948,-0.0503520899332041
"1150",0.616865206494336,0.101811748665333,-0.0511383062319264
"1151",0.633211832659921,0.0849141046750437,-0.0348805726593078
"1152",0.647509243459914,0.0315314365482477,-0.0207658052665178
"1153",0.59766909779999,0.0868000487897001,-0.0286383493124524
"1154",0.641247197557531,0.0982503564745938,-0.0291108031221977
"1155",0.629981012941936,0.0398264287642785,-0.0369417270901088
"1156",0.561248947925257,0.0954516372141467,-0.0410693066229687
"1157",0.668622481068951,0.0769254906298728,-0.00929598117361577
"1158",0.67190958541741,0.0838911053804161,-0.0242725757331362
"1159",0.62695490895867,0.0462406447230713,-0.0264906207712643
"1160",0.623639679687394,0.0866784390722802,-0.0132325489394336
"1161",0.621074739171687,0.0695106103867839,0.0140184025944973
"1162",0.646316393346343,0.0632914043697921,-0.0297774542187224
"1163",0.629404986675969,0.0565253274773056,-0.0372678254873298
"1164",0.672146033290936,0.0880550057370723,-0.0131979482629441
"1165",0.581599004375554,0.0543374159449302,-0.0253934633689707
"1166",0.639897560302322,0.0920393041460382,-0.00849272180079203
"1167",0.650463221734573,0.0800819093987229,-0.0264749328955538
"1168",0.620248254399431,0.0888674676197467,-0.0381251862532147
"1169",0.613028132519311,0.136852359064772,-0.0256294770055418
"1170",0.621622993782242,0.0966835128824982,-0.0405403290945328
"1171",0.586404323056564,0.097166459164684,-0.0246808513766686
"1172",0.634377087401431,0.0920838311996228,-0.0226108427488308
"1173",0.623107374214991,0.05592382357684,-0.0374001882106967
"1174",0.663561320577489,0.100223372813372,-0.0191013351913954
"1175",0.613902028656854,0.0618476603638448,-0.0137157414275212
"1176",0.638565016086427,0.0662220421508566,-0.0359905759533611
"1177",0.678532355298076,0.119593939826547,-0.0452546274740074
"1178",0.633962148024065,0.106992031904032,-0.036163276102788
"1179",0.654571599162215,0.10204607352635,-0.0681412203675227
"1180",0.625539904593255,0.113450715258582,-0.0797777374685388
"1181",0.602857953202206,0.110279833747433,-0.0442913346779669
"1182",0.636317611890631,0.0567529343563507,-0.0498110488689831
"1183",0.627585776052666,0.125820098576047,-0.0253343323869788
"1184",0.57153921789662,0.127608040112414,-0.0785983183545916
"1185",0.604132156442108,0.0765196557800302,-0.047689471483701
"1186",0.599555706657325,0.10150862467556,-0.065682990498193
"1187",0.612764715556882,0.107572469331835,-0.0105800581453401
"1188",0.602183119320349,0.085310987550721,-0.0751385329895145
"1189",0.612964606570805,0.054752238516853,-0.0468186752109684
"1190",0.605098787087906,0.0489866854198349,-0.00108759645981658
"1191",0.639043675871971,0.06665532328864,-0.0182937213413089
"1192",0.627360386788772,0.11607626030469,-0.0171669729141269
"1193",0.669802496662375,0.0857295278938127,-0.0428631326349935
"1194",0.608671167370715,0.086140509870369,-0.00425080262013675
"1195",0.599301532848642,0.0960930172384405,-0.038011658278527
"1196",0.67055170721052,0.0654589458610385,-0.0705276781293163
"1197",0.619595256375335,0.0423122560121009,-0.0202248976031462
"1198",0.657220819850143,0.0962146727730675,-0.0619570064425692
"1199",0.633486543720141,0.123178247569566,-0.0360848508115091
"1200",0.637354858848792,0.0682025118505529,-0.0679325132430213
"1201",0.642696629198016,0.108462533047889,-0.0328338631566935
"1202",0.601061343880128,0.0840823328362586,-0.0661952335070811
"1203",0.631706204523972,0.086954678451807,-0.0698805542627189
"1204",0.619025236412182,0.0918636314071927,-0.040514707079747
"1205",0.614322116698085,0.0669559267163294,-0.0501582976059173
"1206",0.628258407889094,0.108687485683568,-0.0034252170193531
"1207",0.695299116722388,0.105310523683903,-0.0238476986715528
"1208",0.62258342390318,0.0922036324989989,-0.0300831711476486
"1209",0.669260357740057,0.0771252469385316,-0.0642668543392902
"1210",0.623957057445963,0.0693345458815269,-0.0197383911726853
"1211",0.621023650878027,0.0829127835475816,-0.0112353273153832
"1212",0.615334929972429,0.0915915712762758,-0.0308546624988594
"1213",0.659665008570725,0.0979859475670276,0.0096240182773059
"1214",0.623645339173634,0.0460993764793516,-0.0496057303492687
"1215",0.657882119882172,0.0681745485217787,-0.045324964767424
"1216",0.626120027747586,0.0999784116930081,0.0113182707059162
"1217",0.610805828462686,0.0692854361856985,-0.0769512816047614
"1218",0.64876813029438,0.100420463109042,-0.0511634432554528
"1219",0.626312259074574,0.08632459443635,-0.0316578487144102
"1220",0.596500530566836,0.130422392824331,-0.0190505463780337
"1221",0.610982937641722,0.101030767113515,-0.0801994398113265
"1222",0.59625176491216,0.116338019245892,-0.0441894335840084
"1223",0.625797394516839,0.0762939257980042,-0.039033381137578
"1224",0.635270763004699,0.104890074841752,0.0106706045111389
"1225",0.610481457495715,0.0616950518663488,-0.0414513973957484
"1226",0.628920885166597,0.0879272909673943,-0.0570488545626745
"1227",0.594351985395088,0.0866407582032431,-0.0541936993294091
"1228",0.640254358142056,0.111743672785309,-0.0298638519839062
"1229",0.62071300076136,0.113664289990722,-0.0493094041293082
"1230",0.615342020206038,0.103987477763451,-0.0407735646923849
"1231",0.641672745464203,0.0948793988311389,-0.00655635804414952
"1232",0.593304583493374,0.0734366100959102,-0.0500219903143408
"1233",0.636607980425711,0.0563315975524633,-0.0568723541038801
"1234",0.642494753854553,0.0997022663394294,-0.0585614084623055
"1235",0.558751896107186,0.124698271339031,-0.0260026735814043
"1236",0.617684296651921,0.070338028336378,-0.0303628882800164
"1237",0.622668715736877,0.0718608271052655,-0.0398635225597372
"1238",0.641199139216346,0.0949291183421982,-0.0427100961648388
"1239",0.601234736944633,0.0698394945390465,-0.0315892597237974
"1240",0.613385442259082,0.110141605673574,-0.0396929723419211
"1241",0.597880162165375,0.0871869354241607,-0.0236759946585756
"1242",0.614591886627627,0.119707742663209,-0.00674272591112992
"1243",0.614466516764829,0.0609049888002223,-0.0173622577393764
"1244",0.636285153333805,0.11407137648102,-0.000131165945279454
"1245",0.558376166567126,0.0629399243811391,0.00463496798635794
"1246",0.590148497127834,0.0770413773807585,-0.0527332192256926
"1247",0.608838907285716,0.126579640494806,-0.03968890695942
"1248",0.620726355103686,0.0890530446281378,-0.033598787304704
"1249",0.657626027007356,0.108488321183918,-0.0355176994898527
"1250",0.613919278767319,0.115711174190552,-0.0526515875027714
"1251",0.60159616750772,0.0784906491580169,-0.0413960976783331
"1252",0.625681830003892,0.0957637620393152,-0.0456543409698306
"1253",0.600776027640628,0.123461041910505,-0.0512680047424523
"1254",0.583283647152893,0.0857970005449248,-0.0314498663303957
"1255",0.609596951198723,0.0775425175286059,-0.0157132243175233
"1256",0.66162190870331,0.102327149609759,-0.0692865690909808
"1257",0.627473257000728,0.0605638058151638,-0.0540806486088528
"1258",0.617464983114582,0.104177831738202,-0.0329978612738015
"1259",0.640387602201954,0.129721732920595,-0.0206753615678912
"1260",0.557411696171852,0.0968616283615007,-0.0655579191302569
"1261",0.613518316759339,0.0731574311829049,-0.0425416663300007
"1262",0.66116072033186,0.0459952848118257,-0.0106673240072303
"1263",0.587962592522597,0.077621965513527,-0.0569789826816807
"1264",0.638521178731061,0.103674024327253,-0.0374392608504388
"1265",0.595740843911796,0.0945464491555122,-0.0377613288237445
"1266",0.641174439604783,0.134735182521117,-0.041370919188114
"1267",0.665157885557241,0.123792948543041,-0.0218616843885187
"1268",0.645538731773344,0.0984955711122641,-0.0387925464313876
"1269",0.586259156923508,0.0794757130550819,-0.04570828772467
"1270",0.585956609753559,0.0550204352171499,-0.0540253702477407
"1271",0.613243890887993,0.0809052098618686,-0.0463116750888693
"1272",0.629830683856718,0.102589327146441,-0.0659698306980223
"1273",0.615901303450991,0.118624681518995,-0.0153371486179471
"1274",0.600661914853083,0.0921166170448443,-0.0727750012045715
"1275",0.594757391355801,0.0914105855868004,-0.0921117330585117
"1276",0.61298960607339,0.119798616130814,-0.0519968348208201
"1277",0.616327190212742,0.0588096742859993,-0.0425770275802251
"1278",0.693192869912598,0.130348743469871,-0.0298416305062076
"1279",0.631460106619401,0.082059314400199,-0.0509781663612813
"1280",0.671384667129534,0.100128768562636,-0.0236441096889871
"1281",0.601825060289211,0.0864043666606685,-0.0328428447419899
"1282",0.603400694904401,0.0805341823078313,-0.0266893743255264
"1283",0.630132955101578,0.0658543063534613,-0.0545327245426573
"1284",0.611176046472967,0.0666821449746184,-0.0350080733699953
"1285",0.568647739936303,0.0672551866851019,-0.0145254288929552
"1286",0.614986984366243,0.105898562095489,-0.0457049746201336
"1287",0.645612839823802,0.131143540025958,-0.0233259283287043
"1288",0.622435052054851,0.104562531691795,-0.02992645043369
"1289",0.63455629036241,0.129380228842317,-0.0118031416732832
"1290",0.613673758127005,0.0805070642462207,-0.0515761913007935
"1291",0.611173229017307,0.0664458843966687,-0.0347694574286093
"1292",0.665514404070175,0.0935885366669461,-0.0206009308961123
"1293",0.636926249763679,0.0657698793009224,-0.0711008207013483
"1294",0.611709063112297,0.121380294035188,-0.0122343243912192
"1295",0.633190404262647,0.11678420388575,-0.0563298937049774
"1296",0.596559665386585,0.111959782306315,-0.0737550364654929
"1297",0.625623956032218,0.0739269093371203,-0.0492293688912668
"1298",0.639768234928501,0.118494647673692,-0.0179928520735459
"1299",0.645655973021275,0.0900419612117716,-0.0999828974026119
"1300",0.642809769491042,0.103571135067621,-0.0350116848354752
"1301",0.63210572926938,0.107309786245788,-0.0279563517238228
"1302",0.624709233331088,0.103997633900473,-0.031024626486549
"1303",0.634875608786899,0.110839622566798,-0.0530248694355544
"1304",0.644555767345536,0.130974949074997,-0.0996839207347887
"1305",0.574511864627049,0.112473418240225,-0.0310720253860988
"1306",0.632219929980255,0.088388200099269,-0.0303686071033814
"1307",0.622045007908024,0.0613258389516536,-0.0202092526459441
"1308",0.648681312300777,0.098553346177872,-0.0402975549544582
"1309",0.588880370356789,0.10909567096889,-0.0453755376163816
"1310",0.682313812501067,0.0954467471268783,-0.0593008706738735
"1311",0.60802416346557,0.110210093692773,-0.056391274985414
"1312",0.619876562769398,0.0829735933395319,-0.0400066204785623
"1313",0.608165824138279,0.0845424292535528,-0.0444700126666198
"1314",0.667893436630099,0.0988078925581623,-0.0820149165980004
"1315",0.667231507670551,0.0903613420339815,-0.0345949982134605
"1316",0.664751558793837,0.0838413819836261,-0.0449792523149117
"1317",0.574494759756794,0.046995649995733,-0.0871619507451598
"1318",0.625084487166394,0.0902627068290247,-0.0336469782948238
"1319",0.630893806166042,0.105545676594239,-0.0586148804331193
"1320",0.618411862221362,0.121790748600236,-0.0433242486326209
"1321",0.657114683882676,0.103835050080193,-0.0347583167190868
"1322",0.593009374756316,0.0941187299723522,-0.0296895183326274
"1323",0.642532792329592,0.107093058637232,0.00241536405704928
"1324",0.652105131501801,0.107775876010415,-0.0358429981155078
"1325",0.596855910510294,0.0869139019286336,-0.0385720477019737
"1326",0.64436074128883,0.100936041918346,-0.00558675582146358
"1327",0.637307000324886,0.0692653714664454,-0.0340909321962948
"1328",0.627813239734515,0.09208606966146,-0.049855896077003
"1329",0.600605548834495,0.0911032639185933,-0.0335839471962064
"1330",0.620492464431021,0.0824659053395117,-0.0200675337222281
"1331",0.606335302180653,0.106506248830806,-0.0289286668730659
"1332",0.621751311593906,0.0731564166069202,-0.0282809527261774
"1333",0.66245254116849,0.068837112082515,-0.00835343604366129
"1334",0.615474661191246,0.0960586914414939,-0.0416502105033584
"1335",0.617641889487811,0.109932308409573,-0.0188497656134397
"1336",0.643089956823345,0.0704215568118034,-0.0291921180266286
"1337",0.596012584057102,0.110190366274633,-0.0446527107793639
"1338",0.628617968805918,0.0919465971041967,-0.0416977278412034
"1339",0.652261519522231,0.096127189133471,-0.00225080619249868
"1340",0.621106579058583,0.0821301919666386,-0.0367420211084461
"1341",0.64759189186954,0.0878641119309446,0.0028540875251904
"1342",0.676512869416363,0.0803913981625581,-0.0257936799103849
"1343",0.622706738049958,0.0503133720193002,-0.0445870766078554
"1344",0.668440472169831,0.0639616360374698,0.00638500133659583
"1345",0.659546878559891,0.128443416818218,0.00395872600216392
"1346",0.606798477693102,0.0869024961728343,-0.0219634685381559
"1347",0.638837794642173,0.12455867303697,0.000559451687146939
"1348",0.662760194239375,0.0781536440837243,-0.0158058123848857
"1349",0.65102623623523,0.0900112918872761,-0.00746459909530942
"1350",0.631176530120347,0.125140137293576,-0.0371439231320608
"1351",0.647920018793001,0.0991386490200643,-0.0531894548927325
"1352",0.671869517624124,0.0870233862196732,-0.00826425501983654
"1353",0.605819418678337,0.100281272016924,-0.0333472551162832
"1354",0.598790001924027,0.127808021100643,-0.0440624012388705
"1355",0.620682538021095,0.110850221672051,-0.0161873737698505
"1356",0.67694075061041,0.0642917398399338,-0.0695385666190606
"1357",0.637197329707014,0.0912629304245657,-0.0363818755789013
"1358",0.646842782859467,0.100769123120503,-0.0330279837486801
"1359",0.637660390900681,0.101115299650237,-0.052777049683143
"1360",0.619553506489981,0.105837802417376,-0.0639739616293648
"1361",0.636311931870165,0.0924404453126828,-0.0128103535329657
"1362",0.627581428738569,0.0903244556131276,-0.0338044492708592
"1363",0.641476448076336,0.0935479734298424,-0.0383386916919934
"1364",0.638985229961912,0.102333214922286,0.00726147371743685
"1365",0.604480217501835,0.0815434667450578,-0.0156160440535728
"1366",0.618597101926743,0.0597837729615648,-0.0455436830208061
"1367",0.692739246199963,0.115803263312571,-0.0276018582301308
"1368",0.658224089009415,0.111172193668471,-0.0352618360298755
"1369",0.608581863984601,0.0384909850830462,-0.0132093816276372
"1370",0.598258756724753,0.0974431396633438,-0.0618531166220675
"1371",0.645495874782825,0.10069956800411,-0.0553005719969445
"1372",0.658900955677037,0.118020376612436,-0.0624503757907217
"1373",0.579762792855167,0.0642187107239968,-0.0160031331347829
"1374",0.584036392491714,0.103957305985048,-0.0049668436666208
"1375",0.648363444551263,0.0838326161934402,-0.0572424446204832
"1376",0.657671084124075,0.104532800603723,-0.0197745788656774
"1377",0.613181462635648,0.0967284548299003,-0.0465185162371153
"1378",0.632373581879837,0.102681079532839,-0.0628858135817877
"1379",0.640730847819264,0.0982307344009385,-0.0323227794323422
"1380",0.598706166213409,0.0897728757021431,-0.0845868124893566
"1381",0.64060423971468,0.118114401902919,-0.0297177254844755
"1382",0.625806390142967,0.100504432644215,-0.0297798164681395
"1383",0.612825350703113,0.123040531661015,-0.0638737819477397
"1384",0.626945202505201,0.0545246440673446,-0.0168121170946349
"1385",0.689049851343217,0.0946639142372532,-0.0133123644631911
"1386",0.581884340933113,0.105522465178876,-0.0492368356084617
"1387",0.644195641382182,0.0852319391319467,-0.0429178848403418
"1388",0.627243655974466,0.106230443964335,-0.0533079372742783
"1389",0.574242734826702,0.10809658386479,-0.0848540505664375
"1390",0.622353719832367,0.071296246425007,-0.04966468638429
"1391",0.628817710105138,0.0701748326293238,-0.0311286434714838
"1392",0.637018931782065,0.0874710083224626,-0.0136142136103912
"1393",0.61718741847112,0.0979463157843328,-0.0112956414977401
"1394",0.649655899580409,0.0947457468551376,0.00504926548861064
"1395",0.635740880094875,0.0974587248848414,-0.028256966952261
"1396",0.608190466567938,0.0829916133645251,-0.0486128446341545
"1397",0.627004732323201,0.0849851809134766,-0.0583272990082842
"1398",0.569498652200198,0.0813892280966577,-0.0638003460589711
"1399",0.627770872601558,0.124438948627524,-0.00179500905934746
"1400",0.6578415022997,0.123330533398304,-0.0583694098889345
"1401",0.62249263201844,0.0543888212684248,-0.00697495985210109
"1402",0.623392348363167,0.110545753682937,-0.0650261765102477
"1403",0.644532285210249,0.10655771361439,-0.0636579879746083
"1404",0.678616825271025,0.065954787120923,-0.0164783659805343
"1405",0.611780486617636,0.12271492800679,0.0164564548602647
"1406",0.640328783187642,0.0758937636011327,-0.0332858687937823
"1407",0.624604853223212,0.121275413116945,-0.0321011967973979
"1408",0.610879537693484,0.108788764972836,-0.0501538186002068
"1409",0.627980260409525,0.0816473107954544,-0.0571623409950149
"1410",0.624086828229817,0.0618643688132549,-0.03359191097466
"1411",0.630965264075313,0.111489853520382,0.00945507318597166
"1412",0.662516473056712,0.0718572551665827,0.0136550240303891
"1413",0.717406903579223,0.118150897912105,-0.0639541953292321
"1414",0.63411702423091,0.122593931703967,-0.0229639254755278
"1415",0.614326478549708,0.0893425017217853,-0.060877695190466
"1416",0.625304912015854,0.1224263326743,-0.0462064271462161
"1417",0.619648059007111,0.0867673662260767,0.0122995100566733
"1418",0.663944497350089,0.107193661674605,-0.0247504732384145
"1419",0.589247175843231,0.103210400472989,-0.0483101275212107
"1420",0.617589037204333,0.113014316857669,-0.0517112014616689
"1421",0.630967992718151,0.0837856572237347,0.00657037626865716
"1422",0.604408805178668,0.0968310193546971,-0.0506464681095124
"1423",0.622225530154569,0.0888310519803229,-0.0670311432766788
"1424",0.628028379382893,0.0645046794228878,-0.0352225263543317
"1425",0.633131687662932,0.102601535734927,-0.0752132597412113
"1426",0.610404363301513,0.0904117587641537,-0.00656166866416211
"1427",0.607457360849797,0.126263803558528,-0.0285625834172484
"1428",0.63008878594953,0.0779203138075706,-0.0321816422545361
"1429",0.590352166220701,0.0999523121987525,-0.0245501599814757
"1430",0.589657406225409,0.0868603115259229,-0.0380064130371151
"1431",0.610217148549492,0.137460409977484,-0.0268158220493705
"1432",0.638282965503033,0.0585219845474908,-0.0157061464841875
"1433",0.607482600903333,0.105218402659589,-0.00898708916933698
"1434",0.631233198969084,0.0699279871174591,-0.0622422777814908
"1435",0.606243499158708,0.0982245671369751,-0.0790083421707634
"1436",0.612110098306665,0.0691221782416656,-0.096737541180536
"1437",0.597981640271223,0.0981764215991247,-0.0485941353964013
"1438",0.578214311449628,0.109314518793911,-0.0605229917760697
"1439",0.619351620680696,0.102696731057492,-0.0452425992398105
"1440",0.60407933082451,0.0666394416139128,-0.0132865669005119
"1441",0.626449094484767,0.0952814113788023,-0.0409391630933054
"1442",0.626114195196036,0.0888674366470382,-0.012806915808394
"1443",0.64240765259048,0.101560195146905,-0.0233677396521959
"1444",0.611018009642686,0.060826054609101,-0.039939040913073
"1445",0.630332416704076,0.0801936056104136,-0.0254681516095617
"1446",0.655476800953347,0.108080733920055,-0.0137307367679584
"1447",0.684982608995946,0.0667976070790264,-0.0411526672918956
"1448",0.617712804242249,0.069898265547871,-0.0166382305680857
"1449",0.597193064527857,0.050305760925822,-0.0401884060270841
"1450",0.644285948130827,0.105512477879002,-0.0530496701248638
"1451",0.61648428226632,0.0835351835742335,-0.0293576277824377
"1452",0.626375495804813,0.0738302412085946,-0.0345844590660532
"1453",0.626613088927722,0.102852960048772,-0.0560355437084436
"1454",0.674650446805791,0.0741505085104003,-0.0604391662000973
"1455",0.597220332690661,0.0569719805619452,-0.0436122063963684
"1456",0.655145238433536,0.0740822274331732,-0.0188314064331599
"1457",0.680971767982815,0.0849657737413872,-0.067645362548208
"1458",0.649329212921955,0.0901708051861329,-0.040133291251255
"1459",0.622635749517372,0.0742584323289135,-0.0202569663369393
"1460",0.600089588334852,0.0960079359542816,-0.0342661261719755
"1461",0.625551586106297,0.10023871852429,-0.0736421549226736
"1462",0.581726724995497,0.0732674354704235,-0.00416811958604486
"1463",0.612096255907339,0.127587258837857,-0.040400528541885
"1464",0.608652620337436,0.107725514864447,-0.0263798458176663
"1465",0.654598235884342,0.0898291552205492,-0.016554758219989
"1466",0.603991502350483,0.0959975803310115,-0.0117278571372161
"1467",0.639151333143438,0.0853046741278342,-0.0402826134130932
"1468",0.617687509933814,0.0656542799055442,-0.0204097511126504
"1469",0.573514098247482,0.0725672945077827,0.0116716764525953
"1470",0.607414964298373,0.108867049576384,-0.0188087610743073
"1471",0.651139418833822,0.097769523886102,-0.0521520362229237
"1472",0.57910206370204,0.10241885310376,-0.0597710270929181
"1473",0.624144095757746,0.123475641105686,-0.0296184231936081
"1474",0.650615013154651,0.128593155563639,-0.0612929829658017
"1475",0.667722245708269,0.0669824598104092,-0.0257208273148059
"1476",0.612374189503019,0.054065715713797,-0.0369259471830272
"1477",0.648213471642838,0.0946411163200434,-0.000851639439968362
"1478",0.607571237752896,0.101837248585024,-0.0561574061323554
"1479",0.573509488365124,0.0753772958083083,-0.0102763471568673
"1480",0.60226550254323,0.0703229151970364,-0.0699469080944828
"1481",0.650028959411988,0.0591359886733749,-0.0123412966874591
"1482",0.62965101702464,0.0831859098210721,-0.00518233178602244
"1483",0.657770998991619,0.0698901094700013,-0.0179458070071283
"1484",0.653550587343186,0.0788498502679793,-0.00717668988309448
"1485",0.626784713811667,0.0588264029686829,-0.0178575032734639
"1486",0.618209643797916,0.121413407224262,-0.0370335490234803
"1487",0.65315185010591,0.0987182686646127,-0.0369769396986019
"1488",0.636419332146441,0.0587059536502895,-0.031768136469229
"1489",0.608332630016174,0.0988746941651265,-0.0357469410926541
"1490",0.638096610555927,0.0850367068619263,-0.0264796774608957
"1491",0.651963858862096,0.127586564273066,-0.0273984486719773
"1492",0.61210235019348,0.101843822621395,-0.0298450524401972
"1493",0.604115745226906,0.0974731517467432,0.00409221101400425
"1494",0.627043617981334,0.104404310345835,-0.0394310635248689
"1495",0.640006327805147,0.0603708306002518,-0.0461752010440536
"1496",0.671609982531591,0.0730583780320696,-0.0415967171677228
"1497",0.592403447384805,0.0906620120798765,-0.0212146132780426
"1498",0.626046918738949,0.0369053423309211,-0.0364524126026454
"1499",0.653645525032757,0.101101822873349,-0.0341755461072906
"1500",0.62698592530155,0.0953181246875754,-0.0427104670354953
"1501",0.581428680665622,0.0793332483506815,-0.011469519618722
"1502",0.641292211761026,0.121583726007187,-0.0713219745561776
"1503",0.656420223685091,0.105602695092736,-0.0190563694219852
"1504",0.611558499850485,0.102030465595578,-0.0522332220684954
"1505",0.681114620755597,0.0949193931531943,-0.0549762786537136
"1506",0.65745114507523,0.110667320214884,-0.0252190426898554
"1507",0.643146785462232,0.127413400917508,-0.0571782862426845
"1508",0.620156417322663,0.0748631594327706,-0.0454033400113314
"1509",0.660353855789748,0.0928587347713354,-0.0300105114911164
"1510",0.615866800665451,0.103540827889719,-0.0269983773523744
"1511",0.605736082813109,0.110769807731123,0.0175413439553431
"1512",0.644617969973299,0.0900463321437578,-0.0404369011614612
"1513",0.668459028334913,0.114640947717242,-0.0467850496356561
"1514",0.685001006680014,0.0641574565562253,-0.00265035903848253
"1515",0.640143146518601,0.112934409121613,-0.0217356515906682
"1516",0.657079754134193,0.109816668669454,-0.00214650358894913
"1517",0.626706075362815,0.0580716945693203,-0.0151172008093538
"1518",0.612988918261501,0.0404709617717415,-0.0882251089671302
"1519",0.657396536286345,0.103066217501604,-0.0357906151072502
"1520",0.610692856850859,0.0535262332593274,-0.0151739229071357
"1521",0.65902980483367,0.111569766565282,-0.0352197679005484
"1522",0.62041172631079,0.107850135137501,-0.0340596853137388
"1523",0.612364546053572,0.0832774659741514,-0.043757897016516
"1524",0.627082040672157,0.100116835837412,-0.0162680866901702
"1525",0.653974725821835,0.0921529514431876,-0.0494992516873173
"1526",0.60792802825262,0.0838442506977699,-0.0585225650490563
"1527",0.584683764352614,0.0798424678465333,0.00739884477644495
"1528",0.623662698474303,0.0634777426656641,-0.0271695199154688
"1529",0.615048826042838,0.0871913994442888,-0.0181823724512038
"1530",0.685664749613798,0.0993764774079675,-0.0443364859826336
"1531",0.68928719165113,0.0906110080414178,-0.0549241433948465
"1532",0.658884071371369,0.109322809578163,-0.0153900396526637
"1533",0.595225033501799,0.095317206586474,-0.0549384162257993
"1534",0.662888146317113,0.065968396899215,-0.0183113075691094
"1535",0.597455271810313,0.0759074729902458,-0.046257332968482
"1536",0.651778842189861,0.141716597560992,-0.0270993244034998
"1537",0.671642941884242,0.132872436009619,-0.00536140577328689
"1538",0.610082802817697,0.0749861151869294,-0.029398984416245
"1539",0.628367615855778,0.122983765154233,-0.0437427191972997
"1540",0.61289063069297,0.118304282863991,0.0127337502954917
"1541",0.599845438879917,0.111285099210089,-0.0280168540992434
"1542",0.593008540884699,0.115861419668294,-0.0559852140642983
"1543",0.595724909757659,0.103582291629849,-0.023008146914978
"1544",0.596074017366967,0.0831451746884373,-0.0602705510479547
"1545",0.630861132886387,0.102287368370484,-0.0192473095854247
"1546",0.627265627328961,0.138394749683391,-0.0635106990646749
"1547",0.667245466946717,0.110660413192695,-0.0322222648565786
"1548",0.642038513361793,0.076153725838235,-0.073739807992366
"1549",0.616637494864128,0.083504471095359,-0.0568113652587714
"1550",0.581565254824436,0.0975300697187486,-0.0434828355129389
"1551",0.629756130044815,0.108320872725059,-0.0264641601258307
"1552",0.650842359963819,0.130018234371858,-0.0205452679583615
"1553",0.62698250249501,0.109489323236335,-0.0354147163429674
"1554",0.619518212265764,0.135311965583882,-0.0441324345591725
"1555",0.63537773393282,0.087104942094736,-0.0330733622438806
"1556",0.662854775221166,0.114512553422786,-0.0161120337074305
"1557",0.581406884862429,0.0907796531751828,-0.0705054421694591
"1558",0.594559487426963,0.113092322120391,-0.0285126674213284
"1559",0.667558608337138,0.100753212877373,-0.0351203580991251
"1560",0.594684224863636,0.11528468626634,-0.0452352272282492
"1561",0.62173137769731,0.0773359311642133,-0.0276408475795213
"1562",0.610762405236148,0.113415591631989,-0.0212989101566353
"1563",0.655812328265605,0.0731643926615981,-0.0405394512867436
"1564",0.665647873838501,0.0508714193260753,-0.00861931552660327
"1565",0.629743922261066,0.0965398784415969,-0.00829955770469806
"1566",0.623338372968021,0.0385034374852882,-0.00223834160805674
"1567",0.625801555674132,0.0655921944693073,-0.0389865274334769
"1568",0.649968861533267,0.108363193131976,-0.0176048167761784
"1569",0.611050090351579,0.0877862957662538,-0.0383232284478379
"1570",0.627671188088164,0.0617629862987418,-0.0553628933688539
"1571",0.558751010395154,0.108636796444679,-0.0756345473710864
"1572",0.606831642311994,0.0438357933167452,0.00450141798372276
"1573",0.57955721632353,0.0627177945861065,-0.0588371125236926
"1574",0.610071772627288,0.102760898095664,0.00790260138773625
"1575",0.643532093734587,0.144518139794326,-0.0330026380694482
"1576",0.614918209831732,0.113407191218404,-0.0310532685920365
"1577",0.629714968621829,0.124507940036907,-0.0606274850578878
"1578",0.651354753269303,0.05484780001196,-0.0189831436712917
"1579",0.629945699021431,0.0861634808079466,-0.0245780870124678
"1580",0.608731795402776,0.12537780212921,-0.0242451921512544
"1581",0.602710799627599,0.100011176302198,-0.0299419872422681
"1582",0.59261300383164,0.113317560058199,-0.0351533165942836
"1583",0.628554429305624,0.106096467748063,-0.0271898096562424
"1584",0.597747674399948,0.0889431131719928,-0.0428711614331011
"1585",0.596145707518629,0.0975613638089112,-0.0258666121143188
"1586",0.667951619034672,0.0637831646237634,-0.0186973447983421
"1587",0.636353706431364,0.0885301495035501,-0.0131130236779172
"1588",0.573154687605615,0.086339035103267,-0.0403497927497551
"1589",0.620426894641128,0.0753345620915405,-0.0882109807876423
"1590",0.642009709847882,0.104978956076584,-0.0235252496338601
"1591",0.635458620153449,0.0876048179959208,-0.0861910412450593
"1592",0.638597337796147,0.063969322288248,-0.00603626020175319
"1593",0.638662111933174,0.122722431242351,-0.0557299770768444
"1594",0.63061592525245,0.069784093317673,-0.00763817865347177
"1595",0.605585775680449,0.0773384184517258,-0.050513256199539
"1596",0.624720571579636,0.107041093231189,-0.0350774996880768
"1597",0.627871290736867,0.101220869849388,-0.0481462837546926
"1598",0.606547334031323,0.0904517433183282,-0.0540050131060417
"1599",0.687442851042851,0.0776082825600021,-0.0654478024476782
"1600",0.62230566506199,0.0980980923285984,-0.0660464753028031
"1601",0.602503996335412,0.0490838607445544,-0.02263061470592
"1602",0.662614491919765,0.0890678524956151,-0.0483751803791126
"1603",0.651830571795286,0.0974532386505034,-0.0100786517818693
"1604",0.578800666724881,0.062535397984298,-0.0364598849751146
"1605",0.611426773165328,0.0874620162005165,-0.0754600721976454
"1606",0.60468975262724,0.0988556523277194,-0.0279815529837522
"1607",0.637909672857017,0.0984668004385255,-0.043650678123824
"1608",0.594392281503408,0.100549817020171,-0.0414339601486873
"1609",0.638680973537764,0.111870014143529,0.00104478716861765
"1610",0.581439343758762,0.0909978341057922,-0.0379079583749464
"1611",0.612771742391189,0.0953877620829838,-0.014341543276509
"1612",0.629451240790363,0.0791677678602267,-0.0489692721281932
"1613",0.642121884804682,0.0664001280606454,-0.0187408125012271
"1614",0.601749949993286,0.0708321194273146,-0.0586987419089808
"1615",0.664624225500427,0.0966306108926342,0.00301081370755272
"1616",0.622558684398971,0.0709324207773,-0.0195552205146118
"1617",0.616830021506848,0.0508876043957253,-0.106386288096795
"1618",0.661385397905696,0.05741904752072,-0.0633482673150727
"1619",0.651665254134238,0.0836187604021536,-0.0356959987841062
"1620",0.618720268528422,0.0779495835666764,-0.0124316938052733
"1621",0.649789221832295,0.099976371550263,0.0240047984998906
"1622",0.636185172745041,0.112636051335119,0.0174544471904421
"1623",0.606881097722085,0.107339318352683,-0.0296830934848542
"1624",0.67086763373063,0.105555254569204,-0.0566316321457395
"1625",0.628139434837231,0.0898439743244133,-0.0609021174588793
"1626",0.690192902708473,0.108060413451429,-0.0160671481122118
"1627",0.622736360209197,0.108566569799033,-0.0285244353837885
"1628",0.637476888074607,0.122302105696586,-0.0230759124935237
"1629",0.632166058980634,0.0981437045739687,-0.0172103384292488
"1630",0.655034597920361,0.111863103723421,-0.0422922420320513
"1631",0.662242407863127,0.135773071075951,0.0277299144686722
"1632",0.679957553747715,0.0999868141559935,-0.0260139263673842
"1633",0.621694046169986,0.0755796337073011,-0.0608987817047406
"1634",0.643325747351087,0.0969793333289363,-0.00831931715803517
"1635",0.633581214087429,0.101294617703004,-0.00833479072028818
"1636",0.616771296527829,0.0654108942700695,-0.0278363950007454
"1637",0.64360780393559,0.121629179255437,-0.0373340557088188
"1638",0.675263694867414,0.0898694329519216,-0.0308253672517821
"1639",0.60020687237563,0.11871590181641,-0.0245004912573615
"1640",0.616518829500176,0.0973925593759431,-0.04003579196766
"1641",0.666110650973569,0.105420403028279,-0.0191546603368916
"1642",0.627880763493848,0.094210268891871,-0.0284175556918299
"1643",0.628954374992931,0.138476084577478,-0.0648927679115936
"1644",0.587241844885513,0.0693318579441885,-0.031940440473957
"1645",0.641228872156365,0.098669178722127,-0.0373577325626597
"1646",0.611976320384617,0.0377608524835781,-0.00689435875017732
"1647",0.655973151263372,0.0895468397192223,-0.0554307992497065
"1648",0.62752983361828,0.0662706517302183,-0.00812684625750289
"1649",0.623729128121799,0.0702015509554425,-0.0392182065519847
"1650",0.649349164687675,0.115949595896304,-0.018105102105943
"1651",0.649870806758964,0.0890639387302042,-0.049791203531308
"1652",0.569319842004342,0.0845107643594189,-0.0344673540484082
"1653",0.621512054450918,0.0892547508149632,-0.0397575286350419
"1654",0.628789703107394,0.0956583826808915,-0.0340817849639268
"1655",0.596811527245581,0.114445071895017,-0.0443535625233802
"1656",0.656062237876356,0.0688610691818083,-0.0485470131496332
"1657",0.627580429363907,0.0773276132202517,-0.0302837877101998
"1658",0.693084403131606,0.0984514614486143,-0.0153627370449267
"1659",0.645383626918339,0.0522361301793387,-0.0417362764686238
"1660",0.627816297588142,0.100665852577244,-0.0198436567002568
"1661",0.676124859987177,0.126254875145035,-0.0244628317133204
"1662",0.603022740859641,0.109418748282492,-0.0353716271424281
"1663",0.632882001734679,0.0763402476019357,-0.0224462957516521
"1664",0.620310351371011,0.0999888864165023,-0.0360133555144187
"1665",0.669788673544401,0.133053002784941,-0.0276769135137506
"1666",0.660653931416001,0.0855207824485034,-0.0199520912022359
"1667",0.606563978545469,0.0995492954432783,-0.0374339037497927
"1668",0.635287460111041,0.095753171088488,-0.0213855240900887
"1669",0.656247309205742,0.105023801927337,-0.0229522267633711
"1670",0.622659240631009,0.100999297528722,-0.0375574719341244
"1671",0.615177401091609,0.108306700829139,-0.0245499777077323
"1672",0.701683344473973,0.0791633255501618,-0.0581315518702325
"1673",0.602878332606761,0.0553560934480183,-0.0185961075568435
"1674",0.655793377734587,0.0780939100015507,-0.0418376010626609
"1675",0.61623344957313,0.0850188943341373,-0.0589458522777817
"1676",0.634414028031859,0.108522489195761,-0.0500675672552275
"1677",0.605307700941255,0.0825413894005303,-0.00289795278103865
"1678",0.655707193651175,0.091392404630805,-0.0345219964784756
"1679",0.668742226297249,0.0985341153901133,-0.0450070731956173
"1680",0.62965299157465,0.0953665744592098,-0.0342236588428971
"1681",0.616898806481312,0.101119014656907,-0.0375839207815155
"1682",0.649785215571452,0.075156945984151,-0.0622109374550414
"1683",0.671554636842455,0.0829453398576512,-0.029659084797529
"1684",0.665065999438782,0.115101771755049,-0.0319295306643139
"1685",0.721931979555276,0.102141745261211,-0.00583896926943737
"1686",0.59861246433758,0.0863817283166382,-0.0265189548485259
"1687",0.661979698903504,0.0712964854606772,-0.0287664827454007
"1688",0.629640194076257,0.0992902816957106,-0.0371735626401612
"1689",0.66431156655118,0.0943743717208207,-0.060378439723088
"1690",0.6133335193033,0.0686075363394953,-0.0498666838079841
"1691",0.578686601068839,0.102784487245201,-0.0417795862034503
"1692",0.664192561070348,0.0860673647899137,-0.0663539299592738
"1693",0.581300720669125,0.0658622896186838,-0.0101277241025619
"1694",0.632439010242119,0.0648426338775152,-0.0183935838144454
"1695",0.650644172418242,0.070827322714816,-0.0508780982144258
"1696",0.624248142178705,0.0978796460521872,-0.0507773652288457
"1697",0.606787063579113,0.123720849438596,-0.0403691973577313
"1698",0.639807859662737,0.112250285548892,-0.0769012184194224
"1699",0.656877444525874,0.110608811230945,-0.0525436763365924
"1700",0.658245242256339,0.0885504954516319,-0.0524250988803826
"1701",0.664321324723183,0.0921551859340165,-0.0195965708370534
"1702",0.617307215325485,0.0773686533482058,-0.0177573884331788
"1703",0.611018325581014,0.0901531125403076,-0.0560284192535244
"1704",0.64258100610113,0.0738243670319139,-0.067426456116438
"1705",0.658600800207551,0.0837368705977098,-0.0494895070986736
"1706",0.663156777228927,0.115188759932322,-0.0565183917068662
"1707",0.624413823505979,0.078690707696039,-0.0240930839105979
"1708",0.6927138377966,0.138097326433023,-0.0280146404976395
"1709",0.64641850832078,0.129728882890333,-0.0374883001121288
"1710",0.579452579042492,0.0826209522062211,-0.0108293696054766
"1711",0.599055099996057,0.0645010934145563,-0.042540450237111
"1712",0.595381712404948,0.109767042807274,-0.062089714697199
"1713",0.672753162525238,0.0936652344722556,-0.0322625422933475
"1714",0.645439014785932,0.0763718291415578,-0.0385950888875557
"1715",0.619233886704429,0.0985926998879366,-0.0404144931330273
"1716",0.623719699512739,0.116634172109646,-0.0710466809026137
"1717",0.621803045180848,0.0456374518479733,-0.045635893317129
"1718",0.612600956149381,0.0765432537432305,-0.0796928942614485
"1719",0.633963935130677,0.10904085883985,-0.0324790915673152
"1720",0.584663848905777,0.0619766568365127,-0.0184880134610848
"1721",0.580164188297193,0.0853941514092079,-0.0433093077868573
"1722",0.606170779624031,0.083646076709134,-0.0369236598561988
"1723",0.63073677241763,0.111645170364472,-0.0542692840269731
"1724",0.685893889135182,0.134786636455125,-0.0355253305480586
"1725",0.597809168427877,0.0968631366228489,-0.0254463349092998
"1726",0.612912891401976,0.0788208179636357,-0.0232701267051576
"1727",0.666373943243187,0.0966385816990521,-0.00685808905986695
"1728",0.621059517610415,0.104365041369223,-0.03901922480308
"1729",0.622150465802263,0.137452617000312,-0.0280335020329864
"1730",0.589361137388127,0.102670704976525,-0.0136779301681359
"1731",0.664979474921369,0.123835639463624,-0.0181439798958402
"1732",0.67287165347342,0.0914419436647671,-0.0798903580862347
"1733",0.575359367389644,0.101129699227494,-0.0672195545928796
"1734",0.577188863442473,0.0700064477469514,-0.0285400936950324
"1735",0.653053664398183,0.150292230085913,-0.036355036616809
"1736",0.663304066754638,0.0950700041024763,-0.00869905625626787
"1737",0.644141847131436,0.078728752887689,-0.0160940557411516
"1738",0.633431695048568,0.0834277818547271,-0.0413460074714206
"1739",0.634358166599504,0.0878247299884568,-0.0207595988497585
"1740",0.623837948556618,0.0591555947686217,-0.0327785917535418
"1741",0.604175713203418,0.0869838676696558,-0.115602077494585
"1742",0.636299004546303,0.0953979490254007,-0.0236654721869844
"1743",0.641372442903482,0.0657496045266927,-0.0534988772353243
"1744",0.649715866292712,0.10553576517785,-0.0552789855722789
"1745",0.642469523162411,0.104256941463572,-0.0520980066912938
"1746",0.595640012497233,0.0935638485469114,-0.0164234143822915
"1747",0.650854160335514,0.111808976642264,0.0127460322359552
"1748",0.647906265551661,0.096685988788479,-0.0552462049108989
"1749",0.615244974044905,0.109153720405073,-0.0671998646222963
"1750",0.661414907489725,0.054419677609534,-0.0216288998886
"1751",0.646315619588671,0.0806140323478336,-0.00325782497736109
"1752",0.641393366183597,0.0532794934882094,-0.0421275954698373
"1753",0.572226029468763,0.105010300519543,-0.0536954734914627
"1754",0.6331822497604,0.100330016639008,-0.0642842989253233
"1755",0.664145308720283,0.0770517134025925,-0.0455807580470969
"1756",0.653886345569466,0.0830954500354635,-0.0540757326403375
"1757",0.627126060239566,0.134931960193852,-0.0584531840951609
"1758",0.639227611257368,0.105442222020293,-0.0518472771473818
"1759",0.605115972355702,0.107998473721271,-0.0532827152994653
"1760",0.614141677975943,0.11233944894527,-0.0437916595338177
"1761",0.667192855686942,0.114026676702695,0.00292410516022928
"1762",0.699457511471263,0.124149523118428,-0.043552536164924
"1763",0.617947284072347,0.125710149099109,-0.0515902303374899
"1764",0.694143266085186,0.0577124267914208,-0.00320185932652013
"1765",0.612278085704105,0.0923273091198469,-0.0244931343788974
"1766",0.613133901882453,0.0655943014823057,0.0116334248912405
"1767",0.644995842486873,0.0875118929956049,-0.0258704629669201
"1768",0.655002314610434,0.0983142127855515,-0.00993594160030315
"1769",0.622616291804161,0.0877172822534185,-0.0602924622342507
"1770",0.663653891549811,0.115521119840576,-0.0342812996231499
"1771",0.668005866573771,0.0906673537975649,-0.0260018350481588
"1772",0.600546644298447,0.105166194835725,-0.030561230405665
"1773",0.602548172702335,0.0773412719500737,-0.0411079610301663
"1774",0.571879637147237,0.076726393973789,0.0230652190919653
"1775",0.590927160927652,0.0719051061432942,-0.0396712881735409
"1776",0.622326603789827,0.111766178003974,-0.044059001559625
"1777",0.575670718177642,0.0606300166247571,-0.0595717357674009
"1778",0.654899897659587,0.106830050278433,-0.0528105934488799
"1779",0.576463940128865,0.0886894694857676,-0.0393062687591708
"1780",0.645347332857067,0.102589215002582,-0.0583101343183147
"1781",0.615836678084397,0.0878274129758237,-0.0373995309394293
"1782",0.690430515050655,0.0802785661010782,-0.00109562925554468
"1783",0.650866321549997,0.127670982150955,-0.0256868909241283
"1784",0.595333941951167,0.0983801621535245,-0.0480694660084771
"1785",0.612260440209473,0.0809596309646982,-0.0118129310872436
"1786",0.668842319955553,0.0725976626752442,-0.0416184977543571
"1787",0.618823909147898,0.0799468496794495,0.00016044042403271
"1788",0.61335165264532,0.0749534466207614,-0.0239741895956668
"1789",0.67587667110793,0.110372193666191,-0.0622901368439934
"1790",0.627954227422143,0.0814128239359946,-0.0320295298934694
"1791",0.661861390554653,0.0832741963997644,-0.0377725086047296
"1792",0.625556964096291,0.119426674814656,-0.0355076659441659
"1793",0.601211324906468,0.10659158073142,-0.030579745743481
"1794",0.63689870546478,0.0748035096043961,-0.0661021947850392
"1795",0.603821693128448,0.0989280793085446,-0.0149892408628834
"1796",0.626495106632495,0.0896357641733075,0.0107512979683923
"1797",0.587150536771536,0.0764341194216405,-0.0129942500748925
"1798",0.669523223775896,0.107047919495542,-0.0375873384231018
"1799",0.666670910010727,0.129227243231624,-0.034225675575627
"1800",0.625818890907269,0.0801456851968787,-0.0282503772141392
"1801",0.650271528719709,0.107706303627456,-0.0146410565440651
"1802",0.62689584832754,0.0943722929399922,-0.0434347250391956
"1803",0.639884719852382,0.100192476474661,-0.021728768618338
"1804",0.637182207561182,0.110314438862103,-0.0588182422884713
"1805",0.632479209219356,0.0688914046753969,-0.0342221787879067
"1806",0.662760026071901,0.0933989695293519,-0.0626471768482355
"1807",0.585336625004261,0.0716066524493353,-0.0299050691623762
"1808",0.63423986861726,0.0828316643503048,-0.0270653096243341
"1809",0.660783138206029,0.0987850340286433,-0.0348255715145012
"1810",0.660587466400965,0.119774383198445,-0.00361227942228635
"1811",0.628381077905526,0.104985471656983,-0.0070159662835757
"1812",0.599148325506995,0.129091058252239,-0.0353027934238061
"1813",0.650391151206191,0.0785461599846572,-0.0518341127407706
"1814",0.62220384822109,0.0604347175494518,-0.0112728495339137
"1815",0.637232671112412,0.126286537445213,-0.0426244272471561
"1816",0.633923907205009,0.0891693886956408,0.0109536252704654
"1817",0.60765814753041,0.0912755604960782,-0.0697633182732245
"1818",0.638287782900392,0.0915526134594295,-0.0477649137798218
"1819",0.655208741441785,0.0928548023713529,-0.00845335491581711
"1820",0.618053012692687,0.109160522205771,-0.0379704546244634
"1821",0.572370922435036,0.113510302237514,-0.0515823473852517
"1822",0.628316911859203,0.101553238732519,-0.024391916627465
"1823",0.648482113218104,0.130433252025571,-0.0194042137721715
"1824",0.636581734604369,0.0838265905203769,-0.0523675318010344
"1825",0.598412425020821,0.0812246063340207,-0.0426461120104073
"1826",0.580838806590091,0.0923360953529503,-0.0244083641353799
"1827",0.590224563717589,0.116373080455487,-0.0313313531824355
"1828",0.640383017788257,0.0872870015297207,-0.0377087221616125
"1829",0.582657874218063,0.0885669956933182,-0.0445664464009528
"1830",0.655319020243379,0.0748555590854833,0.00871600024423189
"1831",0.604944852849622,0.0994318389167186,-0.0200154008022071
"1832",0.647642622010971,0.108001290837065,0.00921523372597196
"1833",0.627281405151292,0.100331865690641,-0.00585654347172333
"1834",0.653860056513298,0.103761635152667,-0.0346485930664328
"1835",0.617037089125169,0.050263375494806,-0.0435522057704194
"1836",0.599756212035099,0.0468386973276409,-0.0643173292475202
"1837",0.657488457307965,0.0785081297851864,-0.0237853966380211
"1838",0.631460315517936,0.145075916370311,-0.0208566982235731
"1839",0.643909327668245,0.105216237191011,-0.021069537493107
"1840",0.618835279558434,0.110248905781442,-0.0566863653389047
"1841",0.613247045657564,0.0572232776090308,-0.0486860340193672
"1842",0.663289809145556,0.067071235106374,-0.0518009310183219
"1843",0.622730066349683,0.0739667561823068,-0.0515103767836051
"1844",0.642192397508437,0.0903505477836795,-0.027867608423098
"1845",0.643629194967602,0.0753572180644681,-0.0487352095990405
"1846",0.656357396649459,0.0986496016731566,-0.0513930605541852
"1847",0.626000754934261,0.0417532752937874,-0.0598184958218127
"1848",0.609010820104491,0.0820399829221276,-0.069331458210463
"1849",0.654677154598992,0.105687239262906,-0.0727676881552141
"1850",0.670467079064172,0.0880012125202351,-0.0290326276309467
"1851",0.682104482883943,0.11329384640784,-0.0103316819786392
"1852",0.622556444877844,0.115354538635268,-0.0170887987950587
"1853",0.590254724359985,0.0611710545753437,-0.0449267285046358
"1854",0.613282325544216,0.0661408453965674,-0.036197298325118
"1855",0.619142521239915,0.0874469557992299,-0.0078346775046264
"1856",0.576689810972529,0.0500431922787459,-0.0331879487483486
"1857",0.621466002566292,0.0856858421838505,-0.028400765089942
"1858",0.626926448661587,0.0644307623853034,-0.0651476525511209
"1859",0.598853244355446,0.107352388345927,-0.0525648315189557
"1860",0.641759112950903,0.0901123644320569,-0.0404678565661978
"1861",0.626856552217385,0.0487144699153661,-0.0387028872720119
"1862",0.564296879752958,0.0649874939435371,-0.028553647979212
"1863",0.645226466526172,0.0795858161585144,-0.0257938035809999
"1864",0.593892101657964,0.0772234733332297,-0.0681702389943637
"1865",0.591085447655213,0.0830094477246429,-0.0427611049691481
"1866",0.625248943828788,0.0938134432663826,-0.0198298701742277
"1867",0.624439755628884,0.086402567739351,-0.0296583971990816
"1868",0.603109622471923,0.10950898596039,-0.107897770255714
"1869",0.645603309755698,0.0952770368302441,0.0154993717272293
"1870",0.645260862484393,0.084829619288612,-0.0271847454526607
"1871",0.663399976323943,0.099486903220754,-0.0673231559454976
"1872",0.63983862028714,0.107531026794595,-0.0504996116940361
"1873",0.621529133613547,0.0659440680359282,-0.0269794614554909
"1874",0.622337308332975,0.0867977507171833,-0.0126395003017426
"1875",0.59605632520801,0.0898621974416917,-0.0715126549245285
"1876",0.580959278667687,0.0719527325760927,-0.0550149234161518
"1877",0.621644401471467,0.104489786282118,-0.0581024829383667
"1878",0.61786073283344,0.126713177249749,-0.0406564134782199
"1879",0.611256454053877,0.0588446680108277,-0.0776882704646465
"1880",0.598386462637118,0.0602308951309496,-0.0707805833887053
"1881",0.614660341103549,0.0931145955962923,-0.0190004847744476
"1882",0.658592902740049,0.110471875460931,-0.00568111326431872
"1883",0.664371005772948,0.0888776667189717,-0.0254344599104356
"1884",0.626081568963939,0.0814105005169485,-0.0720368601305289
"1885",0.582743258695019,0.102403589552199,-0.00639832461138947
"1886",0.566080493937914,0.100963182004245,-0.0522806865555654
"1887",0.593627564061489,0.0715163795732034,-0.0211889849987541
"1888",0.636667483724201,0.0897569529794229,-0.036932709380273
"1889",0.609754934987241,0.118250120206084,-0.0477752861708294
"1890",0.653676553953157,0.0836476694748728,0.00980968052440368
"1891",0.635400541994948,0.0647483331974515,-0.0101919190518223
"1892",0.631555251658439,0.101183195742029,-0.0447643992537625
"1893",0.584159217828097,0.120936358844293,-0.0466152509226701
"1894",0.656784138285321,0.112760952410201,-0.019242972422542
"1895",0.622808781273163,0.0883676723971727,-0.0170245607321896
"1896",0.595903684908793,0.094804215917572,-0.0361756975236975
"1897",0.634239676452674,0.109351501447309,-0.0523895413432948
"1898",0.674941022142421,0.0891495248595828,-0.0352210669814452
"1899",0.627719259375104,0.0756401183371502,-0.0599945918393147
"1900",0.56051065623115,0.106618551053837,-0.0443637072738991
"1901",0.640122275437401,0.103466401431386,-0.0476950691660266
"1902",0.604592728939273,0.108730523912976,-0.026558145008002
"1903",0.626931388690911,0.0379080359056292,-0.0218051505271767
"1904",0.625038126957719,0.115124160017955,-0.0426591354386193
"1905",0.614539085498659,0.0609370285574691,-0.0294584481088294
"1906",0.65083369514828,0.0607989444066881,-0.052522601855677
"1907",0.611771756180393,0.0939858551283266,-0.0375512169597992
"1908",0.659974141150535,0.117473806887125,-0.0226874381621027
"1909",0.642581011214183,0.11467403150218,-0.0345457141179702
"1910",0.577201086556577,0.081494328628398,-0.0443901666423223
"1911",0.658793853047771,0.0802588111585681,-0.0366633362066785
"1912",0.632829428609019,0.0816197100961803,-0.0260656792375166
"1913",0.627292540226973,0.0820912856287693,-0.0327449915690498
"1914",0.644499050930482,0.0779560173492702,0.0133181403459879
"1915",0.655661930398122,0.10401380115376,-0.0449239121692686
"1916",0.629568700294408,0.0983258435950883,-0.0727376485299534
"1917",0.621144281233234,0.0887184443763783,-0.0415389411652848
"1918",0.614426988386036,0.10976487857341,-0.0575148719717674
"1919",0.661505653415547,0.111340044489314,-0.00889570894008659
"1920",0.642052264996772,0.0940939398976937,-0.0411271779350654
"1921",0.648109644224431,0.105909129916567,-0.0358071216465909
"1922",0.654291275604354,0.116316325208178,-0.00187418420778857
"1923",0.576061415647543,0.112180302435389,-0.0173556927868841
"1924",0.610258900384421,0.107219500818988,-0.00292297777964656
"1925",0.629050869093041,0.0907993108222286,-0.0030712183758107
"1926",0.644246151496287,0.114508724355095,-0.0261996959984453
"1927",0.595214107782866,0.0824135564583333,-0.0578886477255452
"1928",0.648238978527143,0.0829891770467724,-0.053869999732691
"1929",0.620185174443384,0.105288227396078,-0.0934173063006709
"1930",0.602303832620688,0.0849309722775252,-0.0172238261206704
"1931",0.664876321500828,0.0751930545105616,-0.0808238177056482
"1932",0.628810667664308,0.0871897688789454,-0.0666686887162039
"1933",0.59630231038743,0.0717034334956483,-0.0528423240244412
"1934",0.689685067547502,0.116413180423615,-0.0160313176564373
"1935",0.574790802676872,0.147336592322036,-0.0585795653085364
"1936",0.654327967965398,0.0908746609536033,-0.0328095070230281
"1937",0.652568901562528,0.105794560840359,-0.0562843740371909
"1938",0.60808881974455,0.13157392295533,-0.0229758768790608
"1939",0.59703884901569,0.0775473424413465,-0.0515347336665819
"1940",0.616109112656202,0.0940732573919992,-0.0499659606951384
"1941",0.620046129364777,0.0618880995756384,-0.0686924312517751
"1942",0.606792303052881,0.101532567086165,-0.0267067209722026
"1943",0.625554316580969,0.0783057366639846,-0.0302419140927974
"1944",0.667183903638805,0.107104152857318,-0.0283687770709462
"1945",0.595205404987191,0.0797206407166661,-0.0634312089007742
"1946",0.644712680151988,0.0946413184174338,-0.0061011055485294
"1947",0.640729855146328,0.11107543428489,-0.0316679841527268
"1948",0.628819543514087,0.0775271320781127,0.00486439885590587
"1949",0.670780095474975,0.0603026435119755,-0.0276586325818846
"1950",0.608455114476183,0.077730384928462,-0.0182162246898207
"1951",0.61323312890028,0.0633698282065914,-0.0372195323977637
"1952",0.620478479527812,0.0644687169821651,-0.0354379570667694
"1953",0.664974653389268,0.0943076139580866,-0.0498298287611262
"1954",0.659235920304234,0.108943503955268,-0.0196748349339836
"1955",0.650387658959057,0.0772644703672577,-0.0513472652677004
"1956",0.631121274182262,0.0724672297520833,-0.0390842067959082
"1957",0.677716832125384,0.111092920801741,-0.0422432147126753
"1958",0.634505993072996,0.108279372042336,0.00617830647712062
"1959",0.630149263947196,0.105332197084336,-0.0597753230213927
"1960",0.63559990550335,0.117071525263329,-0.0518501175956035
"1961",0.688659438750743,0.0911257351776323,-0.0205073476687853
"1962",0.665546560527127,0.101834956796918,-0.054190859098876
"1963",0.648688055657151,0.0701465169080938,-0.0450002048428828
"1964",0.621718347576352,0.0849077464495022,0.0154624192414672
"1965",0.601247517716777,0.0843543234806731,-0.048755642427431
"1966",0.570470425359004,0.0928689908553903,-0.052703134726298
"1967",0.658017702014871,0.0831168896042549,-0.00311214351924981
"1968",0.632037048457144,0.128578122695905,-0.0428379185211077
"1969",0.645345540223163,0.127913917197287,-0.064849829211974
"1970",0.648551485268212,0.0968801561619257,-0.0649681442965802
"1971",0.647599699639704,0.090992154314001,-0.0486382370600639
"1972",0.637138500507758,0.118948190577646,-0.0745030661061902
"1973",0.625120862892492,0.136276347238107,-0.0250814769556051
"1974",0.650806395712516,0.0544283624151729,-0.0724456520708974
"1975",0.624823226423994,0.0981013424306635,-0.0256041844018112
"1976",0.624041053922121,0.0536663691520801,-0.0245901492424171
"1977",0.581856632691861,0.0729008562368611,-0.0446649096900393
"1978",0.606568844225207,0.0827212289643134,-0.0134076089341985
"1979",0.636967713444263,0.0887320985001408,-0.0565029710220932
"1980",0.603619558507151,0.0671574832928329,-0.0246340981096314
"1981",0.664620165734968,0.107007707373056,-0.0335361462150802
"1982",0.655679285965414,0.0859170066871241,-0.0474726212833587
"1983",0.666990632703838,0.0714947321451216,-0.0298051543951452
"1984",0.612203586817408,0.108702557196712,-0.0686793982997786
"1985",0.608331172909867,0.109677631981955,-0.0585158618930853
"1986",0.674837397615143,0.105872560145831,-0.0324417098809593
"1987",0.590427755350151,0.129361657910967,-0.0200455623958915
"1988",0.624550499711854,0.115821016859931,-0.0294153227291767
"1989",0.646673706721673,0.0729215236455911,-0.0103279903119329
"1990",0.609093952014938,0.0999680063950271,-0.0936681812010627
"1991",0.658914594074871,0.138689427543558,-0.0365627876874218
"1992",0.67566688499281,0.153686116834872,-0.0509350848741926
"1993",0.616031653941077,0.0827941316049162,-0.0365311290351124
"1994",0.632210230389045,0.0830928897533828,-0.0495877752710334
"1995",0.654812821140072,0.102130469935921,-0.0298425871717589
"1996",0.616258133807816,0.122142974676896,-0.0473174874971979
"1997",0.59051100609314,0.063250953210325,-0.0327722510669174
"1998",0.652094878107293,0.106270088133352,-0.0659132958082226
"1999",0.638168632191179,0.0522202113725739,-0.0613501734796667
"2000",0.595145178210239,0.0687776204519006,-0.0822346990578939
"2001",0.656109403921901,0.0769006207294995,-0.0434080368972484
"2002",0.634936973400836,0.141886390664777,-0.000947636620787111
"2003",0.589079558084811,0.0557668604451622,-0.0304564562443368
"2004",0.600153395357994,0.0694982366205263,-0.0479051244497194
"2005",0.653892868849978,0.131922899498798,-0.0105361078417256
"2006",0.634905020316597,0.0870142303488808,-0.0354632082070504
"2007",0.637217402067356,0.108962350413657,-0.0296201112316035
"2008",0.691873273837222,0.102144916821091,-0.0401501835603771
"2009",0.660272985721711,0.119949513515188,-0.036576802595058
"2010",0.610664414585009,0.0944069921678214,-0.0309259478569505
"2011",0.645684823484583,0.0900509934662109,-0.0452857126719961
"2012",0.633043156355151,0.080370214726578,-0.0631223075615885
"2013",0.626413503470432,0.0348139500737421,-0.0545522712558689
"2014",0.634391591386162,0.106306234832979,-0.000329023787834289
"2015",0.607735631639219,0.0923541685104395,-0.0313311600195729
"2016",0.685840023886509,0.120078475253987,-0.0324223078377347
"2017",0.622314913984216,0.0707751480922678,-0.00968653428528366
"2018",0.639195859036534,0.111277948681259,-0.031644176279298
"2019",0.645192800863957,0.0855421784005576,-0.0458439358275781
"2020",0.65589057232196,0.115149061623136,-0.0383708744332008
"2021",0.619562819576191,0.100563032800558,-0.0502031040379827
"2022",0.66406769374617,0.134564529245282,-0.0220153189960685
"2023",0.679821916098379,0.0804698868162501,-0.0338410086867026
"2024",0.688943421247157,0.101027155101006,-0.0522908368001463
"2025",0.642593327266515,0.113899806452857,-0.0224043166482437
"2026",0.673809116077813,0.116635091498291,-0.0403814573038393
"2027",0.617305980918904,0.0954569504995457,-0.0238675630456758
"2028",0.607301080996929,0.0831658992218547,-0.0473930610129835
"2029",0.61727551879683,0.124203796678363,-0.0513857209985698
"2030",0.610498888549691,0.0804019967935863,-0.0417634993603743
"2031",0.635463892763729,0.0850050744069504,0.00297490246439513
"2032",0.640432895096041,0.104626962808504,0.00665400316896721
"2033",0.661360290138204,0.0977199368802373,-0.0862643965162938
"2034",0.642204979496296,0.0724023022203596,-0.0514557254382356
"2035",0.691897234728042,0.0659325809064624,-0.0749789220193417
"2036",0.638173122698046,0.110313358570319,-0.0439499532302755
"2037",0.644619435730118,0.0607884647282537,-0.0102287484981237
"2038",0.6356799101142,0.0903006414997082,-0.020677407934948
"2039",0.638417699391849,0.0924855927072761,-0.000274635735097797
"2040",0.639024913104195,0.0945482937138843,-0.0437041758674095
"2041",0.598383361848306,0.0925848676892827,-0.0445589560600504
"2042",0.61210873601429,0.0671136337625555,-0.0356863898774405
"2043",0.630572650180844,0.111029887653185,-0.0499844011794679
"2044",0.579517481564674,0.0801928233959419,-0.0211332216313725
"2045",0.631066500469571,0.0610518946800743,-0.0484524309120644
"2046",0.630194826838222,0.0954431336405832,-0.0377248812500992
"2047",0.685773663186919,0.0824881748961032,-0.0489813574580887
"2048",0.640638835390129,0.0750579770846062,-0.0308351832676073
"2049",0.623119323813486,0.10861122478042,-0.0277673960055484
"2050",0.626684692358697,0.0839815006963013,-0.0414451750426577
"2051",0.621671033193627,0.0995082175672143,-0.0459106015996509
"2052",0.614993332368852,0.0942465654744332,-0.0308418749323356
"2053",0.621503230499025,0.0891810989975858,-0.0488508502318877
"2054",0.626556731166112,0.0958424479000607,-0.0365946981623222
"2055",0.646285945446728,0.103011587113307,-0.0693236763287426
"2056",0.62813747846115,0.0823655081440084,-0.0434992875288402
"2057",0.709687102474697,0.137389554155874,-0.00803303988002957
"2058",0.619029063709332,0.0589305477904408,-0.0223742294620767
"2059",0.599926065326671,0.112946572992466,-0.0196680258122366
"2060",0.661280727304768,0.0620002547081778,-0.012660946675849
"2061",0.617540473351112,0.103473492443841,-0.0332402146349524
"2062",0.617152895850626,0.0773139051580815,-0.029336570322492
"2063",0.649592270436873,0.0555091268771251,0.00669920658071114
"2064",0.656254578067206,0.070676353892063,-0.0343040198478095
"2065",0.625428504187296,0.0878705493062264,-0.0676263884772706
"2066",0.631152232236121,0.1021938081089,-0.0136032756930116
"2067",0.633712399100892,0.123772560241161,-0.025212407027734
"2068",0.586415881786105,0.11535096445106,-0.076140048016549
"2069",0.616333344682782,0.111327090985658,-0.0746779919816731
"2070",0.656647666764459,0.117401635779914,-0.0561596704725682
"2071",0.624175867649498,0.0698874462938306,-0.057891129494553
"2072",0.601553342294521,0.0687917440477134,-0.0365907629922693
"2073",0.597297271682805,0.10042938355966,-0.0459705805592329
"2074",0.662358453071028,0.0778130185537039,-0.0539675519454138
"2075",0.631329528390985,0.120468267347416,-0.0131901614262742
"2076",0.6282184720232,0.0856697186373409,-0.0242363890282207
"2077",0.651150979904855,0.100148262788474,-0.0472116254271046
"2078",0.667402992363014,0.0505116010408568,-0.0122785959868174
"2079",0.700124125918771,0.130239881988523,-0.0627696146926667
"2080",0.623394979608468,0.0570651975413256,-0.028656516112817
"2081",0.623493577021148,0.0642165724854747,-0.0559902755245049
"2082",0.628398775389421,0.111314251591014,-0.0142776972723239
"2083",0.581583998990727,0.0883024641460037,-0.0392848828643499
"2084",0.606752922727448,0.0848462551763491,-0.0143287910350036
"2085",0.628951668443948,0.0844671382768809,-0.0321191901381903
"2086",0.596537357044354,0.112548504827255,-0.0303131323438916
"2087",0.61076003323534,0.0979299688507036,-0.0767982953102841
"2088",0.626130284959025,0.109802936945786,-0.0401800910772559
"2089",0.574122462321851,0.0788615368173828,-0.0488684638525296
"2090",0.572506180991904,0.10520083741404,-0.0579864019028398
"2091",0.651351534470485,0.127604166837047,-0.0395168718337115
"2092",0.626412609378072,0.0954571692487579,0.0045468283508111
"2093",0.594173517311363,0.114133454850087,-0.0450859553582892
"2094",0.621361691608502,0.0802565614407016,-0.0517121700682753
"2095",0.661992405380229,0.102870324479215,-0.0424256384349122
"2096",0.6190243423421,0.07071055235775,-0.0369143871077198
"2097",0.588864278127956,0.0410126649528748,-0.0719390895220226
"2098",0.589598406512748,0.0981557006373961,-0.0258565587865318
"2099",0.615457893356452,0.118409171819367,0.0025971028042747
"2100",0.665324790067147,0.0883063192079205,-0.0385500115189039
"2101",0.631105189760297,0.113848679956641,-0.0352656522879369
"2102",0.673043792131186,0.114633487068117,-0.0355343195080323
"2103",0.669185091523093,0.0916617981051681,0.0195616139578876
"2104",0.596548691620903,0.0682204284595964,-0.0668289027170835
"2105",0.582260777800797,0.10044474150757,-0.0773171440012066
"2106",0.620292519486754,0.0926661313807071,-0.00917862262209766
"2107",0.664980729214323,0.0996699898206398,-0.0467556651842817
"2108",0.642370557983475,0.0849869538880865,-0.0381442192839611
"2109",0.650111254339321,0.0747381181645459,-0.0282604538586977
"2110",0.635131157102945,0.0737384770574842,-0.0242484891901524
"2111",0.629558079005338,0.119204070468042,-0.0333911197884667
"2112",0.663530622391525,0.119257243451298,-0.0815822340839471
"2113",0.668038123561455,0.0742495010171854,-0.0403471585168855
"2114",0.69110426148334,0.120672181719379,-0.0486634879363209
"2115",0.646902074257762,0.11437577705889,-0.0387655397937733
"2116",0.63828749267047,0.0878906495087376,0.0222730099112661
"2117",0.649543099083571,0.0781186952768688,-0.0417553718122925
"2118",0.654834482180436,0.078880314202071,-0.0269314079525595
"2119",0.609379376915215,0.081581362668799,0.0108441964848299
"2120",0.616230210496039,0.046989389845209,-0.0357842457913691
"2121",0.645819983070415,0.104234964148047,-0.0450776394018771
"2122",0.582258519182371,0.140709726814102,-0.00747370590743775
"2123",0.703548488107148,0.0992425212218888,-0.0381204405715691
"2124",0.649491018043255,0.0900178051793982,-0.0716635230867066
"2125",0.620295827112913,0.130589719528464,-0.0593439235221245
"2126",0.645308780625263,0.0769987547749356,-0.00603624608272984
"2127",0.635906842716037,0.108258718125955,-0.081185279892863
"2128",0.59347148311058,0.107952613811461,-0.0401861174907993
"2129",0.640810432305696,0.0593972666137586,-0.0783920351635195
"2130",0.646214259418605,0.0945741597618652,-0.0385693147129551
"2131",0.598095548659318,0.130416962201423,-0.063592826779448
"2132",0.588483086172661,0.105891331763182,-0.030567772639048
"2133",0.621440004961983,0.0995918712000977,-0.0323258088210408
"2134",0.651765441014745,0.118970088519222,-0.0380259448610867
"2135",0.604721976026321,0.0775194859781476,-0.0151555894780099
"2136",0.61521798170526,0.0865200041516564,-0.0459967179585934
"2137",0.674822280658323,0.0949418927138032,-0.0323844893794101
"2138",0.642399227853239,0.0883707863758941,-0.0386353254915665
"2139",0.696530681318768,0.0950684727283278,-0.022248379091293
"2140",0.629178233041627,0.0757302489543466,-0.0537474403032914
"2141",0.625284669280859,0.113384314011742,-0.0136762482465966
"2142",0.664009864255241,0.105830386912989,0.0126458671511393
"2143",0.645502306573571,0.0784006963241849,-0.0413530392756282
"2144",0.627330586765141,0.111146700884113,-0.000407257170115388
"2145",0.626969373263043,0.130663813590487,-0.0343475990497053
"2146",0.611361153027779,0.104651246264357,-0.04673853764713
"2147",0.624930979778387,0.142221925474507,-0.0364678783135855
"2148",0.565894304949702,0.0216662705921723,-0.0402854616386101
"2149",0.633451877219961,0.0768773553511059,-0.0295429101391089
"2150",0.605129500266689,0.0851792064412652,-0.035780526530072
"2151",0.642684497303675,0.0725355052311386,-0.0249941060800006
"2152",0.644864599351926,0.113396989471136,-0.0164113821846894
"2153",0.615540651057397,0.119996232911915,-0.0309402416825728
"2154",0.582326826181131,0.0782379584206895,-0.033119276908654
"2155",0.661720336109327,0.104499147295443,-0.0698996861023027
"2156",0.617014272854747,0.111244874757959,-0.00478118081874594
"2157",0.617872556982485,0.128638183277845,-0.0261594466630911
"2158",0.634925964268482,0.0770054375998924,-0.070126735119225
"2159",0.638484429365438,0.105389495605046,-0.0753953046671379
"2160",0.67382112451645,0.157000104381875,-0.0174507570059832
"2161",0.645922081275032,0.0766377373732982,-0.0390554777405324
"2162",0.586120059905987,0.055126671600638,0.0030223953922696
"2163",0.638604920044281,0.0681916100306695,-0.0443617626001796
"2164",0.629692820455147,0.0804328556531796,-0.0213507472076896
"2165",0.665687620854089,0.0806406501224815,0.0082038926686446
"2166",0.61461629006593,0.13371454921066,-0.0636474749005841
"2167",0.637940136082855,0.124999042019925,-0.0265507524126032
"2168",0.636174063989312,0.0916580861559395,-0.0326967679635086
"2169",0.618167727089381,0.108855074244299,-0.057047800372501
"2170",0.612535977592158,0.101056779040595,-0.0173819734423914
"2171",0.61081565759481,0.0991903006292297,-0.00498964004001618
"2172",0.638262971529286,0.111360600763984,-0.0473456719812387
"2173",0.619992164577884,0.0800057947170824,-0.0326810026883361
"2174",0.656018942209967,0.0770212374022568,-0.0617741455285653
"2175",0.629607886199852,0.11168882976821,-0.0483896192980025
"2176",0.60414976092315,0.0725634893773685,0.00846978782132849
"2177",0.64761745808461,0.0512764163697218,-0.000239370857499081
"2178",0.59546139956786,0.0938867534979003,-0.0289305883363451
"2179",0.686270022116449,0.107443186359943,-0.0186803709649584
"2180",0.61062158413069,0.0771856445043866,-0.0402505586709247
"2181",0.635939165630477,0.0837325874260733,-0.0629430741783676
"2182",0.642746503857334,0.0675655569766705,-0.0644533754295187
"2183",0.599700857430168,0.0772787563435839,-0.0521565571510163
"2184",0.628651947243926,0.100862702760615,0.0130518811566415
"2185",0.635154362035374,0.108170945993234,-0.0205316145268158
"2186",0.607194041181173,0.0739417986952203,-0.0179703581137457
"2187",0.574273589056011,0.0843767635713148,-0.0359882081319541
"2188",0.60959050976212,0.0481675259177211,-0.0395222315154279
"2189",0.643327639677376,0.0846725046704295,-0.0168943130141572
"2190",0.676085025020379,0.0854961008229684,-0.0746799776268519
"2191",0.661488568436519,0.122294481009768,-0.00308675299550836
"2192",0.672265625703946,0.120294631928207,-0.0133893218893895
"2193",0.662152817328353,0.154470907683124,-0.0304219238553273
"2194",0.60594328674952,0.102881327883318,-0.0445789982670262
"2195",0.637648078660102,0.079126116655905,-0.0706602361164893
"2196",0.585288272502083,0.109784263550357,-0.0714346866283996
"2197",0.607970456807785,0.12254567068808,-0.0391570608441071
"2198",0.65420247568081,0.10177406305549,-0.00800346514684083
"2199",0.583446828884635,0.0985360366551264,-0.0443079820110199
"2200",0.590377255999537,0.0799398693664051,-0.0347305220259356
"2201",0.685119139209857,0.0987562823147817,-0.0676413721489247
"2202",0.565859812633183,0.0919691605121447,-0.0299047267312285
"2203",0.616169159201028,0.0989920676254195,-0.0543728589631495
"2204",0.599267414479328,0.0784584348663583,-0.0319738651205416
"2205",0.675471787207405,0.0912275049838385,0.0229495372237276
"2206",0.618089439392145,0.0504067012261168,-0.0207891604632776
"2207",0.581056907751745,0.0929935351577773,-0.0417554744740039
"2208",0.609376316803855,0.0961825909394037,-0.0382626753067955
"2209",0.598998188126324,0.0722097563574707,-0.0486943091987359
"2210",0.628932650131982,0.0708610467992865,-0.0616264543537618
"2211",0.697006676564125,0.0769292915830591,-0.0425942340961991
"2212",0.598396504863428,0.118989243528477,-0.0167679254678057
"2213",0.621148390099139,0.0831117488950493,-0.0116452057101478
"2214",0.63056990916905,0.0964356158796218,-0.0276236196401157
"2215",0.612262331167057,0.0856368877631459,0.00594469190667042
"2216",0.624372201087973,0.070915504285185,-0.0414753515658806
"2217",0.608418238167293,0.0597718962011441,-0.0805554520289114
"2218",0.669957232325597,0.132276430123429,-0.0414372427889826
"2219",0.658489238948838,0.0674718012079232,-0.058496203353773
"2220",0.660416009394325,0.118675505151163,-0.0361527483140993
"2221",0.598475178602485,0.0945621568332096,-0.027452869241515
"2222",0.598069771916985,0.091880746123149,-0.0442070791031708
"2223",0.642180487354668,0.0623266888744624,-0.0300235384352241
"2224",0.647821761400996,0.0907436117214692,0.0034613375801026
"2225",0.658873291988021,0.0977500545387343,-0.0741893766131888
"2226",0.632567136084426,0.0543643428158273,-0.0348503115500312
"2227",0.654713311288584,0.103110617356356,-0.0158578982199359
"2228",0.682855686562881,0.139477771746328,-0.0449156680747923
"2229",0.62756943847416,0.0769357355135078,-0.0970839792202631
"2230",0.639948918607471,0.084190574781773,-0.00851931681249301
"2231",0.607642797119041,0.112998832228981,-0.0403607283203134
"2232",0.633640587245176,0.0831325613384849,-0.0792789446718872
"2233",0.648522795539256,0.0871919326812706,-0.052604782829277
"2234",0.622843469644654,0.0871814884150817,-0.0321360170067064
"2235",0.676359421053756,0.0941044152940875,-0.0321210114106992
"2236",0.655485146723902,0.107626421375503,-0.0110838346601171
"2237",0.645829149537982,0.0886244526880205,-0.0125297371591802
"2238",0.653606549049205,0.0590152117053195,-0.0308453917769537
"2239",0.568367082365151,0.108077147918684,-0.0467254397659698
"2240",0.675493448661134,0.112608769515327,-0.00941032096574751
"2241",0.607573714903916,0.0665242513186645,-0.0664184281820445
"2242",0.669139409109232,0.12091935051241,-0.0308751218841697
"2243",0.613360333969684,0.118649583981862,-0.0240752240076095
"2244",0.594573744127994,0.0885124080501866,-0.050029692863525
"2245",0.637576570817016,0.130393266868633,-0.0311822393351169
"2246",0.621284335745694,0.0972464439330086,-0.0393924575405887
"2247",0.621287627343548,0.0623282174156434,-0.0531330587891589
"2248",0.650728847244399,0.0590612647233451,-0.0191037241291121
"2249",0.626367629048414,0.0726765267598138,-0.031303594446308
"2250",0.633150156692111,0.0855102606322058,-0.0433587586377004
"2251",0.69034145795928,0.154114576731481,-0.0638724169309086
"2252",0.702618447855349,0.0899016836877122,-0.0418068363072898
"2253",0.632742752009817,0.104080183369459,-0.0403061018184375
"2254",0.619412854407184,0.11729045300383,-0.00526518176096433
"2255",0.674627635268101,0.0940700643960889,-0.000464225574691397
"2256",0.620142041466565,0.0987667915108842,0.0159951448822949
"2257",0.579952695650915,0.10967470785234,-0.0666113001698688
"2258",0.665104891964616,0.107980959279695,-0.00121701329681053
"2259",0.603466740413821,0.081498175832306,-0.043572333587944
"2260",0.678952584777829,0.125988951838189,0.00101612651835783
"2261",0.601953765419124,0.0795256055797701,-0.0477692839161323
"2262",0.626206325130029,0.0788839819527282,-0.0433305007540005
"2263",0.623616163740918,0.134719710864582,-0.0442834010265404
"2264",0.597862120765168,0.0940377262490112,-0.0300581115811937
"2265",0.634156453896878,0.113624897246586,0.0184013061858668
"2266",0.58571696805481,0.108101990410324,-0.0491198018294695
"2267",0.600625215143308,0.0596381131784512,-0.0591042990896321
"2268",0.631561253074075,0.0525945274439558,-0.0713724449453071
"2269",0.625128201576784,0.0761782305682839,-0.0480694067537097
"2270",0.600711280530994,0.064299263926365,-0.068505185287116
"2271",0.61287396412579,0.0658818248454435,0.00248646408691264
"2272",0.638445406687451,0.141514762899271,-0.041238407578445
"2273",0.602422641315417,0.0821359811680103,-0.0237534530942347
"2274",0.628499290533332,0.0719021462597946,-0.0384886929020653
"2275",0.696443337047574,0.108673923693154,-0.0772652743258728
"2276",0.626621631606086,0.103101969376143,-0.0413077262103317
"2277",0.585618272518932,0.0968080628101839,-0.021576357820449
"2278",0.663066363845806,0.10874578816064,-0.011098847770294
"2279",0.613444189306868,0.0774102902270438,-0.0578620573859042
"2280",0.671911962063744,0.134048016966729,-0.0176200664738769
"2281",0.634750815419875,0.0948866353683054,-0.0504871284645134
"2282",0.698280946676363,0.126120289166637,-0.0283608628088719
"2283",0.628297810674189,0.087328823311118,-0.0306668533389022
"2284",0.606359405198221,0.0899435613281926,-0.0168112284760872
"2285",0.611674613406426,0.0886936859050964,-0.0572212127669648
"2286",0.662610815408174,0.0704236408584962,-0.0339160823471077
"2287",0.657897638839474,0.0680529158343711,-0.0438564486309357
"2288",0.685535069546923,0.134102389422503,-0.0221438210260666
"2289",0.592527895493201,0.0930630908805749,-0.0448913324037478
"2290",0.65844767006056,0.0985447423443052,-0.0581692070600552
"2291",0.690757399036317,0.0983791712133019,-0.0220041079847894
"2292",0.606237570874859,0.0768418343965334,-0.0356398698937214
"2293",0.645251186125326,0.0981649851527581,-0.072046471678298
"2294",0.673520080477969,0.129967736898224,-0.014287984359901
"2295",0.614043243787499,0.083596806303619,-0.0378577722926503
"2296",0.62844958770768,0.0633631903141862,-0.043719836094471
"2297",0.660955824098375,0.089213926563054,-0.0641797275303683
"2298",0.626957579250568,0.121327927579173,-0.0422838453281316
"2299",0.616663442999165,0.0999411514483465,-0.110460994752107
"2300",0.649220686813994,0.108942103802595,-0.0107258176650449
"2301",0.63589798927035,0.0576853852736975,-0.0512517146295856
"2302",0.623905750548909,0.0871120585381921,-0.0461345183751444
"2303",0.630725156433042,0.0846220147872879,-0.0307370006673135
"2304",0.590605804768501,0.0332879991213666,-0.0634503501800778
"2305",0.647110640551401,0.0909765077431961,-0.0143163422300874
"2306",0.666032320886179,0.103574308787974,-0.0297830278498576
"2307",0.639155831207496,0.0959252328145437,-0.0230765713980323
"2308",0.66123438027267,0.110275415474485,0.00807772832642234
"2309",0.65286676186116,0.0860998782922531,-0.0510589662376079
"2310",0.612156021955815,0.0772837673159566,-0.0522208951730791
"2311",0.627110208432395,0.100711398797327,-0.0662654075257455
"2312",0.700514004924372,0.0923903741299405,-0.0449919939748008
"2313",0.637181067480723,0.107353532452099,-0.00185827195275885
"2314",0.673146021957147,0.0991842686546607,-0.0648105356022652
"2315",0.656965915620982,0.0907404063942058,-3.73041257651502e-06
"2316",0.589452677774729,0.096836430520346,-0.0184869655368233
"2317",0.658449442582953,0.0758739283235978,-0.0302311196141654
"2318",0.627412642631176,0.0936899238298135,-0.0383754811157034
"2319",0.608842925192341,0.0877507785821682,-0.0684543411126275
"2320",0.609098856180355,0.12129660896083,-0.0499462703020382
"2321",0.613908304606314,0.0815840205445072,-0.064667182261845
"2322",0.626511833751955,0.072811188558996,-0.0370553699565126
"2323",0.566615042964007,0.10519204916124,-0.0304891666964908
"2324",0.633594186567914,0.0976306367659281,-0.0584407166018816
"2325",0.697421806320992,0.0947316539282251,-0.0545297004263073
"2326",0.622305985323065,0.070330245575453,-0.03171492586115
"2327",0.666268055868711,0.104034499872343,0.0235655561356052
"2328",0.620367954855154,0.1188144317223,-0.0542502260704457
"2329",0.677072765733258,0.151730593555097,-0.0160513116583078
"2330",0.653097197563411,0.135878907074177,-0.0508423049094358
"2331",0.63173910112081,0.106943778888084,-0.0244690805043103
"2332",0.611721218449112,0.134790333379441,-0.01338834289233
"2333",0.610998331353307,0.0859189004066891,-0.0530603340278884
"2334",0.626376062039988,0.0735860940037788,-0.0622380093944708
"2335",0.618482156907202,0.0779843651820325,-0.0521448532261867
"2336",0.655569333849527,0.112254714170945,-0.0378120158927941
"2337",0.648466179849472,0.0540344723846852,-0.0279468636342905
"2338",0.624001546168973,0.0952937432922146,-0.0394269596234622
"2339",0.646473043594563,0.117622500637697,-0.0368244798677575
"2340",0.626748972633824,0.0998077620852286,-0.0355020502052138
"2341",0.612014523173658,0.0724963608506104,-0.0315826923617237
"2342",0.644805536247291,0.0806676702501509,-0.00389737647389975
"2343",0.61419726043859,0.0976739979685191,-0.037356672734928
"2344",0.581053147333535,0.0956697661849364,-0.0434312791331595
"2345",0.617230273629699,0.111725961967745,-0.015479139248007
"2346",0.62868253256011,0.104920923450429,-0.0591866232292483
"2347",0.629956883532896,0.0994948488553252,0.00519959466597868
"2348",0.586084237431145,0.0855766648533384,-0.00797057058839563
"2349",0.666216958933474,0.0833594639919662,-0.024114413951135
"2350",0.662037559426013,0.096178067985847,-0.0274212019964521
"2351",0.605556596332146,0.112809714647508,-0.011774030473733
"2352",0.654609495238872,0.0908374055945405,-0.0145609498364214
"2353",0.628313880060271,0.0842544136606431,-0.02927129781235
"2354",0.630998959908618,0.100257255690687,-0.0032634153296188
"2355",0.589156382567931,0.118973559123675,-0.0113579175786002
"2356",0.608578605044559,0.096947829996162,-0.0183868325154277
"2357",0.652237452100929,0.0557782770937544,-0.0394752789079767
"2358",0.585818609960364,0.064966665235365,-0.0513274501166506
"2359",0.640629458956179,0.0973819407582104,-0.0564801841443273
"2360",0.645181529648355,0.110710689709944,0.020181741563734
"2361",0.610093752200557,0.105196092116705,-0.0205337657789107
"2362",0.611141416839644,0.0803329917505209,-0.0622499658118016
"2363",0.645604979266266,0.0871795725089197,-0.0631907741767358
"2364",0.677930004315562,0.087803318954685,-0.0168874605197181
"2365",0.633266661977943,0.0975819350549536,-0.0341155288390925
"2366",0.64589564773321,0.0836001985730093,-0.0602895395458574
"2367",0.653113430081902,0.0823113084074885,-0.0560039902506925
"2368",0.683931432271345,0.103151746090597,-0.0407845828657607
"2369",0.586058961582931,0.109838724062319,-0.0194012647475461
"2370",0.665431895670283,0.0900359899370065,-0.024408276556337
"2371",0.594881949392943,0.106134159997647,-0.0340706516004397
"2372",0.642380097906795,0.0456492749850457,-0.0301038754145742
"2373",0.646588600485566,0.10259839140913,-0.024487060221645
"2374",0.665186789933189,0.0912060080472582,-0.0230414689673532
"2375",0.647057013989106,0.110418271673524,-0.0634068096504543
"2376",0.610197885985422,0.0491534747222143,-0.0410822600225297
"2377",0.625784827828921,0.121660801270988,-0.0842904838474257
"2378",0.633559407594573,0.113676714910907,-0.0830051833937395
"2379",0.660771074062032,0.082445630446116,-0.00378167741290389
"2380",0.658121452594846,0.0732381244833228,-0.0238598664832333
"2381",0.588108012681054,0.077036331436729,-0.0292813348306389
"2382",0.607009184674886,0.109997727620453,-0.0322258368849606
"2383",0.603235385803954,0.078120328254964,-0.0331330691328414
"2384",0.613362585724405,0.0990405536609988,-0.0630423292198555
"2385",0.57950314490396,0.0750438787765328,-0.0371981979539855
"2386",0.678647773153691,0.0905361757535204,-0.0752612348221152
"2387",0.648203977641726,0.094181191108475,-0.0314624035545282
"2388",0.628699892607982,0.0967533558826239,-0.00885142858640022
"2389",0.642842598269373,0.0982708886359013,-0.0444061642664928
"2390",0.593576011245256,0.105903888895896,-0.0467541405457274
"2391",0.622987985988195,0.107152713735112,-0.0431988555804883
"2392",0.617994416450711,0.0817430262639333,-0.077701560764916
"2393",0.667025623545111,0.0826028764544787,-0.0162596906665987
"2394",0.602652500689343,0.0902742346287843,-0.0329192212667411
"2395",0.591677578076771,0.0958896488609448,-0.0555251200167761
"2396",0.701570386040302,0.120757546063817,-0.0467610845593701
"2397",0.657289956918711,0.0375565830033947,-0.0210715738498292
"2398",0.618452108106344,0.0833780575300239,-0.0911996742598835
"2399",0.660166178973249,0.111730114855327,-0.0750522421179724
"2400",0.602833838328584,0.0875349301213299,-0.0327215769442744
"2401",0.670805016969532,0.0686866682226777,-0.0251483522404605
"2402",0.66047699751817,0.116814460459259,-0.00927183674728038
"2403",0.671910585602507,0.0779605256339581,-0.0553417149297185
"2404",0.625370023797197,0.115721256114699,-0.0373665716171211
"2405",0.614475353457988,0.0645819073631619,-0.030713901624268
"2406",0.625389975066787,0.0922423862470432,-0.024825103723198
"2407",0.621556273875463,0.137242740785209,-0.0731531699278324
"2408",0.696370203342699,0.0864046410536529,-0.0214349685348233
"2409",0.641443816065887,0.0923088498536592,-0.0157574186152072
"2410",0.635915438777988,0.0901532580923513,-0.00681295197945416
"2411",0.612213733400847,0.120875908512367,-0.0104460841778796
"2412",0.589704915015581,0.0709689076937244,-0.014652003903113
"2413",0.607341897753568,0.11134042707529,-0.041354213021752
"2414",0.661188586986799,0.0853530134851741,-0.0223485315040495
"2415",0.580001055542914,0.0602668759320218,-0.0845555155006712
"2416",0.670259263542051,0.0584130025285134,-0.0578980511044544
"2417",0.662819777265534,0.116407172028859,-0.0515978922907281
"2418",0.609815557800044,0.102391174410206,-0.0806787171227425
"2419",0.59100386219915,0.132237677922271,-0.054709918633142
"2420",0.626348067658706,0.0791195214277119,-0.0521868961164027
"2421",0.598739466871147,0.135451937735048,-0.0665025604228281
"2422",0.644554753719029,0.11550132390462,-0.030615545525307
"2423",0.692199738793917,0.133427121257691,-0.0313921546470625
"2424",0.638624933383978,0.0664698688242946,-0.0599023376101061
"2425",0.634046447597168,0.0630563744263674,-0.0192148928530898
"2426",0.675868737949618,0.0956298715500641,-0.0703616673348957
"2427",0.658794194699631,0.0778099510437849,-0.0399155256794275
"2428",0.651750379244235,0.0863829485103562,-0.0285800966277861
"2429",0.646075787284957,0.0650414197363646,-0.0560253976373843
"2430",0.604924087770023,0.0838176602363972,0.0205101527616524
"2431",0.65562400919502,0.0805625953775943,-0.0372902743094961
"2432",0.612989159831567,0.12735782518389,0.0114892281501512
"2433",0.617642985094396,0.0935437750299096,-0.0137930841236942
"2434",0.622462943162316,0.0862958352864037,-0.0449380155604638
"2435",0.655719955717886,0.0806271541282612,-0.0272927193874828
"2436",0.658193539072446,0.15749026443802,-0.0157364220634522
"2437",0.643909326766146,0.0855423798434962,-0.0742436631392256
"2438",0.600224338291921,0.143927063919289,-0.061739289099873
"2439",0.626535010801934,0.110283164392,-0.0547861934743509
"2440",0.591770459115315,0.0842564215578932,-0.0100557420006065
"2441",0.645068656933047,0.0870016770453391,-0.0202289767190234
"2442",0.6399174398672,0.126909068763444,-0.0442886405868904
"2443",0.621683657359216,0.0258567921929555,-0.0200929090818256
"2444",0.628083292011168,0.0947626897336937,-0.0348551654421041
"2445",0.672381611169632,0.0973913642296858,-0.0112993436459718
"2446",0.655156849973422,0.100357380327876,-0.0261796600192662
"2447",0.600920555154941,0.078546518376451,-0.0187024629593031
"2448",0.619770856510798,0.141879129268965,-0.0436962757389637
"2449",0.633786508205365,0.119090975941375,-0.0345775612784227
"2450",0.684759625212418,0.094228391614165,-0.0512540674342017
"2451",0.613971670732108,0.0839883019431031,-0.0425621385532618
"2452",0.672629888258996,0.0612309898167461,-0.0364340476982525
"2453",0.660032925150437,0.0929195837558439,-0.0649750040985567
"2454",0.647710858583041,0.070585928864952,-0.0220552666629321
"2455",0.618795920849994,0.0899774007830083,-0.0305155652258984
"2456",0.600854733854518,0.0718130010393062,-0.0675880977938771
"2457",0.652509362311127,0.115817493469478,-0.0771413689256014
"2458",0.629453406784191,0.0386817534593846,-0.021142717281027
"2459",0.678582356877607,0.111049264968878,-0.00660160885753159
"2460",0.640948669614478,0.0935765801705459,0.0144771284710502
"2461",0.647421365556267,0.0774094589347187,-0.0297420440388084
"2462",0.624649226150847,0.0980297700003971,-0.0456482826582186
"2463",0.619420941961452,0.111493815028843,-0.0358140281724643
"2464",0.649080161599906,0.0828203655656065,-0.0141703839261874
"2465",0.615871907876895,0.0943529026411617,-0.0687090231551036
"2466",0.661050138882011,0.115132282656522,-0.056019244931891
"2467",0.587935666832982,0.0866911137603785,-0.0385541473141169
"2468",0.610860714385558,0.1022199188702,-0.0544713412137968
"2469",0.670960009819311,0.0928337342977642,0.00425020402754257
"2470",0.615396814271993,0.108886710596085,-0.0411227608276987
"2471",0.619044715071202,0.064680219445948,-0.0411366420877128
"2472",0.596558188451941,0.0631174663350479,-0.0374733281216529
"2473",0.61876696913072,0.113715262970351,-0.0519282475110721
"2474",0.654089429275625,0.0990060900533274,-0.00283047508835262
"2475",0.619330410661794,0.110228907788943,-0.026899359787777
"2476",0.633713476745716,0.0902425669330399,-0.039828269713991
"2477",0.636629279623,0.0938726050687643,-0.0511331612768261
"2478",0.635507524958365,0.0548821263494723,-0.0409594923317424
"2479",0.607837659352683,0.100175134264475,-0.0476233743959849
"2480",0.619171756796202,0.086523658626876,-0.0202252748948641
"2481",0.611300408657101,0.141248797301735,-0.0195899333146958
"2482",0.664719877057858,0.107218224566702,-0.0667745982327772
"2483",0.647002480453214,0.052916533749351,-0.0138951498955669
"2484",0.598853759275499,0.110909019582463,-0.04904338927686
"2485",0.632119665666226,0.0956592136268453,-0.00201531681274253
"2486",0.636889680269457,0.088217155157396,-0.0452955654597168
"2487",0.622813281931986,0.0925768502694217,-0.00852991054544418
"2488",0.659167977344302,0.104691335462317,-0.0154425720459637
"2489",0.639446755743581,0.0805058980574517,-0.0457406463407479
"2490",0.647550297145277,0.0685851591238089,-0.0188120278997822
"2491",0.620416373106349,0.0837641830290343,-0.031172618899108
"2492",0.687589506594791,0.0872928480885809,-0.0579769387547634
"2493",0.55957398953348,0.112319215239865,-0.04305984962573
"2494",0.652803869832949,0.0906924862898174,-0.0355589829476032
"2495",0.624264794716701,0.0914671541299065,-0.034994889189346
"2496",0.595928121799269,0.0630890497211476,-0.0478756199946082
"2497",0.632587217687842,0.0453336269766846,-0.0233007932459842
"2498",0.623480161200255,0.115549451246747,-0.0254531124308438
"2499",0.641344065831442,0.0898642772056165,-0.0308286925187366
"2500",0.610762256584191,0.0842278133417093,-0.0200761022849694
"2501",0.607497787210879,0.109869457012259,-0.0635272992414465
"2502",0.667162970534408,0.132407732775123,-0.0241613808793408
"2503",0.578535743879749,0.0718165363420259,-0.0487253372434224
"2504",0.585827277341261,0.0595918361431302,-0.0535448398603414
"2505",0.615258141801739,0.119554680318037,-0.0176103657872665
"2506",0.661776533935359,0.0990362088523885,-0.0183871780096056
"2507",0.653415636505405,0.0927037633848997,-0.0672537650950248
"2508",0.610629667267988,0.0814023447354693,-0.0285317193277216
"2509",0.64753352601392,0.128694798008856,0.0101665480201812
"2510",0.591648687112257,0.064205097614787,-0.0407018428000698
"2511",0.628624755819793,0.109616619765004,-0.0508511410641951
"2512",0.633211801022057,0.0692532829878391,-0.0617723707392827
"2513",0.669936337669841,0.111979148416877,-0.0300004750852308
"2514",0.615487746700229,0.0973898293105972,-0.0575201419935244
"2515",0.654202513201575,0.116849614392697,-0.0456110624341095
"2516",0.655575660662001,0.0817433888954949,-0.020177852381924
"2517",0.624517924917731,0.109342913196962,-0.00544501187512863
"2518",0.611510342605645,0.117580812432234,-0.0176698219555763
"2519",0.632384591471706,0.0586600192940145,-0.0950993566914072
"2520",0.626831160229419,0.0733026659679692,-0.0309253436527673
"2521",0.6300244122245,0.0887897723254194,-0.0245301541081767
"2522",0.621806549519476,0.0975097418238931,-0.0602907369331289
"2523",0.559501641447267,0.0362611494678085,-0.0409834609982366
"2524",0.581983964178982,0.0825268899879176,-0.0113282075726249
"2525",0.593460331792143,0.0947227996064778,-0.0600803864988768
"2526",0.642601946534049,0.0976859538976819,-0.033223695981198
"2527",0.591040759238751,0.110510604070561,-0.030701343817298
"2528",0.639078419180284,0.0838005037525871,-0.0286790934290105
"2529",0.625520700494405,0.0702902422208963,-0.0426171928665859
"2530",0.649446620473918,0.0950781315042701,-0.0278677768378691
"2531",0.633211795477424,0.0961805428722244,-0.0157153711745232
"2532",0.692157552333535,0.0677642596021248,-0.035501040760521
"2533",0.619799568565937,0.0916836086102184,-0.0349598088262229
"2534",0.632566124594904,0.0874555946444187,-0.0496552374183112
"2535",0.694533329750002,0.125017893545696,-0.0277332284408832
"2536",0.635779356088489,0.0698910828751055,-0.0617581963911745
"2537",0.638527615855254,0.0904884072720571,-0.0165065619852762
"2538",0.650575237187062,0.0909218004332194,-0.0719843384524985
"2539",0.632213058702706,0.0923850399339069,-0.040935892410853
"2540",0.618173687172882,0.0858521991874285,-0.0790308208729571
"2541",0.655171780898665,0.0771230020583452,-0.0308700857008504
"2542",0.630576556814815,0.108460791439838,-0.00702483752150272
"2543",0.595062609318778,0.0865604153641575,-0.0403567027108145
"2544",0.63466806385765,0.0878089415330191,-0.0314526821689307
"2545",0.627965913138712,0.0992595176279358,-0.0647297565941014
"2546",0.615692961511584,0.0978146573103424,-0.0547325098357268
"2547",0.607056506903339,0.0801307403367407,-0.0369191751137314
"2548",0.618147061468118,0.109093760475023,-0.0168402048148219
"2549",0.62836704753487,0.111506788966585,-0.0473770556107865
"2550",0.612113425379578,0.064234328742224,-0.0489449410370905
"2551",0.60433865573675,0.0806253912528564,-0.0681736995984585
"2552",0.657382773375963,0.106072605476001,-0.0365668637914209
"2553",0.628685126669833,0.0653916441941732,-0.0539546396763382
"2554",0.614069158952052,0.0820265053123171,-0.0181471678919936
"2555",0.628186320480094,0.0852108087651434,-0.059978165748434
"2556",0.644292197437949,0.100432533334688,0.00266213413705403
"2557",0.623389236191048,0.104984979827031,-0.0288628115145267
"2558",0.690560260309079,0.107151385920897,-0.00719721321281782
"2559",0.615519219878314,0.10389676608817,-0.0483825598635935
"2560",0.656184813031656,0.101551543193571,-0.0335437849362841
"2561",0.633415962229456,0.101853665647017,0.014126664223006
"2562",0.682380256305321,0.0957215897809892,-0.0233454972146594
"2563",0.680021562964433,0.138519478212664,-0.0304119579353361
"2564",0.594626342573148,0.0860481337985499,-0.0233528191450695
"2565",0.62851061249313,0.100275394036364,-0.0454948502460509
"2566",0.631596385346764,0.104548699249491,0.0118019736677778
"2567",0.597772748057819,0.0952082031880822,-0.0262526242995806
"2568",0.666896097026465,0.0987582362172224,-0.0426828983734642
"2569",0.65236627403016,0.0651194449847974,-0.0182596108212231
"2570",0.653839156709683,0.0850222439487028,-0.0367854707018611
"2571",0.576682179280851,0.0930518200844557,-0.0222459840432834
"2572",0.690087596642353,0.0677124006331413,-0.0870713783367393
"2573",0.6352920927658,0.0908140207915686,-0.0364322955006121
"2574",0.679665353378047,0.129923397233755,-0.0448986250831396
"2575",0.669563013764858,0.097303501332614,-0.0590594057558297
"2576",0.649163724434103,0.113504348716845,-0.0298705972616008
"2577",0.649334112878078,0.121034736347905,-0.00833215366660029
"2578",0.649189897685306,0.0763657778557884,-0.03504966019497
"2579",0.69554639918874,0.098594322886631,-0.0124468779158955
"2580",0.578409983497343,0.0836975302963921,-0.0077386329444849
"2581",0.624361649823575,0.12226306349351,-0.0434036962816941
"2582",0.622791158953297,0.0848089903305747,-0.0174120970890953
"2583",0.604479679860166,0.0723947949583069,-0.0565971802797056
"2584",0.644331053741239,0.102797544740816,-0.0779775016871088
"2585",0.656549388296453,0.087567630993395,-0.049012972086113
"2586",0.654118803665088,0.0746701517625748,-0.0871124824109537
"2587",0.654619343783876,0.0877449066195112,-0.0451046498216278
"2588",0.670640271427735,0.0747175789752296,0.00693918743206276
"2589",0.670618586963821,0.0710815019317931,-0.01525059577288
"2590",0.606916344380699,0.0513588280317404,0.0107298397787322
"2591",0.640803837027347,0.141665200442605,-0.0499094626566153
"2592",0.590128929291037,0.091918074438803,-0.0591004832846782
"2593",0.645716012123028,0.100356721226948,0.0126979414861358
"2594",0.635756223697156,0.0679417132647812,-0.0219203238787298
"2595",0.635669553564544,0.0624497768708556,-0.0419956353897268
"2596",0.630728298232801,0.0690364124400235,-0.0564694230382912
"2597",0.642015343522694,0.132288217379061,-0.0734002166041972
"2598",0.629105525045238,0.0449802797017123,-0.0324726989245881
"2599",0.677320710513737,0.135242496847666,-0.0290696016951627
"2600",0.605038582804933,0.108296178824533,-0.0310007281879475
"2601",0.654322243219335,0.0706728375275677,-0.0432303743356671
"2602",0.675044492746879,0.123425692004456,0.0102295090505145
"2603",0.613996087355336,0.0846041092769847,-0.073839028414571
"2604",0.607613139104758,0.0988060243216892,-0.092272924720304
"2605",0.636150099742979,0.0793704815969834,-0.00630232151960492
"2606",0.633667275794915,0.0897638228620563,-0.0456056831735717
"2607",0.62267017433352,0.0583254070592219,-0.0560738250325923
"2608",0.645749920964072,0.0966393164447309,-0.0294697249382306
"2609",0.609760748004571,0.120318099244202,-0.0635188106773373
"2610",0.641713375878334,0.106685201830556,-0.0650472108409266
"2611",0.636113466461049,0.0934659812568567,-0.0265318079376124
"2612",0.605083237084351,0.0975070839580144,-0.0538368119281544
"2613",0.602211131808967,0.0839218963067317,-0.0467396936749416
"2614",0.669813171975216,0.0800455374280652,-0.100015982528238
"2615",0.609003935963673,0.0647217507508366,-0.0458935724396176
"2616",0.64070142750519,0.0793556677687002,-0.0636074045110694
"2617",0.62081443915117,0.0886285040552706,-0.045757111697131
"2618",0.617254633633825,0.0729884149668228,-0.0140746373291524
"2619",0.603042543561089,0.0811294169949529,-0.0124264961414066
"2620",0.629994009858313,0.112445479813442,-0.0206992299357589
"2621",0.681606268025849,0.095806438727207,-0.053989113527713
"2622",0.64641388995685,0.109482188016624,-0.0125025046905168
"2623",0.626909292695133,0.11340498032228,-0.0570331749366857
"2624",0.628183837001648,0.0825684596407294,-0.0145513708975538
"2625",0.635867556302276,0.0707953509177589,-0.0150055583340409
"2626",0.620117576827502,0.064048173396956,-0.00486633040974073
"2627",0.609370699055169,0.103447391191888,-0.063006850601891
"2628",0.636051984082868,0.0954204788007978,-0.0187237362226327
"2629",0.605964242975087,0.0742792310660306,-0.0168862734902156
"2630",0.63457014316125,0.102456103643328,-0.00634142789205453
"2631",0.627210052076194,0.0709623579344,-0.083456477765236
"2632",0.617958500141423,0.12260192787631,-0.0371407681563567
"2633",0.635918279801258,0.0664609793594188,-0.0299167688758916
"2634",0.625195627893346,0.0736416593493154,-0.0254093574614983
"2635",0.637214306876797,0.074184342384738,-0.0658648387319344
"2636",0.648124151815829,0.0808859294244981,-0.0404278644525286
"2637",0.638435176572537,0.121719564009528,-0.0778538932054881
"2638",0.662688760398657,0.0773899940637264,-0.0338788476032657
"2639",0.637607672102455,0.118229503506335,-0.0025955801425552
"2640",0.643686813968075,0.086327853675871,0.0145687332513011
"2641",0.653438012478858,0.10047365410041,-0.0534033779611823
"2642",0.660646005242738,0.14585061296215,-0.0254241608544287
"2643",0.591800614470293,0.115934421365396,-0.0610051026780677
"2644",0.634750740215924,0.0773905221455015,-0.00888949532193148
"2645",0.637530563714884,0.0699458750798162,-0.0459924302288081
"2646",0.623829828274232,0.0930254673976442,-0.0496002306479661
"2647",0.639573319688942,0.0795728544772266,-0.0405266717017007
"2648",0.586327100100317,0.118916466632042,-0.00661775812612403
"2649",0.637392215667249,0.102771531479968,-0.0480710122216371
"2650",0.588105561700855,0.0437896869811316,-0.0205784884571257
"2651",0.64867279063644,0.0579300520123349,-0.0542081879293214
"2652",0.674186904621089,0.109043881360532,-0.00971537262801886
"2653",0.659915815972027,0.129438973297417,-0.0468393320483096
"2654",0.60295001986212,0.0953252675023882,-0.0679782868435903
"2655",0.602052721874806,0.0985198409533853,-0.0414822802817311
"2656",0.648676565127163,0.112771574600208,-0.0725812678877905
"2657",0.633389676682325,0.101701943820853,-0.0695908117954276
"2658",0.608832450070996,0.0661735822720387,-0.0499310012339865
"2659",0.638978558033508,0.0881673211099495,-0.0289747124655962
"2660",0.62857808884859,0.0640896384838469,-0.0384240584185712
"2661",0.633048016539612,0.0644120364200826,-0.0157415817593782
"2662",0.572784327808199,0.053151172040773,-0.019169376951717
"2663",0.587985809031157,0.0923683649711827,-0.0418455701187503
"2664",0.591585498902512,0.0654277989976725,-0.0614259317755601
"2665",0.672091488051976,0.071165709787352,-0.0386362487914081
"2666",0.619523581577106,0.0801304321978991,-0.00774300766126704
"2667",0.57616805705699,0.114273099858445,-0.0590141265124501
"2668",0.594143564504313,0.118444618221478,-0.0163584015648784
"2669",0.600183498248079,0.0752719302458325,-0.0674340507651241
"2670",0.587673796025338,0.0899953360638631,-0.0605638735639447
"2671",0.655200615050787,0.13001609002555,-0.0305268582262367
"2672",0.591208835672326,0.101450782991365,-0.00788405718592392
"2673",0.613779314336904,0.107606588835597,-0.0564131101649365
"2674",0.644113044234376,0.088271967485663,-0.0215909933286161
"2675",0.634460598753698,0.122466883510436,-0.0413592573664913
"2676",0.619736809611021,0.0775298677920612,-0.0487160718793768
"2677",0.608251642655332,0.0180418068146794,-0.0317942332305099
"2678",0.61523764237893,0.103044962807609,-0.0436324304834303
"2679",0.675249379624456,0.136093756923268,-0.039552313878194
"2680",0.650784365360193,0.0792178968676852,-0.0329860829845696
"2681",0.61521168659412,0.127211735139367,-0.0841269644917319
"2682",0.639591211987679,0.0946768359158507,-0.0346006375112873
"2683",0.597599866758032,0.0778894397049084,-0.0405536201862808
"2684",0.652622865492434,0.0850153612436621,-0.0127253122513834
"2685",0.62701269687181,0.123485782664615,0.00299825055594641
"2686",0.613646932610034,0.092923777859881,-0.0180058593532197
"2687",0.661203663324952,0.0944434619262952,-0.0381115706921804
"2688",0.670643302989873,0.0621964036785008,-0.0345407497044975
"2689",0.597720705136607,0.0612776507829423,-0.022810055122202
"2690",0.604010641014303,0.0803226075668586,-0.0206267863623473
"2691",0.582565061475742,0.111787290866219,-0.0416319083982397
"2692",0.693227199634146,0.122697662023571,-0.0528509254505347
"2693",0.607778409200974,0.0476456447552531,-0.0418122802548821
"2694",0.654074732653654,0.107324812247466,-0.0690508637548179
"2695",0.600067456825153,0.0694209522887392,-0.00360483002704044
"2696",0.64167016764788,0.0859177506884518,-0.0800833125893058
"2697",0.611646675604053,0.0984559633253941,-0.0476935621845449
"2698",0.655675209655954,0.111390283836456,0.000523797891692712
"2699",0.592411160725363,0.0400532620726353,-0.0665138149089542
"2700",0.620567537212374,0.115772920201808,0.00351375099796625
"2701",0.5807148868155,0.0444319202018042,-0.00876568887753176
"2702",0.649357318047732,0.115989736504526,-0.0473703065425715
"2703",0.608572550046022,0.0871927228112002,-0.0447654919205872
"2704",0.611761788363758,0.0895149581662786,-0.0562893399727227
"2705",0.609491172241727,0.100183000315368,-0.0181996847970858
"2706",0.63107850132964,0.089505612684897,-0.019124343257645
"2707",0.624625467748368,0.14205861298129,-0.0384645742623898
"2708",0.636930529277906,0.107558587976723,-0.0330108406345999
"2709",0.635430834184285,0.111876282002102,-0.022109446172077
"2710",0.639816833531721,0.0542997095730366,-0.0541360776137271
"2711",0.654288566479367,0.0874506720517164,-0.107112574005523
"2712",0.6273169227058,0.0556529721784889,-0.0284262599440739
"2713",0.554781840531945,0.0919115414751523,-0.0371421095889676
"2714",0.59906379073699,0.0834130633649858,-0.0326067554739047
"2715",0.676166011005156,0.103167636166225,-0.0673479673050673
"2716",0.65326663110977,0.104055376023905,-0.0320477426904882
"2717",0.586686975990187,0.0773464513968381,-0.0435472756371945
"2718",0.715893781880615,0.132442280906103,-0.0485608637130614
"2719",0.659797329342504,0.0940813983312855,-0.0242619591999029
"2720",0.632960810886041,0.128631057166529,0.00619637348180573
"2721",0.645006992351906,0.0912099633551839,-0.0302043515333473
"2722",0.588170780903363,0.0851620410390994,-0.038518249826244
"2723",0.595808809690578,0.0635852191385616,0.00154190985980023
"2724",0.630082188989,0.0658304457922156,-0.0626564050424623
"2725",0.653227561723683,0.0688563488509956,-0.0118968815116739
"2726",0.595135845170099,0.0700656377266514,-0.0300202734382164
"2727",0.643949081652233,0.0796845575220659,-0.0203031047987465
"2728",0.645328138784828,0.108139898245951,-0.0515626532171253
"2729",0.652977758765803,0.101890396256043,-0.026905144125757
"2730",0.614578525481541,0.0821151560095407,-0.0725251973419196
"2731",0.686379231079732,0.0772927679481522,-0.056525281797138
"2732",0.627754349028941,0.089760450105857,-0.041867951370624
"2733",0.631264498284082,0.0953680717497959,-0.0337294507219563
"2734",0.641401490121245,0.0635627787669931,-0.0200201651298952
"2735",0.634190257620084,0.138436334735391,-0.0477755570538105
"2736",0.557165889364775,0.088102674703446,-0.0624741890482228
"2737",0.632373882909103,0.13945354975787,-0.0136296275253676
"2738",0.617313405504761,0.0867518946198256,-0.0164954939646545
"2739",0.58517607896061,0.0982797907613791,-0.0454775195959375
"2740",0.628161354156567,0.0988629378662414,-0.0072598342183514
"2741",0.628569657975737,0.117812389522035,-0.0483002135825774
"2742",0.633142312804171,0.0737880545613005,-0.0163251102700594
"2743",0.652670441815556,0.08587290451541,-0.0440248798935706
"2744",0.636436955105785,0.112641082927406,-0.0277970229362655
"2745",0.592497596751129,0.107679958892689,-0.0349835889919587
"2746",0.614875189724702,0.112802285187075,-0.024736477851715
"2747",0.616089629346022,0.0965796880541763,-0.00647569959138835
"2748",0.604072641726706,0.0828865601902918,-0.0803352887277316
"2749",0.6203302372474,0.102317792441647,-0.073254302935882
"2750",0.600577014106278,0.0888351911083914,-0.00550462452343567
"2751",0.661018284213834,0.116900173307251,-0.061222847070897
"2752",0.622958977105795,0.0623102418425357,-0.0420666230185659
"2753",0.657888556070329,0.137978942420852,-0.0362760891363569
"2754",0.676242724784851,0.0798014954744651,-0.0530073091131742
"2755",0.638328757760014,0.0723183229664163,-0.0740819798233547
"2756",0.662117654958518,0.0935028423856584,-0.0222320013880523
"2757",0.62435343579081,0.0945944040687998,-0.0407781320910361
"2758",0.671466096424062,0.0596527462526816,-0.0643104677005336
"2759",0.647887457884026,0.103071183134326,-0.0112373716829437
"2760",0.596872570875739,0.102087293181169,-0.0339476412716496
"2761",0.640728639943517,0.0930674402118577,-0.0461531647160709
"2762",0.610277604464011,0.122736322902024,-0.0553642797025236
"2763",0.660151418041406,0.118057391548763,-0.00513854640959562
"2764",0.644736043674171,0.093202694428619,-0.0700395798745193
"2765",0.654158972929809,0.0603132969092767,-0.0504604792174483
"2766",0.682154564264783,0.103797473491373,-0.0376955394117927
"2767",0.586281637605783,0.101211407538025,-0.0553747739286092
"2768",0.653716758210203,0.0829878729033262,-0.0293417251965354
"2769",0.659453337479711,0.04322118615785,-0.0490729096280658
"2770",0.650003336246278,0.0940564855485781,-0.000688125874939133
"2771",0.577919973399412,0.0640993021329266,-0.00422947462540745
"2772",0.65968560131263,0.0952781858642063,-0.0299942282876386
"2773",0.645222262350766,0.112639945489303,-0.0131776325721325
"2774",0.718612376985729,0.0589050813361758,0.00599248291017369
"2775",0.588846897703348,0.0802124575344016,-0.0437001611176793
"2776",0.638799992481223,0.121502778471158,-0.0525655716185198
"2777",0.606333407717871,0.11267092167619,-0.00100906621082549
"2778",0.630892817050941,0.120261582471206,-0.0287383968649434
"2779",0.610043121685709,0.101080849053748,-0.0667546286858954
"2780",0.627908058687848,0.102962780870829,0.0132483932653022
"2781",0.659692226987356,0.133622655744827,-0.0461590507467909
"2782",0.641846460779336,0.0836651557292986,-0.0621279723341709
"2783",0.61826016391432,0.0440701712565889,-0.0553573658554262
"2784",0.678605200593754,0.117619789168001,-0.01563086797577
"2785",0.660215909948732,0.0743204675729034,0.00959765830109024
"2786",0.568138947049283,0.100486584823325,-0.0483839333692585
"2787",0.637248229440745,0.0846988714017245,-0.0625182023169001
"2788",0.603347383311325,0.105839135105757,-0.00244479699818793
"2789",0.647159950121223,0.103068334034184,-0.0564993764390915
"2790",0.603334532584368,0.0770127978232431,-0.0364075685569439
"2791",0.561436317187702,0.0316290220907073,-0.0586284097893145
"2792",0.627408250294416,0.0825906898693266,-0.0193913278790177
"2793",0.57720008976682,0.0555560965350976,-0.0534739148977522
"2794",0.646066767305204,0.0850459961598439,-0.0470297635830961
"2795",0.55475397357214,0.0836080967946034,-0.0519465145133265
"2796",0.647519655991368,0.0793158514291532,-0.0494173231498451
"2797",0.658939463289888,0.0672217816425679,-0.0277752248868636
"2798",0.659629460567755,0.0977787764823164,-0.0095950141191172
"2799",0.642031144243316,0.0724196104725441,-0.0681636462093472
"2800",0.612171040423462,0.0815177287209116,-0.0223938505005824
"2801",0.629786357966103,0.073358478619761,-0.0459300583526438
"2802",0.662103251657381,0.0837435435694912,-0.0143275333929053
"2803",0.614124956896406,0.0733822391699316,-0.0201648604278163
"2804",0.642464552766544,0.123588610108159,-0.0660146814790153
"2805",0.694210231238551,0.064680720927942,-0.0159034804218939
"2806",0.626121787705165,0.0711490758300144,-0.0590734887431684
"2807",0.638291610368968,0.0847474972293159,-0.0224658765750903
"2808",0.584042781350923,0.110921896968117,-0.0360269810980448
"2809",0.629133087669456,0.0871527867497931,-0.0160112392379413
"2810",0.638371361936797,0.089885477619769,-0.01616055686144
"2811",0.611199944462789,0.0544582301421515,-0.0101141020354668
"2812",0.630328365605143,0.0784530840980775,-0.0371769708211067
"2813",0.573577024514109,0.0949604888759615,-0.0650707405624175
"2814",0.580456905446842,0.107816757543131,-0.0119006509426761
"2815",0.638341296376498,0.0993177448830853,-0.0567751157972954
"2816",0.651869753148499,0.0906999403489043,-0.00940285759283046
"2817",0.614533313744774,0.0964177697337886,-0.0239691091154027
"2818",0.639484281651395,0.09290008439644,-0.0418731217682509
"2819",0.645652654724442,0.0795254009372667,-0.0257044975419153
"2820",0.63967409696635,0.103036019755003,0.00152433356076664
"2821",0.630616696145009,0.0955061414482467,-0.0125483728053908
"2822",0.661966108134653,0.116262807056003,-0.0284741010362377
"2823",0.605387218025644,0.0992667440078335,-0.0112954056543209
"2824",0.581544996664913,0.0440327877815774,-0.0260296771630703
"2825",0.665159471492583,0.092465835987333,0.0166390027350533
"2826",0.674124020241036,0.0686120480940471,-0.0949712845205291
"2827",0.671471144145097,0.080671683374997,-0.0261744388719175
"2828",0.649351677813133,0.0924160231371013,-0.0555339268339606
"2829",0.631462313666946,0.149636900414559,0.00584257843704919
"2830",0.658918638108459,0.122431638565016,-0.0671703384038553
"2831",0.612460155738163,0.0573902945902907,-0.0371044223577098
"2832",0.650771684799161,0.0764324464823532,-0.0738650287623263
"2833",0.596097857119048,0.0860455028046534,-0.0487048357443309
"2834",0.631294190225712,0.0714823305722167,-0.0577121014735515
"2835",0.654587591576639,0.126010317732203,0.0176475131593318
"2836",0.645994794304165,0.0758066268893142,0.0017572625089712
"2837",0.656107312085298,0.105813361819053,-0.0117713530878819
"2838",0.630045013115279,0.0654010343482725,-0.0249897560173603
"2839",0.646418029535421,0.10287875849032,-0.0503464188677438
"2840",0.672600355230001,0.0851680284713296,-0.0206544060949274
"2841",0.592303941408349,0.111026078561715,-0.00414549586245957
"2842",0.599383266758595,0.113710332680903,-0.045766557796425
"2843",0.655825506812393,0.0801304489305045,0.021385073223513
"2844",0.636819184075594,0.104433440661283,-0.039180544442807
"2845",0.611183988370075,0.0719584059797326,-0.0332276436607571
"2846",0.650487021223183,0.121448249735655,-0.0817283056760676
"2847",0.667128769190728,0.073126734152157,-0.0183596319614998
"2848",0.626178981096163,0.132575114343812,-0.0556979693656741
"2849",0.647719267702251,0.111873820849143,-0.0139102380989958
"2850",0.609860875948505,0.1149805970383,-0.0553758144707401
"2851",0.589507488924489,0.0940602720804421,-0.0230712727041986
"2852",0.607034616424557,0.0647879717509853,-0.0520910072156157
"2853",0.590858455766168,0.0892617038789689,-0.0424078857692726
"2854",0.6244158601818,0.0685652106197523,-0.0802942567538955
"2855",0.590086920774012,0.121102730665437,-0.0331017461792907
"2856",0.604000816422884,0.107747311888669,-0.0400672659840154
"2857",0.604751681481236,0.105160128907665,-0.00695322494473246
"2858",0.592217626766726,0.0913787604077838,-0.0283422237723386
"2859",0.646088186521932,0.0818671417319723,-0.0630852329226866
"2860",0.66724879562667,0.0788973145153237,-0.0205578185338019
"2861",0.573847387110046,0.0911179768504853,-0.0550567061313051
"2862",0.682884801168615,0.123761454926723,-0.0384419339305228
"2863",0.65723064437401,0.0792573264616425,-0.0145966941659465
"2864",0.679774977876169,0.107429372587821,-0.0345297397831069
"2865",0.656319427674656,0.112032936881608,-0.046580782557667
"2866",0.623898522513084,0.0891729288596037,-0.0177446131115784
"2867",0.664411896451566,0.10033630779487,-0.0342211356341395
"2868",0.6593252477216,0.0751736199788472,-0.00948622405717696
"2869",0.580353941881851,0.092657753601754,-0.0536766854393967
"2870",0.66114955500592,0.0691417836852977,-0.0422037799947696
"2871",0.617770877133416,0.0835283953610772,-0.0567578398609652
"2872",0.643746281525923,0.0242822097958857,-0.05933436992297
"2873",0.664333319393108,0.0973754838830774,-0.0470985928753759
"2874",0.609799942911303,0.0552131644978961,0.00142777607673336
"2875",0.627042574690402,0.0920351699134459,-0.0841457082820685
"2876",0.632298822810025,0.0975703537801029,-0.0731329859721187
"2877",0.619930976530222,0.0871451682727891,-0.0513722868447621
"2878",0.594461533765936,0.0603034405409729,-0.0642551259186768
"2879",0.59528791020424,0.130522159983627,-0.0441453257173064
"2880",0.630656612547252,0.0946388464947049,-0.00288263506161102
"2881",0.629475984819659,0.0916558877650629,-0.0425445875346804
"2882",0.640995603462638,0.0985367488970075,-0.0594978778701951
"2883",0.62179330365678,0.0487989657232709,-0.0532805289010446
"2884",0.648049019219563,0.0847170891918827,-0.0714821247254197
"2885",0.657021526679443,0.115253103186013,-0.0430021086676097
"2886",0.600270669905135,0.0726485265098615,-0.0622924546126714
"2887",0.644376682750142,0.0752553974355893,-0.0612701691072202
"2888",0.63270284251673,0.111141661061158,-0.0259784443704305
"2889",0.629084928709389,0.0644632051492414,-0.0405576039308403
"2890",0.617749910006246,0.12649232983075,-0.0629168717156212
"2891",0.644195046651322,0.0547712698882546,-0.028684614571081
"2892",0.613435764179384,0.11092457328263,-0.0544659693081654
"2893",0.667582707707205,0.111289040765087,-0.0468798963060546
"2894",0.594005619369716,0.111796347824053,-0.0446966312214299
"2895",0.673538989672702,0.105360934489773,-0.0480479454401053
"2896",0.644714837760255,0.116990048210225,-0.0419472718302236
"2897",0.621108587371626,0.0903757085416075,-0.0526650751988982
"2898",0.613741249118256,0.0861496731062721,-0.0555183663779014
"2899",0.579289974995167,0.0646663742508849,-0.0271588064487145
"2900",0.601211794461484,0.0737049630307686,-0.0275626676260832
"2901",0.634663636580828,0.0982263793047513,-0.0297954232963233
"2902",0.627419409355243,0.100815926252379,-0.0292121412573341
"2903",0.660956691270926,0.0949251607379801,0.00203622243989992
"2904",0.608042860883887,0.0905421496463393,-0.00315467494139279
"2905",0.652217464554222,0.0533163950324177,-0.012293594667305
"2906",0.613025028570509,0.0953460416216449,-0.0228099069942244
"2907",0.661046368862962,0.150195825572102,0.00799169704599367
"2908",0.592328643957163,0.105248038430002,-0.0449943821872713
"2909",0.617737496813958,0.151502541924999,-0.0442179717190904
"2910",0.616867180399724,0.146936841629785,-0.0688984603821956
"2911",0.628240386775479,0.0798146220268,-0.0196375614670464
"2912",0.641160581323525,0.109961145814102,-0.00789461156965096
"2913",0.664674111793491,0.0850018162184507,-0.0597233806705774
"2914",0.609217573452637,0.104904105965458,-0.060378270741394
"2915",0.622667165072439,0.0922252439297489,-0.0619648176592452
"2916",0.622052934514418,0.0903481783016479,-0.0280076768527395
"2917",0.665673780759516,0.111089671321946,-0.0106342498784865
"2918",0.63755250914881,0.0783310010329394,-0.0465411077217873
"2919",0.618302241517568,0.0768711738133829,-0.0212478910807573
"2920",0.607341198294235,0.0480665624840004,-0.0170937529793415
"2921",0.64468217594922,0.126476561072938,-0.0507163261635531
"2922",0.651453329350031,0.0892716780429249,-0.0315348338826176
"2923",0.650039210983898,0.0890372811990249,-0.0162524469678773
"2924",0.650293663068887,0.0830399846441129,-0.0117090404471845
"2925",0.668181274331252,0.104977804668329,-0.0434402605703605
"2926",0.629254842642188,0.117524772660507,-0.0153502144335175
"2927",0.676739214561424,0.100408867691002,-0.0227776120304379
"2928",0.638774099366526,0.0324624201921373,-0.0167458433041206
"2929",0.657945183930247,0.0981366040628067,-0.0419736300816646
"2930",0.637882131606775,0.0733975337588284,-0.00842119929654539
"2931",0.588925224431351,0.113711722521158,0.00532268819068753
"2932",0.61705920766215,0.08998245207074,-0.0265662440699707
"2933",0.646973122643932,0.126618474601821,-0.0273251162209594
"2934",0.634040380522487,0.0789341082356566,-0.00766724510098364
"2935",0.653237069473826,0.116025070645313,-0.0545146238956257
"2936",0.5973133717385,0.120906992011384,-0.0455715643132015
"2937",0.655823350919945,0.137463341788274,-0.0409373690697255
"2938",0.565777585523763,0.0890342785208731,-0.0328755018510237
"2939",0.606574363573109,0.0825578533179646,-0.0517681877147619
"2940",0.675392714796287,0.0643256549120526,-0.065267484187544
"2941",0.62070602983921,0.0835613236129559,-0.0206571579464078
"2942",0.606326702469409,0.07201428790523,-0.0232568610142246
"2943",0.613517168658441,0.0912801358355143,-0.0511038009380183
"2944",0.660819535893191,0.0631748524886401,-0.0648871395904835
"2945",0.676549523035388,0.127577991663202,-0.0172924711477385
"2946",0.676660130522488,0.11228504384824,-0.0217943259930645
"2947",0.593511588414034,0.0818553944257577,-0.107655733513974
"2948",0.615841446037819,0.129626566970231,-0.0454800610331933
"2949",0.672949249130219,0.0627594293172903,-0.0499575975264891
"2950",0.663028950052767,0.118604945881488,-0.0532420043728387
"2951",0.684417439846655,0.11379507978229,-0.0282601099964016
"2952",0.628883063485087,0.106364563037486,-0.0407382393798653
"2953",0.658586140812334,0.102175313618421,-0.0251288944147929
"2954",0.630739591278864,0.128714213250639,-0.0439324751643283
"2955",0.650277421902543,0.128212176611455,-0.0456813995970774
"2956",0.691190555758777,0.117608047362376,-0.0545630634876715
"2957",0.633514850339599,0.0723157248307796,-0.00234576960142154
"2958",0.619224694912279,0.122431190905718,-0.0106393908544942
"2959",0.660214546102762,0.106408667909846,-0.038998523397034
"2960",0.6387156967247,0.126451124030469,-0.00918393150762189
"2961",0.649942016112364,0.11546442754494,0.000190061786547395
"2962",0.609443935813176,0.0859843723924009,-0.0511633866751874
"2963",0.639902148748833,0.0636843499041459,-0.0595995611687758
"2964",0.682948390690364,0.10167651439801,-0.0283690028997655
"2965",0.635618886203196,0.0879945706032873,-0.0467720079906919
"2966",0.616611442674429,0.0957834311061453,-0.0148201681557502
"2967",0.656812181707868,0.112315304919314,-0.0403373355467528
"2968",0.687378019944203,0.0970855937173672,-0.0182430091843372
"2969",0.604124094769809,0.0942445084202498,-0.0495537605677934
"2970",0.629783292221316,0.0890661221110831,-0.047145971968933
"2971",0.648629046197847,0.123880724638467,-0.0227580711854239
"2972",0.685769451771409,0.114101605600116,0.0057183631035538
"2973",0.654169708893571,0.0987497656466287,-0.0331970964537946
"2974",0.61815821496192,0.110631444823427,-0.0551127228889404
"2975",0.641178088983461,0.0733632313521803,-0.019314422555094
"2976",0.619663231152807,0.0430039783846476,-0.0636290538238439
"2977",0.643014226169302,0.0876551503039157,-0.00594301838833576
"2978",0.658384450065229,0.114619536831025,-0.0338613516180065
"2979",0.601033268526282,0.0781633889835947,-0.0437278163901808
"2980",0.577807250774105,0.11656269399008,-0.0540394340905187
"2981",0.679307291386752,0.100672838199238,-0.0318669873145736
"2982",0.681160737583524,0.0843814900182148,-0.0401363756209287
"2983",0.588989340055083,0.105454901644272,-0.0485947592362478
"2984",0.616269368499517,0.0902532696345675,-0.021774854206453
"2985",0.630958632851181,0.0902499884894771,0.0176215301967974
"2986",0.596280930350331,0.0871787544058551,-0.0516485346025654
"2987",0.616488318392266,0.11268538562016,-0.0455685068061296
"2988",0.613190378863491,0.096767011357511,-0.0149287661000926
"2989",0.654231470001108,0.0998345047485013,-0.00558776961092967
"2990",0.546351147711852,0.0740878610070006,-0.0411282039193624
"2991",0.618720493582235,0.0992634520687306,-0.0345624725409826
"2992",0.570070119359021,0.080444630315387,-0.0327617598071835
"2993",0.610165122305513,0.0563045315078649,-0.0394984639192316
"2994",0.642525502254238,0.111985502877145,-0.0187170381577383
"2995",0.612487736353208,0.102381581219549,-0.038990232352602
"2996",0.663044694982171,0.0755870322298545,-0.0461601534063045
"2997",0.64961680620123,0.0666622099153067,-0.0365711443762734
"2998",0.611852675435106,0.0918370233356389,-0.016962143464915
"2999",0.628336655822492,0.120773158793702,-0.0673680452181487
"3000",0.629867520727883,0.139910613948159,-0.0438098112052312
"3001",0.656905397983569,0.102832216368015,-0.0184976613494952
"3002",0.593377218048556,0.0766550755197181,-0.0412275245701959
"3003",0.606727768646003,0.0713405943969193,-0.0106414330649181
"3004",0.648355158729284,0.0479956173071476,-0.0348680806131852
"3005",0.606575905976023,0.132007281967162,-0.0313100540766746
"3006",0.649081120669825,0.0977992867600547,-0.0108076257902849
"3007",0.643585785408791,0.0854012659862277,-0.032355742988912
"3008",0.62156215734154,0.11631126677518,-0.063783079354155
"3009",0.615554322309601,0.073744335724214,-0.00968877555136882
"3010",0.606905036710052,0.0876873612205955,-0.022525743329697
"3011",0.663123071527929,0.106218353017998,-0.0182879943057767
"3012",0.641181894566635,0.0773000229784471,-0.0727115261163249
"3013",0.664995501545621,0.0508024290697644,-0.0383567274311496
"3014",0.626321582104773,0.142955285355537,-0.0109127083623765
"3015",0.623677481368686,0.0976568610298262,-0.00555426269800798
"3016",0.641966976339426,0.104961173587175,-0.0208923674263785
"3017",0.618756775600723,0.0966346167607225,-0.0604972359042546
"3018",0.635092689729478,0.112075280886003,-0.0334659524595886
"3019",0.664608615711108,0.0967657845608353,-0.0126100607217193
"3020",0.617662606540806,0.0999541270719217,-0.0501675033194481
"3021",0.586275687152845,0.0972012483807441,-0.0422089945106965
"3022",0.567328139992907,0.0786829122869174,-0.0201693607660965
"3023",0.632123001038052,0.0796638727945362,-0.0552226494130158
"3024",0.651510108670378,0.131922883328762,-0.0552482088407107
"3025",0.635044171929891,0.0709909228236963,-0.0245368343069893
"3026",0.593084210832853,0.0892688372812275,-0.0360347510651501
"3027",0.66256466519449,0.133380662699706,-0.0874287056050162
"3028",0.602117406606212,0.090302195875719,-0.0390234311317484
"3029",0.616731357413134,0.112094060959833,-0.0524645521477236
"3030",0.642389012487333,0.0754683604232744,-0.0754435309245788
"3031",0.628441910205172,0.0785854375582352,-0.0137508185109773
"3032",0.63523272290299,0.0543640604204324,-0.0199680556482914
"3033",0.69155356200416,0.105273103038391,-0.0475985834188495
"3034",0.629201623437001,0.115050950296253,-0.0360473374682879
"3035",0.640187602660775,0.067127385742668,-0.00176502204648196
"3036",0.638278529963264,0.0913366756494765,0.00313874683050279
"3037",0.66522856114733,0.0551681517337322,-0.0400235948556282
"3038",0.622872680768619,0.10305324972286,-0.00171142911422767
"3039",0.629964665747198,0.105170047648504,-0.0548321746389983
"3040",0.642274006688229,0.130327955842671,-0.0638094098166687
"3041",0.633980275905925,0.0685660431875209,-0.0522772886944132
"3042",0.652069081108246,0.0592576594894085,-0.0370399436760539
"3043",0.654316463904692,0.074952679642637,-0.018028696102914
"3044",0.621661493872041,0.0648944240398884,-0.0654690796054257
"3045",0.646274578023899,0.0899102751747978,-0.0615413795360021
"3046",0.62766753322653,0.113748260048524,-0.0493642906901868
"3047",0.623080836482917,0.105756910301435,-0.0185231666364261
"3048",0.659397756952213,0.106854099732223,-0.0525064513568235
"3049",0.614301731697491,0.0983969429093432,-0.059580418472704
"3050",0.611900534918275,0.11538188961357,-0.0504646538164861
"3051",0.667736442207897,0.0700547750802223,-0.0329521317316123
"3052",0.618636739791531,0.0915333796161828,-0.0302831464600554
"3053",0.598742113832284,0.0558966860214902,-0.0441680366610864
"3054",0.62326090000028,0.139844239220298,-0.0035151685621057
"3055",0.642115477356955,0.0831662417780197,-9.9891129663271e-05
"3056",0.629892580046644,0.0849537155602732,-0.0437395300268157
"3057",0.642055737849543,0.109347647643376,-0.0547567477043979
"3058",0.535403523455902,0.0842439701260844,-0.0486070757439514
"3059",0.644593771158183,0.0798743024367083,-0.0141582898462975
"3060",0.619962833365415,0.0781459480145456,-0.036931959791709
"3061",0.661843581238879,0.104495988067787,-0.0202223278062505
"3062",0.56576743244149,0.0857685497216793,-0.0214407843603456
"3063",0.647584983793632,0.123072354473673,-0.0247816111222293
"3064",0.662541794258702,0.0756497338953636,0.0201807435790576
"3065",0.638362687600121,0.0694591483104946,-0.00816074437849809
"3066",0.639952699736371,0.0971712530227394,-0.0667331524024953
"3067",0.726796127247449,0.12409391939965,-0.0395201162027673
"3068",0.637298846663495,0.0658834957432069,-0.0255311334925928
"3069",0.637745985864805,0.097675869573616,-0.0349484005255549
"3070",0.666314101563767,0.114411115343568,-0.0091078607631981
"3071",0.664271321857367,0.119567999789592,-0.0577602710039817
"3072",0.608024094983198,0.0840318921743107,-0.00291350744633145
"3073",0.586247421035381,0.0751315021608889,-0.0452348626361915
"3074",0.623125739892776,0.0663524662139735,-0.0509251825117987
"3075",0.620789504368616,0.0773411606448743,-0.0247327813620779
"3076",0.61095843651166,0.042777326039962,-0.0493075308169479
"3077",0.646625686425331,0.10710730636533,-0.0526972206862468
"3078",0.674109765202141,0.0932906512151105,-0.0225245769329649
"3079",0.598032119270853,0.0997515241700697,-0.0599420560296525
"3080",0.63792811949794,0.101663787505816,-0.00152657376109526
"3081",0.613354952986227,0.0758601457400285,-0.0311321756051807
"3082",0.701940523618356,0.124413919025697,-0.0200172477470654
"3083",0.584797039816034,0.0553218881784417,-0.0563579406280722
"3084",0.606970458122848,0.0541916542989537,-0.0361257785895364
"3085",0.65964073013648,0.118521504722713,-0.0617571249715399
"3086",0.657331483866697,0.107301090155995,-0.0265715786894448
"3087",0.608243888858862,0.11834274730952,-0.032563267759512
"3088",0.613016768904551,0.13572481261503,-0.00873877581675893
"3089",0.643409929393158,0.0665035319296434,-0.0365838690685616
"3090",0.595038402576388,0.0926412622144895,0.00998942405726767
"3091",0.656028629512277,0.0801037765090283,-0.034057562161113
"3092",0.59662318490131,0.117303132675375,-0.0762927004705433
"3093",0.645189550139964,0.075388640856087,-0.00834836164092486
"3094",0.660884277227707,0.121331306538123,-0.039297720928725
"3095",0.597805390995212,0.0931176010248793,-0.114558216226925
"3096",0.714378884735082,0.0968075642264875,0.00869317961171322
"3097",0.627311454629004,0.111617454798619,-0.0190413183696094
"3098",0.656133828468151,0.0832231359571136,-0.0280363119675188
"3099",0.594660177298638,0.106019072776077,-0.00587056050441185
"3100",0.627293652529759,0.111739957369884,-0.0852407150886366
"3101",0.627643902707332,0.123295019896031,0.00208638454817057
"3102",0.672658839880579,0.0825325341905,-0.0360613165436222
"3103",0.654005702163,0.127912241803672,-0.0268301133823613
"3104",0.661321887415979,0.103732161906164,-0.0626795707513633
"3105",0.615459972950512,0.125908264609864,-0.029029606087057
"3106",0.636951109241321,0.113248315521121,-0.0532412248984014
"3107",0.65999113723701,0.0941282150338138,-0.000370465611043806
"3108",0.654644760777075,0.0959603147071773,-0.0235454143309792
"3109",0.634921777327483,0.0889638223128831,-0.0488554806349709
"3110",0.640808382759138,0.0988654391035592,-0.0317598814147086
"3111",0.555944713137945,0.0562561413497002,-0.0803224992132217
"3112",0.583067662309842,0.0830319133659349,-0.0483773818358323
"3113",0.572086748919938,0.0596226424358915,-0.0550518623066041
"3114",0.632901011033973,0.111455219235512,-0.0640255528594028
"3115",0.645663217442973,0.0751704773841483,-0.0633567744487004
"3116",0.563089519642678,0.0774994104275707,-0.041523456252447
"3117",0.603168265121945,0.0851757228986702,-0.0221643276308338
"3118",0.616759298807875,0.063910602484782,-0.0217267450522277
"3119",0.58846287058451,0.0668046009413009,-0.00998077102306938
"3120",0.651903322199,0.10030641356308,-0.0221024019658246
"3121",0.654424535210321,0.0961181340355425,-0.0255175450138044
"3122",0.64592631845768,0.0618080540198317,-0.0427929736265403
"3123",0.683712467720703,0.119164607113179,-0.0742586040122568
"3124",0.634826798975717,0.141894153853741,-0.0582214126365867
"3125",0.643673395387993,0.0951318042060429,-0.0859547320398894
"3126",0.607620345716147,0.107053491679502,-0.0576380261549515
"3127",0.559962924312649,0.0747356830445491,-0.0111081538358626
"3128",0.618781718614307,0.120520161541759,-0.0485067140153297
"3129",0.609356914730483,0.0614160257695057,-0.0306943698621329
"3130",0.618610471296313,0.118195489377784,-0.00415107947770318
"3131",0.636890807576143,0.114331529887639,-0.0550539515287211
"3132",0.612421926776873,0.0900790235211705,-0.0152351372859155
"3133",0.650858477593915,0.104207557185726,-0.0131244158303149
"3134",0.659307148341839,0.105394325852513,-0.0400942861639309
"3135",0.586659892188647,0.0956676589845136,-0.0252800613363624
"3136",0.715719926163226,0.116149311366118,-0.0406863242139245
"3137",0.668624162188624,0.0978003776608342,-0.0229839767655442
"3138",0.570028665606059,0.113397353202103,-0.0521556682826645
"3139",0.618674983250663,0.102063059643139,-0.0503894618558175
"3140",0.611522888550081,0.0866633470243467,-0.0576758731724542
"3141",0.59889067000419,0.0850882974185661,-0.0173365038588802
"3142",0.617076297467087,0.102124275825336,-0.0326462119347921
"3143",0.641384885601122,0.0568970959229537,-0.0163347327297878
"3144",0.618484449503948,0.0909151421395565,-0.018778738450835
"3145",0.650591060729307,0.110690807929122,-0.0866051908601908
"3146",0.617241754703579,0.129018336591512,-0.0177338538343869
"3147",0.618553633776978,0.0639671871591377,-0.0426065351151376
"3148",0.587975149982395,0.0664092755178079,-0.0414394062741978
"3149",0.622848297106999,0.137139202494862,-0.0799728202664997
"3150",0.567391244321794,0.0958115326768097,-0.0421726398640613
"3151",0.648784021312926,0.0842509110448114,-0.0483251004958277
"3152",0.692092234197793,0.0703481375263184,-0.0572545123656349
"3153",0.650074530156466,0.0785556589032142,-0.0441230705784559
"3154",0.636071894990022,0.126110307731631,-0.0555519327752403
"3155",0.630420050578581,0.115770871331299,-0.0325908613275553
"3156",0.667997347904571,0.0917598232012887,-0.0469043592315101
"3157",0.626751275328073,0.0833841375934845,-0.0594298614025226
"3158",0.630639415633659,0.1004844727684,0.0051955618858651
"3159",0.616447154685691,0.0908301714770185,-0.025190433556071
"3160",0.599181025006705,0.0899945465891306,-0.0245427021393041
"3161",0.656192814205713,0.0928576657473949,0.00683847285834818
"3162",0.637240210048952,0.11034027682682,-0.0363065848123294
"3163",0.617047426641808,0.051384159379411,-0.0229586074026233
"3164",0.663182999098672,0.130427896305708,-0.0414647755764614
"3165",0.583395470999461,0.101042616341762,-0.0685069352456997
"3166",0.639492068833837,0.0562332295280069,-0.0502717282097661
"3167",0.601946417276085,0.101134047115265,-0.0428448086777279
"3168",0.585910952350694,0.0823151829729783,-0.0648583047928882
"3169",0.627659285807616,0.0769966334688818,-0.0470302849026535
"3170",0.600534855096112,0.0908236600548239,-0.053580852853114
"3171",0.632922870770157,0.110442827508888,-0.0624486484952211
"3172",0.577623746779523,0.0927324636009315,-0.067376788137384
"3173",0.615243930466852,0.0569386183267489,-0.0603849157910869
"3174",0.624651008739775,0.0947768847562764,-0.0371244777797278
"3175",0.610488576562108,0.113874181346153,-0.0172686165272195
"3176",0.596551425150404,0.0864070324178514,-0.0336951520803876
"3177",0.574143264432075,0.0906128512165477,-0.0539770305634916
"3178",0.657105024272884,0.0880661740654319,-0.0146606155611659
"3179",0.671934160283738,0.118791013495967,-0.0329915549765325
"3180",0.610335663168743,0.0826343524019665,-0.00426972043475904
"3181",0.633215517396351,0.0783896561630397,-0.0392534958706554
"3182",0.633577962742598,0.126972855306826,-0.0622091305298785
"3183",0.656990952221961,0.0927896701352189,-0.0232262710817531
"3184",0.617245180106929,0.0805215984034908,-0.0343970827983402
"3185",0.652892559940092,0.114555625940447,-0.0418387022651903
"3186",0.622343957836323,0.0767327188896069,-0.00640625815116135
"3187",0.593336202645051,0.0641023940788016,-0.0580696387403363
"3188",0.635777140813061,0.146338234128451,-0.0533580512798796
"3189",0.60679328218096,0.104425497897032,-0.068781352500217
"3190",0.551867987281888,0.0575143247269528,-0.042491110236906
"3191",0.611849868622987,0.113362075497904,-0.061267403235581
"3192",0.61435454697226,0.122083022765311,-0.0743416838607673
"3193",0.581934998103784,0.0780794251355699,-0.0539186431963114
"3194",0.633713279208086,0.101489561343614,-0.0603125873217124
"3195",0.66656870070787,0.118471978316336,-0.0354448090483417
"3196",0.632478229600894,0.0648483637021911,0.00551931871388039
"3197",0.688254587732966,0.0878434932440373,-0.0284837194436271
"3198",0.63057553563809,0.10862312268829,-0.0320091024304878
"3199",0.677833113281271,0.147565877745199,-0.0222430065576844
"3200",0.62003728661919,0.0849573996678888,-0.0513586490878432
"3201",0.628237688699539,0.098398658273291,-0.0834461744933577
"3202",0.638815566989706,0.0648332775756328,-0.0509369392032748
"3203",0.659296562608765,0.0968759229512241,-0.0323382155798844
"3204",0.594368966099183,0.0634038653268539,-0.0750415996823407
"3205",0.631815176625957,0.11529964202167,-0.000340178544291171
"3206",0.621232955546444,0.093993319217103,-0.0288573270837045
"3207",0.68368491131311,0.10245498028656,-0.0298727014493333
"3208",0.553193975788827,0.0849513363649442,-0.0559379962322398
"3209",0.615765971516559,0.0844877622799501,-0.0419503338974773
"3210",0.649398045388591,0.0859921813226486,-0.0811284104246121
"3211",0.685716686109919,0.121313567529703,-0.0381361647517873
"3212",0.594738324250634,0.107684398223147,-0.0860669994026299
"3213",0.602799619866515,0.0820726097775366,-0.0533689880259217
"3214",0.643929682605493,0.131387023518361,-0.102323460787826
"3215",0.670490819488757,0.0548494190871104,-0.0420934600804601
"3216",0.630850518173776,0.0795774430084649,-0.0601544021021714
"3217",0.627214263344517,0.0610652983139363,-0.0358079246128445
"3218",0.598644431264688,0.13388743202705,-0.0380400607217371
"3219",0.603864560753732,0.107592614281026,-0.00932988604466566
"3220",0.677624882690184,0.109515119070767,-0.017964579720166
"3221",0.667049229176605,0.0759197040182278,-0.0284938711990559
"3222",0.695013753466907,0.0260411399378028,-0.0460222311662381
"3223",0.637931631346401,0.0892273047822511,-0.0278723719505927
"3224",0.613881318595728,0.0874550987848153,-0.03815350509645
"3225",0.668634642318695,0.101572535211455,-0.0326269385358524
"3226",0.605427465360534,0.102138617978137,-0.0315774326854849
"3227",0.648787099247315,0.0703961575812876,0.00988869135677643
"3228",0.639693781893608,0.0780189336565447,-0.038037349869437
"3229",0.626159709029163,0.0969124979512689,-0.0466382733271615
"3230",0.632083463869685,0.0748819632677367,-0.0890154685329246
"3231",0.603497546935435,0.0622063916162275,-0.0230030704931884
"3232",0.573897561650373,0.0630176826398826,-0.0107846353237875
"3233",0.641361330958996,0.105760634305611,-0.0663839054538369
"3234",0.583282587409855,0.0758084724338766,-0.0378626194314461
"3235",0.599531456185617,0.0683139266723508,-0.0242742079521742
"3236",0.61624819868159,0.0583272896026606,-0.0442473407554247
"3237",0.64365911969748,0.0968998443090992,-0.0246197655572708
"3238",0.587561321153843,0.0958540894119136,-0.0519422968200426
"3239",0.666491369801035,0.079523524521742,-0.0469329223218537
"3240",0.625715905073759,0.10104919099562,-0.025966066045215
"3241",0.651543489129813,0.0750438119104409,-0.0436199969306294
"3242",0.642641714743931,0.091040462469684,-0.0882783104289713
"3243",0.628553480078583,0.0802173274156729,-0.0355807662154174
"3244",0.649080175737071,0.0900365771171007,-0.0603081463238907
"3245",0.654539767626483,0.0649548066318506,-0.00406966775213648
"3246",0.721129437692311,0.0293890788655486,-0.0784397254234973
"3247",0.554581590702023,0.0607831183630284,-0.0344580780847165
"3248",0.66005625885028,0.0891889984231144,-0.0555394181966316
"3249",0.615686709697319,0.053243213552791,-0.0370397850221224
"3250",0.602400346067409,0.112755728572931,-0.022653927056393
"3251",0.686679182703237,0.0792465873473434,-0.00734093628301758
"3252",0.622224027724551,0.0770865251884377,-0.0233892053022139
"3253",0.603639579130605,0.100375900082473,-0.0111710751893948
"3254",0.615791001877698,0.0946689843615171,-0.0613627580618625
"3255",0.572530964045574,0.0824615276224748,-0.0443286525554879
"3256",0.646298072007944,0.095391623251988,-0.0172958060680083
"3257",0.605024956480676,0.0642541552977476,-0.0494668260880918
"3258",0.633177418913568,0.103056339858065,-0.0424033602342979
"3259",0.593652478548141,0.0894175265742015,-0.0369874598912557
"3260",0.659057997986904,0.0963743947663799,-0.0131415771688096
"3261",0.671668222294643,0.104058976142928,-0.0312283459443359
"3262",0.622887568771235,0.0977480653997657,-0.0248613278176994
"3263",0.616272167889004,0.108074067213973,-0.0134667126999048
"3264",0.60878148848372,0.0875143833960912,-0.0395445936657178
"3265",0.675832537940079,0.116746479769689,-0.0298510724955172
"3266",0.636819678636827,0.0427477840957596,-0.0405223482742629
"3267",0.614567431643661,0.0729167219516167,-0.0250920132868936
"3268",0.556176528118977,0.070709590955585,-0.0162890661151266
"3269",0.622470683567535,0.116823627468294,-0.0311561926618578
"3270",0.615870451972227,0.0927638166973044,-0.0537059434876612
"3271",0.638143016193399,0.117144711440754,-0.0413667916796567
"3272",0.645693570456063,0.0910201251385896,-0.0113451057662984
"3273",0.652919388128687,0.0808527551541755,-0.0384919374332056
"3274",0.651943696996624,0.101237333667998,-0.0499803038617758
"3275",0.655726438039028,0.0879520772196636,-0.0295773776645818
"3276",0.616444344853616,0.0654827332988658,-0.0316470334558343
"3277",0.640482300887705,0.0877451008828134,-0.0449715123828249
"3278",0.645814706666035,0.121150598733675,-0.027380033623736
"3279",0.645897906350187,0.0760977411114491,-0.0229499836684574
"3280",0.63917988297987,0.100326917043618,-0.0289646972156556
"3281",0.602319863133403,0.0871416091837253,0.00467894621827718
"3282",0.642854702739275,0.102903237958799,-0.0283286922204727
"3283",0.666961956448072,0.114425653984294,-0.0385843292822352
"3284",0.592529215839285,0.0955544533510995,-0.0292558592318334
"3285",0.674976528805198,0.0886315968133237,-0.00499440899104222
"3286",0.621592091081105,0.122034665452042,-0.0440429285124633
"3287",0.628277705040329,0.0951040309047291,-0.0625255038858977
"3288",0.663280317536947,0.0973286953675171,-0.0112353458985058
"3289",0.670728553507173,0.106352475326434,-0.0232165790752981
"3290",0.628348218327846,0.135331455313624,-0.0400990133857951
"3291",0.618584608728013,0.115890385286514,-0.0319681848282598
"3292",0.61458730597677,0.0890881588830184,-0.0695952815422392
"3293",0.609578722183082,0.100687185736509,-0.0647620965834692
"3294",0.628214683284595,0.0928553255721616,-0.0556792037388473
"3295",0.539811105349753,0.0958617144937905,-0.0758938965514968
"3296",0.613122726020443,0.101607327386683,-0.0180870290783251
"3297",0.638082500067965,0.0839452919397585,-0.0470992500622294
"3298",0.607729354829865,0.0796959408105871,-0.0400242509815219
"3299",0.647231459842021,0.0673100127425042,-0.0516457539921883
"3300",0.624997507000684,0.0625181570877156,-0.0527378622831171
"3301",0.613182315432605,0.090523059129232,-0.0512818838016145
"3302",0.61797417700052,0.0570281887808275,-0.028864083240968
"3303",0.646294865894533,0.118256752430559,-0.0222347077279586
"3304",0.64831417397744,0.116146473367091,0.0112390576687046
"3305",0.636120084835817,0.101705473906046,-0.0797868634251858
"3306",0.643891750142781,0.0659740798925058,-0.0301744149202584
"3307",0.646425414838698,0.0655902412606531,-0.0412868561871606
"3308",0.615006001381049,0.0929239196177314,-0.0369492445631531
"3309",0.639011955858521,0.131343679711633,-0.0549958936196787
"3310",0.628219943606289,0.0699347586041771,-0.0559969760493426
"3311",0.66419145695747,0.0820204209578655,-0.0350415759458056
"3312",0.646962619788867,0.089138329013755,-0.0394596861177116
"3313",0.683244197351907,0.111382960783744,-0.0410945227042113
"3314",0.641878573507752,0.0836740621850136,-0.0346528991908095
"3315",0.661537798220588,0.100924724555054,-0.0186122322133396
"3316",0.624135834271137,0.101739160764245,-0.0395690513110492
"3317",0.668907942755744,0.112780991638474,-0.035857199238887
"3318",0.586981280522454,0.0841308734712466,-0.036395954221505
"3319",0.634603004158237,0.0871770179739265,-0.00575436253458447
"3320",0.634122952155314,0.0879770760119655,-0.0144531622780135
"3321",0.692047037088959,0.130519372179708,-0.0427578472127825
"3322",0.66616695034631,0.081940756581093,-0.0621988852862599
"3323",0.616813495571986,0.0953438339205272,-0.0562107647243099
"3324",0.651405276325208,0.0900896063220493,-0.0575394130378062
"3325",0.633231996698519,0.0983718614956928,-0.0223824673865508
"3326",0.57725045734717,0.0815556888972087,-0.0465267244768886
"3327",0.648744938789761,0.133721920610992,-0.0214492456304155
"3328",0.65299410611849,0.0812359730663758,-0.0188981502409794
"3329",0.608912588764147,0.0917059645502952,-0.0814416732216941
"3330",0.601391997636256,0.114869496254982,-0.0492234627667825
"3331",0.648612754897512,0.0845956820790932,-0.036024590153994
"3332",0.618403384331401,0.0904017658330719,-0.0547803887024357
"3333",0.643260631535297,0.0959419504162567,-0.0507502872974231
"3334",0.652968270565026,0.125115089579825,-0.0652499293626605
"3335",0.664882200434772,0.0594403150578645,-0.0125201243297108
"3336",0.606410293078894,0.0546478288562832,-0.0615729768387137
"3337",0.64450021992337,0.12731236871685,-0.0377818544148524
"3338",0.625579329606457,0.121405645232746,-0.0489025696806508
"3339",0.61209341226704,0.0827598604385903,-0.0574071515468449
"3340",0.655374215362966,0.104463745914531,0.00063115952164345
"3341",0.622548760826174,0.0768136917645647,-0.0200172658178403
"3342",0.64495061994087,0.115116494573606,-0.0274929310605296
"3343",0.590308813418798,0.0713929398702635,-0.0651988840470796
"3344",0.633422699749417,0.0811119912692758,-0.0410570247296118
"3345",0.608588354596857,0.118245414893552,-0.0403087577392308
"3346",0.624587824505031,0.0960973622874468,-0.0673656463271569
"3347",0.66197123113723,0.0805171368976325,-0.0377313730459105
"3348",0.632222169207359,0.0459902506608479,-0.031603829195197
"3349",0.652641764086839,0.124394592540185,-0.0497993343213394
"3350",0.664784014128611,0.113600565751604,-0.0219071847373121
"3351",0.63878254145139,0.101446706607911,0.0125832697683244
"3352",0.605535564365927,0.0780269741437664,-0.00127836682604392
"3353",0.600611050860837,0.111483928043667,-0.033523749267025
"3354",0.591949227384321,0.0789360495234852,-0.0684164593957398
"3355",0.618242069712633,0.0727645598761144,-0.0356874248249591
"3356",0.638412202982755,0.0571630913377135,-0.0149546440537151
"3357",0.648686142925653,0.080387271329269,-0.0524746363970219
"3358",0.591306783615152,0.0650758830817789,-0.0601824878429215
"3359",0.647711512891591,0.117551359376189,-0.00555007921528351
"3360",0.646089570754146,0.044166637368179,-0.0535852868085806
"3361",0.668305539431104,0.101127962968196,-0.0386648954581248
"3362",0.589425388429959,0.0827303360070355,-0.0620159912503647
"3363",0.609249840672688,0.0665611104846032,-0.0312824157111803
"3364",0.628025378378559,0.0901354081657789,-0.0258134469186787
"3365",0.584309087335416,0.0776538102793047,-0.0629220836114493
"3366",0.663288123989424,0.088882469437337,-0.0212774829228239
"3367",0.646623514872073,0.0790991410487481,-0.0506536539217897
"3368",0.648412845855656,0.111635760866781,-0.0528519999668433
"3369",0.64835134321904,0.144227862339943,-0.0495862068647337
"3370",0.620944085460924,0.148059992401772,-0.0214438463479644
"3371",0.654156351038437,0.0784071195349377,-0.0346563612063276
"3372",0.64015634005679,0.131471008105626,-0.0495854133344975
"3373",0.659446178900587,0.108290596490319,-0.017141254716304
"3374",0.584264674505727,0.0768940663440639,-0.024558427930001
"3375",0.619577025090057,0.117390291682858,-0.0308373974632833
"3376",0.604365131696899,0.104467739576943,-0.0227616389369608
"3377",0.62951235190272,0.0856848193086776,-0.0715861125693195
"3378",0.625102362033894,0.112721694447522,-0.0434238971885325
"3379",0.584435894417548,0.0779596838658292,-0.0425460797879276
"3380",0.549419306353744,0.0867341816673684,-0.0470741503956215
"3381",0.655865923872895,0.12068634203535,-0.0563662109210842
"3382",0.617372073376024,0.10112648276004,-0.0359842211705583
"3383",0.677330777426646,0.105499452171658,-0.0445514734442007
"3384",0.646296845064489,0.135986197059728,-0.0767583058371139
"3385",0.58666705191525,0.083731130421153,-0.0396211238587928
"3386",0.645390570308696,0.0870822501737132,-0.00832381090491236
"3387",0.652177293256143,0.0780590265871656,-0.0445469863900109
"3388",0.625833613407963,0.0859799929481095,-0.0256996471747083
"3389",0.640795331679247,0.102555207953824,-0.0741971274815154
"3390",0.631301902564762,0.0994851538393485,-0.0298687283586265
"3391",0.617378145349848,0.105703254981664,-0.0500557055397707
"3392",0.600601100623097,0.0936563114866696,-0.0483114033852475
"3393",0.609671200445093,0.0848513373871096,-0.0558728369665701
"3394",0.653649216197632,0.0833439080844621,-0.0147457405978086
"3395",0.581817702740807,0.102832057169148,-0.0806682312362058
"3396",0.639905718166032,0.09222038880516,-0.0165312463017605
"3397",0.669313441673268,0.094639837486219,-0.0379297218422643
"3398",0.638629318804444,0.136167619392448,-0.00806982563691132
"3399",0.655521882770676,0.0588494511274647,-0.0584043441127678
"3400",0.57105594794619,0.122813025449002,-0.0292947002073635
"3401",0.651257743876037,0.133996597227644,-0.0204999006832084
"3402",0.660853929076713,0.0859532452305397,-0.0605125664525978
"3403",0.586517728799835,0.072654062047208,-0.0183324023557677
"3404",0.659126825039474,0.114912179440144,0.00951935739602847
"3405",0.630889073730036,0.118023789719559,-0.00986522030003917
"3406",0.627073721394998,0.0805664403774671,-0.0307699060227973
"3407",0.62233578942018,0.115461712033479,-0.0344332751251999
"3408",0.594689069638821,0.0752717857238128,-0.0728850437106681
"3409",0.608544266841838,0.0681343217318473,-0.0282058523879722
"3410",0.651378020054695,0.0750916466667498,-0.0627986250648254
"3411",0.615252392881734,0.0833457697358778,-0.0242465947553054
"3412",0.641880894128818,0.104538925597679,-0.0521601160915128
"3413",0.630558248620689,0.109820401429871,-0.0259115960160037
"3414",0.634969202952417,0.0774638817110745,-0.0130839017507538
"3415",0.648895024528208,0.134587365428208,-0.0471686070475528
"3416",0.65683922765663,0.101715313457257,-0.0572464490435055
"3417",0.640727516368488,0.107169748090033,-0.0688322222214486
"3418",0.61327032047679,0.0426942868673656,-0.0827742165217664
"3419",0.649981759365326,0.133951842736447,-0.0455151897834127
"3420",0.649588344344784,0.10426706692906,-0.00857058749985603
"3421",0.631852635330269,0.0995572877142152,-0.0113963106288018
"3422",0.583460743487842,0.0547753515179268,-0.0731011773332025
"3423",0.627902796666801,0.117324850634225,-0.0354504735731365
"3424",0.630499709986844,0.0695729182188584,-0.0220790455976908
"3425",0.60435932501296,0.0676550179176014,-0.0112184125568684
"3426",0.622709934761752,0.0862357672471436,-0.00428995696329836
"3427",0.6383366910792,0.133054778625338,-0.0243646933591836
"3428",0.638402664320161,0.0939785242721374,-0.0289449576395605
"3429",0.666556568793797,0.123111476026845,-0.0296632631237466
"3430",0.562553539730471,0.109799428193995,-0.0498861926671204
"3431",0.626523397348697,0.0898354650817621,-0.0470918289891363
"3432",0.61479361850824,0.0756507089967461,-0.0529354657521877
"3433",0.647596989313751,0.102795165784398,-0.0302022197457468
"3434",0.621050793022684,0.0968554611804985,-0.02574726145349
"3435",0.622624351773891,0.0396706449887209,-0.00777698914956337
"3436",0.632038176421102,0.0930691046856224,-0.0266813215124348
"3437",0.662821649473562,0.0801945937747594,-0.0433281652898411
"3438",0.625743348580341,0.087782321992657,-0.049377525048681
"3439",0.669141774090158,0.0998076825885617,-0.0603007962256206
"3440",0.637579334805092,0.0814817568878042,-0.0324062269869788
"3441",0.666938907507477,0.0939995392537846,-0.0540643496091361
"3442",0.618080413061332,0.0634191240253102,-0.0454849886395726
"3443",0.640040069110697,0.107433419384843,-0.0269017077728399
"3444",0.659551793511619,0.0838819542760653,-0.0870371005230933
"3445",0.621215403560571,0.10593847532372,-0.0111762190643259
"3446",0.704233666493464,0.126079495646079,-0.0359324125537988
"3447",0.650758246842581,0.100350265292591,-0.0540163588761094
"3448",0.633067854146815,0.0955463495729743,-0.066870041551512
"3449",0.641078209374382,0.0904937461378012,-0.00786654537348055
"3450",0.683627322441486,0.0851317349680304,-0.0544155440067621
"3451",0.613422027905602,0.11307103934808,-0.0422461160791771
"3452",0.637237115154434,0.0765263698461294,-0.0161135371654358
"3453",0.624519879652249,0.089285029631514,-0.0179559524164197
"3454",0.636531210231937,0.134653056588685,-0.0301636352655309
"3455",0.658162616303277,0.0831906452449917,-0.0354097386965745
"3456",0.636744801840677,0.110670164589281,-0.0334810271996269
"3457",0.591954871884554,0.0900922912525935,-0.0239014374494592
"3458",0.677140515068708,0.13065439689851,-0.0202301118027902
"3459",0.605806594955266,0.0562966931588543,-0.0326485506859181
"3460",0.619283949544899,0.123837641875935,-0.0566012618762987
"3461",0.61549864457522,0.115235277763298,-0.00994598640048789
"3462",0.630524624246148,0.0855273442690948,-0.0670799261760323
"3463",0.605662736393456,0.0804026250568533,-0.0264593647617355
"3464",0.642936453719418,0.11834677178883,-0.00272336991882889
"3465",0.615569253366608,0.0754768294305869,-0.0157916128936855
"3466",0.629213395436654,0.0904588794992817,-0.047951266297119
"3467",0.598943816222125,0.119456412883458,-0.0556578969934841
"3468",0.655882090479,0.0758549656570614,-0.029903728974375
"3469",0.555008172392143,0.108710322931245,-0.0730879179450968
"3470",0.644700382890374,0.0768703626756286,-0.0216519695409043
"3471",0.60215451508565,0.0602951595401215,-0.0516291249135146
"3472",0.594499613093728,0.0715527094337099,-0.044002014738733
"3473",0.649464727449807,0.0757956476849737,-0.00319707064837859
"3474",0.669342839346383,0.0413070602543914,-0.0404480313148911
"3475",0.641935833250165,0.100365909541831,-0.00989705209935953
"3476",0.619814330310489,0.0829048844136375,-0.0346033105638256
"3477",0.632519175377834,0.0577118581247816,-0.0336236448709752
"3478",0.664641055135596,0.078290712608399,-0.0411186469484461
"3479",0.610199580765273,0.133230501495311,-0.0595644464955916
"3480",0.686700455082674,0.144584333719489,-0.0541727095813696
"3481",0.598210074593339,0.0832363398731799,-0.0332560014536944
"3482",0.60676642882705,0.104580257028622,-0.0265562974461566
"3483",0.62580336419032,0.106831153508974,-0.0215047616672258
"3484",0.645408111918577,0.0811302245470872,-0.0601634480605204
"3485",0.622788494341768,0.110332784460916,-0.0440818049025754
"3486",0.646647369412508,0.108574078420599,-0.00515428757043558
"3487",0.572047005046096,0.0241879799782528,-0.0170404811155631
"3488",0.627953060669337,0.10779925325825,-0.0289323397555904
"3489",0.61417446096744,0.0538909948741658,-0.0306692200051781
"3490",0.640853397789949,0.0970866839909839,-0.0352584255120993
"3491",0.653614511796546,0.10135364889214,-0.0415063601659706
"3492",0.627967451058758,0.0882035352594809,-0.033145430847244
"3493",0.643998543906047,0.0956627352833951,-0.0434912156376248
"3494",0.652957021387567,0.0625407745167396,-0.0293652479208047
"3495",0.627130095230458,0.122419144111767,-0.0222987315075309
"3496",0.64776768626961,0.12864041258766,-0.00705872600098598
"3497",0.569319459110554,0.0662550389727621,-0.0355135537203302
"3498",0.667895215792236,0.11344141411039,-0.0642973328661837
"3499",0.617682762832193,0.101664394533642,-0.0554891614554503
"3500",0.617230345343446,0.0729831481040205,-0.0416383371371486
"3501",0.677156450176986,0.134583965109049,-0.0361591436533588
"3502",0.599620251142322,0.134715739915237,-0.0796211740240781
"3503",0.610853463834444,0.116515156364299,-0.0366806231210543
"3504",0.625031220656007,0.104990009866848,-0.0417939517091018
"3505",0.637704894619641,0.0716659851187972,-0.0395476451670013
"3506",0.637456133767716,0.0821110899192546,-0.0481907855602991
"3507",0.616273145988326,0.0440078850855611,-0.084389013153675
"3508",0.657029316152004,0.0928913312823812,-0.0547038697573987
"3509",0.684629867904748,0.086981957819276,-0.0556854067309315
"3510",0.644027762106867,0.0502289005948685,-0.0795172247771598
"3511",0.611152809278892,0.0900674510502341,-0.0378750003906997
"3512",0.600435066031311,0.100195921072232,-0.0401191948447905
"3513",0.600351093660214,0.0917979285067669,-0.0428950597895972
"3514",0.617003894032747,0.0969807323885907,-0.0159193639879748
"3515",0.628570329657523,0.128344606208141,-0.0124559627489836
"3516",0.624319265895474,0.0753906025484818,-0.0323592309191963
"3517",0.658408264554319,0.134272996668294,-0.0508311149799881
"3518",0.655928390516746,0.135569904922119,-0.0045637740065586
"3519",0.686682911220401,0.0921215752733831,-0.0545350884355776
"3520",0.653492803407674,0.0500118117861791,-0.0246126971492271
"3521",0.590690822367258,0.0511062336383073,-0.0727739328504
"3522",0.66082970627683,0.0794533941363493,-0.0417477212330662
"3523",0.6406872081432,0.095918978767474,-0.0636586356884448
"3524",0.664284200987691,0.0977960197121604,-0.0282884318382509
"3525",0.631953213931424,0.12515911074708,0.00649369370007043
"3526",0.620491766524166,0.0525407174972964,-0.0232415303828305
"3527",0.624640492605697,0.0843345091919709,-0.0548404641326257
"3528",0.608251389001351,0.120248783330612,0.00679913478161491
"3529",0.634528348578621,0.0827145473553252,-0.05727882765367
"3530",0.599169355169858,0.085312198948936,-0.0214850903878296
"3531",0.602765987114586,0.115836771279256,-0.0526950454564767
"3532",0.586114770239417,0.0532479163181434,-0.0486153888690524
"3533",0.601495136575062,0.0403520340347639,-0.0373602887197491
"3534",0.588218191164677,0.103749314213561,-0.0248445690852508
"3535",0.629279197783351,0.116672065229013,-0.0748223056981789
"3536",0.650692134010477,0.0892498705122109,-0.0318619823366655
"3537",0.620208536708257,0.0721864958295562,-0.0233857023684984
"3538",0.631689145163183,0.093345553128029,-0.0386024307652544
"3539",0.641804660131428,0.0922456678011063,-0.0307514647628515
"3540",0.623877537225114,0.0626641839695926,-0.038182953495692
"3541",0.663540335957447,0.0944303625847172,-0.035081982382626
"3542",0.635363013409493,0.0907677609105136,-0.0437264580223977
"3543",0.598556867127581,0.069960637165371,-0.0290438998248737
"3544",0.634305573731985,0.117503229117788,-0.0253169922965762
"3545",0.620374580676102,0.0974890278003904,-0.0724082915060051
"3546",0.656778864901651,0.0963466473598695,-0.033918086814736
"3547",0.650748592598743,0.104393953568529,-0.0395191300093183
"3548",0.601449878484987,0.115035946614918,-0.000295580009382866
"3549",0.706179510146581,0.0981609220439957,-0.0518945384991969
"3550",0.572280486292963,0.110703538065804,-0.0388982535526694
"3551",0.589242900338632,0.0645181362829272,-0.0251950226281346
"3552",0.632020266611879,0.0772602565926857,-0.0444796518055431
"3553",0.652034117966311,0.125982597888694,-0.00943900692357694
"3554",0.651160440672327,0.0699831378949463,-0.0709331924262764
"3555",0.67257774282666,0.117791076507552,-0.0446653413801538
"3556",0.618542363037496,0.0831674980602253,-0.0344635062220918
"3557",0.618337847821149,0.126076240618978,-0.0713708956115265
"3558",0.608557149318054,0.0864383720013614,-0.0417320602228461
"3559",0.594780243585122,0.0622966475749464,-0.0603883560124332
"3560",0.644147377475438,0.0943424232582003,-0.0534178906780976
"3561",0.681594662170198,0.149174140896727,-0.0438178877069888
"3562",0.64215954993878,0.0839315675524644,0.0155359939296517
"3563",0.637577303704336,0.0801668808922975,-0.0367411481741554
"3564",0.597674932219989,0.0894283338107182,-0.0556533895022027
"3565",0.603484443708205,0.0804951760423635,-0.0323724690965794
"3566",0.630793381464795,0.0440734346010635,-0.0394018353697488
"3567",0.574679292203978,0.0643636363302947,-0.0417843379282447
"3568",0.638377291637516,0.0745261496999868,-0.0380704005447529
"3569",0.643196612104624,0.101371635314139,-0.0200088795605152
"3570",0.635946552743559,0.0441167741510979,-0.031826517124823
"3571",0.628490881258559,0.0986732803424303,-0.015314435523059
"3572",0.615334174774018,0.0868149963562877,-0.04317856832007
"3573",0.60482319615968,0.0882396834192544,-0.0392968756188746
"3574",0.597908687375643,0.0929423872569058,-0.055942783924315
"3575",0.636440708770636,0.0989368941537571,-0.0328131399624176
"3576",0.680622576610058,0.124261307480574,-0.0349001979840662
"3577",0.591423148166949,0.0859321993826037,-0.0641521971892763
"3578",0.60945471344294,0.0766313396261334,-0.00660717712803392
"3579",0.620732034836537,0.105105050426001,-0.0160258837840964
"3580",0.676427756438196,0.0995721424050548,-0.0159793324966679
"3581",0.617323192410047,0.0888902197823059,-0.00505842749077651
"3582",0.625891373889452,0.0911439165336646,-0.0363361839928811
"3583",0.642992755623265,0.0779554925994025,-0.0616444276833954
"3584",0.643201127140176,0.0476546444594514,-0.0470878307102399
"3585",0.641209931357221,0.135330612703999,-0.0129238403673879
"3586",0.61386183032898,0.0976531816975201,-0.0347227473076677
"3587",0.624120662419148,0.123519319711791,-0.0427889504610047
"3588",0.622520189096966,0.0668259608541075,-0.0337599933965434
"3589",0.604536796942904,0.109340122888271,-0.0391608079367412
"3590",0.645208440790207,0.118849355371405,-0.0202397157067677
"3591",0.628822191457664,0.109394031755782,-0.0487208267926486
"3592",0.586992864815133,0.0672585532805924,-0.0581414367223011
"3593",0.648685754517754,0.112029357193594,-0.0235834934448135
"3594",0.636493393881445,0.100423403914385,-0.060707901239285
"3595",0.617964940261103,0.0699135670428013,-0.0504512736661452
"3596",0.62728004796277,0.0721910314587677,-0.0836290077906831
"3597",0.641307555081379,0.125180131954348,-0.0505538452656581
"3598",0.622257881186853,0.0995287540639622,-0.0358647774151196
"3599",0.645244305481131,0.0844645169589282,-0.0524225513238957
"3600",0.680049883315359,0.0759636520690476,-0.0653455440205199
"3601",0.656273968454,0.105448825471911,-0.0136120558559686
"3602",0.644306110768579,0.0345532031734888,-0.056421041765625
"3603",0.637259912977078,0.0930705315555448,-0.0443169258483186
"3604",0.622433784198893,0.0904995547115906,-0.0161181096088563
"3605",0.604264647431137,0.0623681187423036,-0.0613133568914844
"3606",0.612694139750141,0.0918402137769189,-0.0229758557266965
"3607",0.661912653455587,0.13843707595554,-0.0488019559707907
"3608",0.63064540073663,0.117735496307971,-0.0484292732328404
"3609",0.599578038738315,0.119249084672321,-0.0476336004043928
"3610",0.644025392006266,0.124493120210474,0.0255385862057253
"3611",0.634016024132928,0.104338473953423,-0.039615526291058
"3612",0.611199602813533,0.0960673851417474,-0.0021429710386964
"3613",0.690458296355956,0.126908751485053,-0.0330063210484254
"3614",0.628345952191111,0.114317801739085,-0.00141585537312092
"3615",0.63504770256283,0.0827917523567481,-0.0477114132473086
"3616",0.58782577491445,0.120813394815972,-0.0304881263834861
"3617",0.68211046638852,0.0716431055950046,-0.0221642113765886
"3618",0.583219173794089,0.0762349433106377,-0.0376051678969722
"3619",0.568143189687361,0.0614680076791719,-0.0471027070226495
"3620",0.637410062456081,0.0805521900209238,-0.00845447345774294
"3621",0.645813333553796,0.0838785612576167,-0.0143209901749113
"3622",0.65756978905879,0.0711818330120975,-0.0525226541003274
"3623",0.650463633970463,0.0962590912007669,-0.0621371367144816
"3624",0.630340024448035,0.0861966324776779,-0.0485585288282162
"3625",0.598496612240376,0.0893514742804439,-0.0556113209753889
"3626",0.623830589489718,0.135340377005893,-0.032879967614225
"3627",0.675234652026678,0.0959524233665769,-0.0290468171157508
"3628",0.648071452694203,0.0567669705809306,-0.0266502192021615
"3629",0.633205294260962,0.126516041113651,-0.0646911788756787
"3630",0.616027277339896,0.100651418106296,-0.0442761427912577
"3631",0.634297155076604,0.0672344364933759,-0.0498184377699786
"3632",0.671371195984066,0.0959719097869774,-0.0512473680831929
"3633",0.631153809785599,0.0869422286636131,-0.0627354402245317
"3634",0.660084685405828,0.0934358089037101,-0.0170813402086413
"3635",0.596091216849058,0.0770422047989629,-0.044162906458424
"3636",0.608613571293812,0.113306576532775,-0.0565112349134592
"3637",0.635510996443984,0.131393437496014,0.00182740448704077
"3638",0.642174877400613,0.106784993594801,-0.0302987648190437
"3639",0.686645777988601,0.0545228735209207,-0.0247988123287507
"3640",0.631292338468238,0.109135384488816,-0.0640163636136878
"3641",0.659675144242795,0.0559957736427181,-0.0334738123831273
"3642",0.635000615596093,0.140801279849109,-0.00625858709341362
"3643",0.627684441025485,0.0969067450902867,-0.0113954372864512
"3644",0.611741747176826,0.10969558622709,-0.0498220498472783
"3645",0.601498487424079,0.0706231657907486,-0.0287269194425247
"3646",0.634999132356512,0.0844928293408251,-0.037567184543343
"3647",0.631684562333851,0.0937023405823405,-0.0284574718684253
"3648",0.599815649592768,0.0647646899222911,-0.0376786869478902
"3649",0.589801822849118,0.120761046836692,-0.0264193495664286
"3650",0.669328332667535,0.0999384968034346,-0.0374324876339126
"3651",0.656056109241812,0.109959782978326,-0.00654015679319702
"3652",0.60736176353194,0.0935955734712216,-0.0157478177609468
"3653",0.631865580242994,0.0895299845589605,-0.0539223357087301
"3654",0.622527120603119,0.073757334914394,-0.073026002861879
"3655",0.635755850305044,0.0652158114334444,-0.0342409672042024
"3656",0.615633692117323,0.109227645380797,-0.0365329495218153
"3657",0.61169782293127,0.0981107452627995,-0.0666384567397623
"3658",0.650330291521954,0.121553121889309,-0.00437773185945357
"3659",0.617596320697892,0.0919843520207649,-0.0418204888061739
"3660",0.637157834013663,0.0823215085677576,-0.0152816015145525
"3661",0.613813855240792,0.0810680540526229,-0.0290532160984439
"3662",0.665870174904577,0.0737590147892775,-0.0335208710784288
"3663",0.650860201877544,0.056595755802681,-0.0718538777146696
"3664",0.675546186875101,0.118123064312165,-0.0255375931388181
"3665",0.688494275296916,0.0814424135828598,-0.0204116650772252
"3666",0.587081947207926,0.0534568454566619,-0.0230561348909999
"3667",0.606885193992088,0.0689873797466842,-0.0542784473661193
"3668",0.618507206821479,0.0905653611044281,-0.0651337108711496
"3669",0.673193821276057,0.124044638423983,0.0111745966760926
"3670",0.599361813165941,0.062318213793707,-0.0677427960392046
"3671",0.600737875137864,0.0824870913276969,-0.0827580638250398
"3672",0.613685371381693,0.101246732856456,-0.0273273500057387
"3673",0.567902960551629,0.104691434640067,-0.0313260311451464
"3674",0.609692299251211,0.0820954536783915,-0.026286120917015
"3675",0.670775040960074,0.141945127729762,-0.0310564838765392
"3676",0.607819652484009,0.0691654242963654,-0.0218291878923732
"3677",0.62975547959593,0.0771586971041657,-0.0546980846536803
"3678",0.624594060652523,0.101578651047802,-0.0394292845977786
"3679",0.644004501903083,0.0997619406442955,-0.0961835512816033
"3680",0.618099292972391,0.0665828236577875,0.00189434944132589
"3681",0.638230858331112,0.0745415857288709,-0.0122766996098452
"3682",0.645326180738173,0.126918703147721,-0.00612726582187691
"3683",0.589606997276796,0.0983011399571903,-0.0145312496245931
"3684",0.650675007827649,0.0769420678046504,-0.0784879884155823
"3685",0.604634226503126,0.0612995140269043,-0.055585823092401
"3686",0.60070375676466,0.0976190480482307,-0.0563456643097046
"3687",0.688335091636334,0.108552215199763,-0.0547176626359162
"3688",0.621416997524512,0.0786475732672142,-0.0326069473581753
"3689",0.667907108804592,0.0768054541380271,-0.0378491150555048
"3690",0.671579645776474,0.111995479110382,-0.0285706752089383
"3691",0.615318403238325,0.131144107809742,-0.0215029950585704
"3692",0.636325795712254,0.122918069612701,-0.0126119060409381
"3693",0.68858832035016,0.107473876730758,-0.0324363718718851
"3694",0.593475208714304,0.100792942678387,-0.0275774679773491
"3695",0.663100124235542,0.107658688937685,-0.00886874477499993
"3696",0.638558229264824,0.0546343510634931,-0.0787300659408783
"3697",0.599133644340224,0.0993367305973834,-0.0635176886588257
"3698",0.671707695022591,0.131039386098593,-0.0253614868085189
"3699",0.605361199209713,0.0782369034236538,-0.0315988031335479
"3700",0.66369633381118,0.0811620180581743,-0.0232421572748257
"3701",0.656035651318263,0.084281001795552,-0.0440451752693598
"3702",0.580438994968944,0.129155730531853,-0.0548300106486833
"3703",0.588619887065618,0.101379268139221,-0.0112371979807465
"3704",0.615609002967831,0.127166397312529,-0.0658295717884339
"3705",0.690919112370161,0.064745916338075,-0.00495627932593132
"3706",0.639778713340202,0.0669636442260315,-0.0365023090505127
"3707",0.624062777646223,0.083337830641837,-0.0244018762274091
"3708",0.626433836270709,0.0846102399191293,-0.0681117309635273
"3709",0.577153746934318,0.0802184966772792,-0.00661932206754233
"3710",0.637446090648229,0.0917239608704956,-0.0413786154984793
"3711",0.568826448717645,0.0752946953367219,-0.0207612514702474
"3712",0.627607913079417,0.0889020377362255,-0.0395599255041469
"3713",0.588784767257913,0.0643450291836564,-0.047587435891806
"3714",0.613378278775542,0.0763164747093443,-0.0541638675082131
"3715",0.677660506471776,0.089273682490374,-0.0198456397584872
"3716",0.65674927803754,0.124545627900697,0.011166659205639
"3717",0.589870050792309,0.0440285210219467,-0.0679527463930318
"3718",0.657966892743472,0.0889998316138733,-0.0242487586423615
"3719",0.648305004783578,0.0996066712283352,-0.0177598880320598
"3720",0.626897601356876,0.0752981062309691,-0.0249197537257688
"3721",0.617852574026249,0.0495114907738501,-0.037284095663651
"3722",0.633072330489866,0.076273769384717,-0.0533257186956368
"3723",0.634164964667025,0.0934328497563807,-0.0398825038366358
"3724",0.585246265833839,0.0805368197964327,-0.0184669761701315
"3725",0.693021835338444,0.0940430209316437,-0.0158135484068542
"3726",0.6535616443853,0.0729556067232215,-0.0148339383865264
"3727",0.607408428370927,0.0921870971385231,-0.0187377607622218
"3728",0.687179970996472,0.0790925484261728,-0.0227736086363071
"3729",0.583178470794279,0.10393170009261,-0.0628846909234709
"3730",0.659018904461909,0.0860259398639742,-0.0430100959061808
"3731",0.610751378293283,0.122551586142379,-0.0568233912514537
"3732",0.61564871514176,0.0662334534789533,-0.0297500560661432
"3733",0.631579359378283,0.132901115041605,-0.0342197457465215
"3734",0.662524857316461,0.103304456809324,-0.0137313573130283
"3735",0.635199936409143,0.073400329295324,-0.083333357717698
"3736",0.647456908539112,0.100636270633595,-0.0442855862727762
"3737",0.631236136251597,0.0807267270128412,-0.0555499128268437
"3738",0.644273022293518,0.0913197739524629,-0.0242851877125257
"3739",0.578066577935888,0.108707995198478,-0.0470935927159993
"3740",0.655379890921688,0.0725763000798749,-0.0244917929169017
"3741",0.606416869753044,0.0714171916125416,-0.0222678468985309
"3742",0.613175544658783,0.108217901084164,-0.0677915627193321
"3743",0.618439756889642,0.071769113927188,-0.0293588626361858
"3744",0.588792875569904,0.10144185750121,-0.00783261882491237
"3745",0.63785155743119,0.0896723771168598,-0.0122202729930603
"3746",0.663795779701095,0.141973105529668,-0.0449683391017593
"3747",0.612202107433042,0.0933473601430333,-0.0175863836065419
"3748",0.665576245033272,0.0660112918930952,-0.0428149048618675
"3749",0.584141185194536,0.101546618641995,-0.0240393589165869
"3750",0.58498042136547,0.0944852447595331,-0.0138196357488226
"3751",0.604100965518409,0.107253701257933,-0.0296498273141989
"3752",0.601291275059168,0.10296336590859,-0.0229872520837199
"3753",0.68045467622068,0.0745438759289128,-0.0086719139920674
"3754",0.605855767969662,0.0655527048108241,-0.037519102099124
"3755",0.601079792609403,0.124216652635818,-0.043241714562214
"3756",0.675117333015475,0.12484544579454,-0.0488089502251944
"3757",0.615115154369375,0.0869236693275127,-0.0294439250901752
"3758",0.638422919581319,0.0818010058703194,-0.0450560112350749
"3759",0.675616857609029,0.0843682965494462,-0.0307823790307471
"3760",0.640812494842591,0.0632005165388246,-0.0378946534200222
"3761",0.62649082008125,0.0901591777412279,0.0174877714632621
"3762",0.636879367864149,0.112387244634,-0.0303937882099689
"3763",0.652735546817742,0.192110495850437,-0.0258278400327386
"3764",0.630994493080597,0.0994195576963714,-0.0343403716706906
"3765",0.672240245459658,0.0940496687465351,-0.0499799498902189
"3766",0.66729828899733,0.0806522274219808,-0.0277655870630184
"3767",0.602959304534483,0.0420076871879373,-0.00960384032914274
"3768",0.659366690562924,0.0839310755466387,-0.0157762400893894
"3769",0.623047310190789,0.0612134562044339,-0.0306288438894316
"3770",0.581374164220922,0.0826858298096477,-0.0434506292677124
"3771",0.605122443505473,0.0633108593168455,-0.000558166880382197
"3772",0.64494870573163,0.104432926498526,-0.0325689997164571
"3773",0.618154999334827,0.106196940562221,-0.0122887036514655
"3774",0.647923575807358,0.11558830273027,-0.0386769377990399
"3775",0.713840804219187,0.115569467654353,-0.0247503256661514
"3776",0.575423868372309,0.0810674289135685,-0.0562929463491367
"3777",0.67462988888107,0.104001444208096,-0.0520789326198882
"3778",0.661245785727923,0.119602330215524,-0.0420636648418054
"3779",0.630180834252069,0.0982174534304649,-0.0291016693799709
"3780",0.623276093525783,0.0907621161489705,-0.0183066934427549
"3781",0.660856974033873,0.111737088228885,-0.0664566091448578
"3782",0.636218954978452,0.0700299026039922,-0.0305649167123698
"3783",0.64587725452388,0.112839588586248,-0.0463387008099468
"3784",0.611666838123771,0.144278105216109,-0.039390361978266
"3785",0.644752218251793,0.105996085580428,-0.0341049470886541
"3786",0.61711761440565,0.0549976845985537,-0.0758032834997618
"3787",0.659322002641029,0.0992573405987488,-0.0386487155537915
"3788",0.61013344879585,0.105263066360972,-0.00828635799332892
"3789",0.659822085742737,0.0691052158066027,-0.000553786157943881
"3790",0.647366581084985,0.124954583458292,-0.0347960415910727
"3791",0.572287669775471,0.061251891256289,-0.0389645097072137
"3792",0.647824649741778,0.0646800105373188,-0.0358687858591603
"3793",0.641905940735532,0.0897063612438481,-0.0401060347217258
"3794",0.66738645951944,0.10146236972004,-0.0448591731752008
"3795",0.629970546934179,0.0989026096180983,-0.0264681073876394
"3796",0.621600879138841,0.0800147910344019,-0.0643568426849446
"3797",0.6209665188004,0.0562115780817687,0.000271016735195174
"3798",0.619593625883424,0.0380099133677394,-0.0370039533608039
"3799",0.605262185072256,0.0861094732017047,-0.0147369760184339
"3800",0.654541872338654,0.12747609545628,-0.0387561012465286
"3801",0.622307265931022,0.0763230049433584,-0.0595527088795449
"3802",0.630286590671053,0.076993237354556,-0.0426720264076492
"3803",0.684634302091508,0.0822702188574317,-0.0214162475688863
"3804",0.649745606134501,0.150982715013306,-0.0355289010842877
"3805",0.621705474666067,0.0605335788914881,-0.0343718910831399
"3806",0.603296860566983,0.0933106332661364,0.0141386287696934
"3807",0.63517761175884,0.12825920154184,-0.0655905704760401
"3808",0.621404667879738,0.0900364613359557,-0.0714123706924007
"3809",0.644437052213887,0.10720462240537,-0.0409711641049091
"3810",0.663721539041763,0.0812685880558813,-0.0649042866393193
"3811",0.63404454580273,0.0839558331190598,-0.0164005806415321
"3812",0.612850445956357,0.0761340754527682,-0.0561068340756812
"3813",0.680760021074,0.139000609280378,-0.0453838162019236
"3814",0.622052389010323,0.0896429658888918,-0.022193429392925
"3815",0.670558770532735,0.0777007355277944,-0.052611899235714
"3816",0.62113742100204,0.0788283432167701,-0.035724873527491
"3817",0.655474835253922,0.0619414131887738,-0.0353335413036711
"3818",0.615761305207563,0.103453241572941,-0.0477314616395254
"3819",0.643513769143574,0.0823530610301968,-0.0555784507840862
"3820",0.634990878535599,0.0517413222757931,-0.0213625709855912
"3821",0.611962785265393,0.0811054555062569,-0.0567581972424454
"3822",0.594401534060796,0.0874833445517736,0.0079465961024297
"3823",0.637121357126729,0.135286081691346,-0.0264615042923211
"3824",0.676789498654844,0.0900164921906398,-0.0201031654005397
"3825",0.674914571926784,0.0699162019815946,-0.0371021573089187
"3826",0.610203152072967,0.105826829627534,-0.068160386213002
"3827",0.546406221346372,0.055896772776839,-0.0384445919879196
"3828",0.648416792609466,0.107528822476534,-0.0712408501137221
"3829",0.643017658398628,0.10833108474962,-0.025586333421041
"3830",0.576732400046021,0.113275224011425,-0.0469601869900829
"3831",0.597037307227327,0.0613500510310316,-0.0165539882781959
"3832",0.638819536846706,0.0536556238824596,-0.054396470618646
"3833",0.643863423427236,0.0948228821025523,-0.0733166686532102
"3834",0.626019763674543,0.077583216520801,-0.0367013507445762
"3835",0.64286427734416,0.101531377786448,-0.066710836252936
"3836",0.682678503912007,0.103307847500681,-0.0196340102371248
"3837",0.614753929316673,0.103435789556929,-0.0500501787449248
"3838",0.640639048374703,0.104489631365934,-0.0305604934100983
"3839",0.598985110498814,0.0737592639123006,-0.0335200869172406
"3840",0.649470519474871,0.0876763994981287,-0.0208448446526478
"3841",0.60626156221435,0.0960873959671369,-0.0382354534305636
"3842",0.613094619772177,0.0725099589375995,-0.0662229196132411
"3843",0.678931726643673,0.0767786105847428,-0.103274577743937
"3844",0.634354465624923,0.0894999105241934,-0.038290086186854
"3845",0.608227907609432,0.102753750852115,-0.0142490783147075
"3846",0.655346743117474,0.0810422304872005,-0.0233068870555132
"3847",0.637816752329523,0.0976575809241981,-0.0338720731991491
"3848",0.625557505487459,0.0894709683362672,-0.0531276416941669
"3849",0.606446769292202,0.0872864035448993,-0.0521635850254532
"3850",0.593025326960689,0.120511205028214,-0.0565542888504449
"3851",0.619085636554875,0.1184074649601,-0.0440559070435292
"3852",0.62964985686629,0.12380215533526,-0.0246379567951235
"3853",0.6399476537936,0.124458202670131,-0.0473568695209767
"3854",0.663484216970045,0.128880282106779,-0.0461089842817373
"3855",0.651901459668323,0.0956964744443549,-0.00406810977348566
"3856",0.604228017781527,0.100784535254724,-0.0685694100360481
"3857",0.651551131949051,0.098841251772021,-0.0162324245662108
"3858",0.616058941490932,0.077338842190029,-0.0427556593103536
"3859",0.616283332833402,0.102729924315295,-0.0537671587540449
"3860",0.646486375748714,0.125805211198588,-0.0294335937601934
"3861",0.644044504610145,0.108870495777387,-0.0780315549015249
"3862",0.63575172179727,0.0921638817040982,-0.047607743137533
"3863",0.604725477060753,0.107374592074521,-0.0536821466803952
"3864",0.578332708716548,0.113804198896402,-0.00512873056013934
"3865",0.673505610035726,0.0887817440784889,-0.0375464395598035
"3866",0.622905680831919,0.0842805849289002,-0.075528676108897
"3867",0.638732164776523,0.0926371001315754,-0.01269041352058
"3868",0.634327934371973,0.097587886621315,-0.0716377662300231
"3869",0.622212033288683,0.0742572080231835,-0.0178731135799236
"3870",0.628973959409108,0.125345687144537,-0.0145098169774326
"3871",0.64001204987218,0.0935044857650747,-0.0664712212445074
"3872",0.598529193540838,0.100063137007037,-0.0346464608176876
"3873",0.625545538340294,0.102631064418455,-0.016621445064361
"3874",0.610586624430783,0.107577280470499,-0.0625531771595998
"3875",0.651746947486789,0.0783701651649616,-0.0318493821681218
"3876",0.627469012290251,0.0882527490281041,0.00131271914596671
"3877",0.639354751223614,0.101563721784665,-0.0204911658796303
"3878",0.590751961714385,0.073900130883964,-0.00364314134134389
"3879",0.593480756177205,0.0718455356188975,0.00362366945899927
"3880",0.632615861688026,0.0821776822425033,-0.0247748240530768
"3881",0.631665553578209,0.0975226331194471,-0.0166023664435771
"3882",0.668341675246611,0.0958816938879878,-0.0373262117075516
"3883",0.61274761869039,0.0750930280406727,-0.00287230638586243
"3884",0.630484508881622,0.0918100853915439,-0.0493956140524476
"3885",0.620068665483018,0.129607356059161,-0.0334622234111742
"3886",0.694268275311291,0.0900180707623657,-0.0379170625986626
"3887",0.663620511160268,0.0856360468618854,-0.0272477462984616
"3888",0.647409259408583,0.128797350521779,-0.00500032702150766
"3889",0.655648815233287,0.0650837970543069,-0.0696714936664844
"3890",0.618731304316879,0.0795059919269459,-0.0164898839101651
"3891",0.604450875377137,0.152129773877084,-0.0135731953912424
"3892",0.610042821519672,0.104669680567735,-0.0273456054941873
"3893",0.636717566498557,0.130849543010044,-0.0620753891791561
"3894",0.653735108671866,0.0992732429401939,-0.0561958340493129
"3895",0.585260586432078,0.0996727172061515,-0.0295365920740836
"3896",0.647055219018633,0.141256363405319,-0.05711598581408
"3897",0.682135771146876,0.109015467014469,-0.0550319896397891
"3898",0.654295251659041,0.0676949527672651,-0.0355116937221544
"3899",0.640444607258188,0.0751137493021488,-0.0670044304345335
"3900",0.639928578108256,0.0950482740447061,-0.0870975561834511
"3901",0.624816834316094,0.0864941763000899,-0.073304228613349
"3902",0.618768218346786,0.0826604664482239,0.00259567670655828
"3903",0.611835178341131,0.0997165569966532,-0.0444578782875241
"3904",0.616241619710819,0.0921764219674878,-0.0542858536161273
"3905",0.579656256424827,0.0943356957921292,-0.0608271657001422
"3906",0.628144260887492,0.0431549164388322,-0.0171733576839984
"3907",0.666479651717761,0.0904321658083414,-0.0368727102985831
"3908",0.596372009499496,0.0901258573526435,-0.0144948005835387
"3909",0.674558931514566,0.0830070888968041,-0.00671714566256097
"3910",0.617226072347373,0.0718606271663071,-0.0228436947936192
"3911",0.650019134401791,0.0666457399584414,-0.0421935848394387
"3912",0.581150593143843,0.0901145791804973,-0.0568051932401824
"3913",0.628010116158328,0.0925244095398373,-0.0424139010534076
"3914",0.623412227563174,0.116957590519019,-0.00957836816309965
"3915",0.648351346486149,0.083729914237799,-0.0379313134589569
"3916",0.635032293300059,0.115752875900669,-0.0132087124032394
"3917",0.62114935416717,0.0813112952398225,-0.0187608847216528
"3918",0.667513546382944,0.10482862356149,-0.0313578862111018
"3919",0.598761262614748,0.093125643347357,-0.0533944600910022
"3920",0.614437148328442,0.101454933754133,-0.00669027842264625
"3921",0.643493751787175,0.112924854211634,-0.0465897725073069
"3922",0.587355150765714,0.0714782216535594,-0.0243842978018647
"3923",0.656076656303154,0.0996631028778645,-0.0376849363015192
"3924",0.61599549147524,0.0645941113378609,-0.0592787414141014
"3925",0.579557886224898,0.0985735316660487,-0.0380885019408853
"3926",0.606192407714973,0.103396003783729,-0.0308153759795166
"3927",0.622168793022096,0.0857901937316497,-0.0336185604589036
"3928",0.616832131749454,0.0328216702232615,-0.0278297304648943
"3929",0.607285578896644,0.134586455450021,-0.090340916379063
"3930",0.629508061802399,0.0535753611283221,-0.0672574526236447
"3931",0.600499320931433,0.122480608902112,-0.0609276869774391
"3932",0.644575935472934,0.0847523837376996,-0.0358387153596529
"3933",0.615948975358403,0.0812268702877084,-0.039023799212791
"3934",0.576998609221363,0.0865228727221713,-0.0263533307808467
"3935",0.641741699010821,0.11526858839138,-0.0281226964291179
"3936",0.569099352726097,0.0670937584254948,-0.0312700596344856
"3937",0.664867317464738,0.0763240643997068,-0.0331409821191101
"3938",0.600253116371762,0.0931837294454111,-0.0557056521411272
"3939",0.625452424042717,0.111787079606798,-0.00474327374897203
"3940",0.589890065590395,0.142430246421649,-0.0258159527254535
"3941",0.580326575309507,0.0786414892438848,-0.0283404167998628
"3942",0.682984811300217,0.11001421842561,-0.0505791202078568
"3943",0.711823448727435,0.0792979173007017,-0.0426065700150993
"3944",0.610252458129312,0.0997248276051738,-0.0514902403532011
"3945",0.659797749838637,0.112922499682618,-0.0391989168736719
"3946",0.6660052958444,0.138378370586842,-0.0304195689610475
"3947",0.643716846499338,0.139746057946188,-0.0270782448219581
"3948",0.672470314383829,0.111734546586081,-0.023589916096031
"3949",0.619880704226451,0.11445031651139,-0.0076052869062103
"3950",0.648636702430544,0.100642390523327,-0.0530179781483501
"3951",0.638817802704464,0.116619303959815,-0.0383795762607007
"3952",0.61067775856971,0.0606172180470279,-0.0444840216863342
"3953",0.656841834909956,0.0871578670904755,-0.0687084652533906
"3954",0.640694433548697,0.0884078202784678,-0.046997496996454
"3955",0.622832398958251,0.0820846928375489,-0.0539072205297021
"3956",0.624294528063199,0.103070144140183,-0.0326753715309249
"3957",0.643852499480976,0.0660132171899835,-0.0123076081315375
"3958",0.629427749258719,0.11593161541052,-0.0445261911062418
"3959",0.671819612047351,0.132013282318698,-0.0396791614091001
"3960",0.643176383042117,0.104977956379058,-0.0399040613303724
"3961",0.632998150617097,0.127663900381748,-0.100913706019625
"3962",0.622422803463825,0.0764026856455602,-0.0746601386997717
"3963",0.617602956721544,0.0958778863741782,-0.0368148139284326
"3964",0.633914366011129,0.116406520086542,-0.0224245009423737
"3965",0.591299666325158,0.03908253997217,-0.0524681833764131
"3966",0.679167806151414,0.104127162496851,-0.0333080621568196
"3967",0.662658746680849,0.0664866682836389,-0.0630446292575131
"3968",0.61305228415211,0.0975014833798076,-0.0486511595261331
"3969",0.627497567125995,0.0998284064653791,-0.0321918756305552
"3970",0.63854406167068,0.0832536356060138,-0.0587190096861092
"3971",0.632815673021377,0.0677615371473566,-0.0240330581450189
"3972",0.599945899320949,0.0945769521802158,-0.0517221400791048
"3973",0.610459512498047,0.0749159238240207,-0.0540065926318158
"3974",0.589306606829341,0.112516603151678,-0.037868379255141
"3975",0.630111529972131,0.0783968999210237,-0.0477378861624075
"3976",0.647887535500951,0.0563178067967432,0.00256495257722166
"3977",0.617653169662513,0.12094024806203,-0.0409404918921653
"3978",0.67539247114512,0.102831470884252,-0.0467823161872518
"3979",0.61914272212504,0.0973918674017208,-0.0521754385439462
"3980",0.560030885621109,0.0603966217786738,-0.0689582237591065
"3981",0.679567801160551,0.0933766304161707,-0.0631639985793018
"3982",0.601864542273946,0.115206505669419,-0.0373767349137206
"3983",0.633044666743445,0.0863691343893585,-0.0229415134946008
"3984",0.641647051891884,0.0800896515032218,-0.0638224904241864
"3985",0.573496313970638,0.0975664492637129,-0.0349107389795304
"3986",0.591979810700023,0.053644436664926,-0.0441970722861871
"3987",0.639621394547424,0.0789125409701843,-0.0448820874398504
"3988",0.59483692133915,0.137267705767373,-0.0445428174454633
"3989",0.612157824113491,0.0572411236118241,-0.0497154311640259
"3990",0.643784530046494,0.113123269077141,-0.0153608448031784
"3991",0.646499982018789,0.102470808901234,-0.0636720477887798
"3992",0.670188649962786,0.0739762738079073,-0.0163979897217798
"3993",0.658321179649367,0.0845685872080297,-0.0612318427523234
"3994",0.635185129505266,0.0684497261296833,-0.0353086994344941
"3995",0.637383004939092,0.0917531114686178,-0.0320486951145638
"3996",0.606112923583691,0.0635392328722792,-0.0232550326954349
"3997",0.62388407992413,0.109384794762837,0.0027111576187965
"3998",0.593667603591474,0.0708808953719573,-0.0927680563209672
"3999",0.664209690198162,0.108838163152748,0.0071559787663602
"4000",0.663940007949286,0.11417568592648,-0.0551103625782774
"4001",0.645685614860601,0.103909586757941,-0.062862356490336
"4002",0.660786359187723,0.10165536530286,-0.0362110260578175
"4003",0.623613290817508,0.049368874935701,-0.0377960097548702
"4004",0.646887967894004,0.116184245381352,-0.042575766930475
"4005",0.669496969075374,0.0772206195210874,-0.0614086976784241
"4006",0.643920090445242,0.0719040858257401,-0.03577296002304
"4007",0.615993882076628,0.132391752772108,-0.0533611253708662
"4008",0.666202019685781,0.0885468733627479,-0.063869347636353
"4009",0.61153659172116,0.109608328579526,-0.0619676679409462
"4010",0.581574514461906,0.0627998163279476,-0.0393099792140012
"4011",0.587046382778152,0.0831408729019457,-0.040240788481305
"4012",0.656525707297217,0.0949200387896803,-0.0277360597170946
"4013",0.575397612446257,0.0941242985561546,-0.0564048093631339
"4014",0.616962910924934,0.0920703373819299,-0.0117201788338277
"4015",0.613214422874941,0.0904100410230026,-0.0673302773280338
"4016",0.66011885182667,0.104802957024884,-0.0115579782188276
"4017",0.672301088528279,0.0940425985620749,-0.0560127186007637
"4018",0.587006213238213,0.105715965126462,-0.0331309449630931
"4019",0.659735647736349,0.129843236943623,-0.0726778807464214
"4020",0.644067018555609,0.0949477679408608,-0.0616671067010009
"4021",0.62585927090803,0.12322488431001,-0.0289126653328347
"4022",0.600650962803072,0.0396028060611317,-0.0104793732688577
"4023",0.608131094532186,0.107304984165887,-0.00608231962811208
"4024",0.634071641341709,0.0507526279320403,0.0113858833300075
"4025",0.6340189799933,0.101997421362014,0.00660413912730112
"4026",0.654625317926242,0.118141684064086,-0.0194175417853789
"4027",0.611406407579662,0.0960841741211972,-0.0256903356047137
"4028",0.575705377460254,0.103740563857659,-0.050664832109317
"4029",0.602472110270664,0.133868987863254,-0.00602193925347509
"4030",0.62638868623376,0.0917301837955779,-0.0452984783058885
"4031",0.643777537093509,0.133143405954955,-0.0291155374085852
"4032",0.643159387882486,0.126302706812626,-0.0170218049402735
"4033",0.647337146496982,0.0766255802890193,-0.0380206533069627
"4034",0.617777851811926,0.0832913105234621,-0.0215734278748558
"4035",0.65408409071626,0.0709572106265143,-0.0431636970206267
"4036",0.633839115139316,0.1164878966914,-0.0260705113018468
"4037",0.667341680901609,0.0778692030522025,-0.0294689539110525
"4038",0.592968332649273,0.10885564751979,-0.0464595098975213
"4039",0.679384564938839,0.107123242215967,-0.0412369519672991
"4040",0.599473761934846,0.13115228458113,-0.0566840231066032
"4041",0.646793535626453,0.130846896607609,-0.00633832384954059
"4042",0.692210622083457,0.0855709377508974,-0.0335669036236064
"4043",0.65817878556377,0.111981201623853,-0.0188348794479277
"4044",0.631701315360579,0.107859036828406,-0.00819798740077223
"4045",0.632100673217251,0.114172006680247,-0.0115964930579643
"4046",0.681837011404178,0.158204066164737,-0.0412513803660475
"4047",0.593448379177348,0.129461676599948,-0.0349507320152684
"4048",0.640271770857711,0.101857299194733,-0.045559407987834
"4049",0.618436560051472,0.122327789034813,-0.0362851929505008
"4050",0.576641174845242,0.0456951043845611,-0.0459591549358992
"4051",0.607765807427448,0.0887755283394628,-0.0526745988570511
"4052",0.603796992748828,0.07990147914102,-0.0200495904705794
"4053",0.636263424974856,0.0523010597992496,-0.0237904332299833
"4054",0.590539222550704,0.085470509505416,-0.0213675172361444
"4055",0.633792969094676,0.0592761419270122,-0.0618085471022771
"4056",0.600370386470495,0.0624434978002084,-0.058338560566165
"4057",0.645390193760809,0.11019425427277,-0.0387446781110554
"4058",0.669051106355223,0.0717178397927313,-0.0539699870567118
"4059",0.607468262770732,0.0832817805515683,-0.0428932512234048
"4060",0.577798869513765,0.057198977427765,0.0154428897847158
"4061",0.604020456264872,0.0807656010976952,0.00589979951355027
"4062",0.648245690957891,0.120948740839752,-0.0432056840136743
"4063",0.617894341686902,0.126462533143488,-0.0222366790911354
"4064",0.633319370469037,0.0872337159782712,-0.066801237301012
"4065",0.646011474207009,0.0651420896022096,-0.0258832363753077
"4066",0.586636772343399,0.118255954036345,0.000314119186363211
"4067",0.642162536666356,0.0994136031505088,-0.0141236905361019
"4068",0.686357429160695,0.139529181477618,-0.0106472135743931
"4069",0.622759247273827,0.0915381590897851,-0.0467869041373034
"4070",0.636628695600823,0.0813972665633543,-0.0517242986541787
"4071",0.644713846239445,0.0862591987197489,-0.0901838251065582
"4072",0.629655170375721,0.0886262420226081,-0.0712202164346124
"4073",0.62087615830028,0.0710771252787603,-0.0370151457174957
"4074",0.663760674494583,0.0796010763307896,0.00327733840580589
"4075",0.625696293378111,0.0597235596881277,-0.0247806281305412
"4076",0.627506596794974,0.066641254727897,-0.00272948202742287
"4077",0.610649442619894,0.0947735754968462,0.00318663654756589
"4078",0.606172167507932,0.118159114593631,-0.0415880054321891
"4079",0.632636284983128,0.0705330583185343,-0.0109885107852391
"4080",0.636887031715282,0.0683210686064715,0.00500636666797218
"4081",0.674152687940058,0.0749889138109621,-0.0431705029417422
"4082",0.610959925038593,0.0564682525357655,-0.0258329627648738
"4083",0.580062863395271,0.0784615076381519,-0.0927970466281277
"4084",0.622815338489893,0.111013844716773,-0.0509490089653645
"4085",0.641378907624555,0.126565814811934,0.0108403451679996
"4086",0.704009654852596,0.102750220682978,-0.0254832706544719
"4087",0.627316423825264,0.0410234397996875,-0.0236459492394532
"4088",0.615316540199582,0.0816275546404544,-0.0111132936431163
"4089",0.654501246034288,0.134276169165644,-0.0118600087858413
"4090",0.638450327226242,0.081251828342909,-0.0554611143744376
"4091",0.698993727000709,0.105858402138157,-0.0630128578841726
"4092",0.613246081820834,0.107285065763021,-0.0436325682993477
"4093",0.621906269268241,0.110403770752157,-0.0579653201548711
"4094",0.603645664798011,0.093286003944557,-0.0534345207053254
"4095",0.63179848450086,0.0770398948863358,-0.0211193391633467
"4096",0.600492645738187,0.0823798850376552,-0.0368291605054803
"4097",0.621287530037145,0.063680654558534,-0.0073634119066503
"4098",0.627671115206796,0.102496264928349,-0.0551121048477194
"4099",0.608348343606751,0.0905161254526118,-0.0480418121205099
"4100",0.653541546408825,0.0917095724050934,-0.0376355341242117
"4101",0.676127176074014,0.0855328546124799,0.0105171029135498
"4102",0.65557433561956,0.0925615527337966,-0.0453403837599796
"4103",0.654435957136232,0.105831636616987,-0.0541825468981784
"4104",0.592849590499859,0.124927290493163,-0.0325663909146266
"4105",0.634445003940238,0.0427100319683716,-0.0355671867157865
"4106",0.561057966103436,0.0878109041994538,-0.000737925235424458
"4107",0.609420478377978,0.0948544808921912,-0.0152526575235438
"4108",0.624097224280439,0.111099917713239,-0.0566452190852771
"4109",0.630016493231057,0.110101556307811,-0.0558868489717043
"4110",0.622801742017371,0.0708987892569256,-0.0151065678445961
"4111",0.652890827059706,0.134262305948309,-0.0391677471578477
"4112",0.599768491015647,0.090637597780726,-0.0290595444197121
"4113",0.64915298250754,0.066787374021949,-0.0473557160615977
"4114",0.603501288463952,0.112064647466546,-0.0147326210704441
"4115",0.650148364822976,0.0874516576627307,-0.0802551252255228
"4116",0.67351211032716,0.0855620958420391,-0.0365553366811617
"4117",0.568320224506786,0.0750526429431997,-0.0410098660477867
"4118",0.600103878615036,0.101362625909973,-0.0573391302068773
"4119",0.62191637144717,0.0895829927800184,-0.0490910358795123
"4120",0.63027634536026,0.110763653099791,-0.0581339832425176
"4121",0.611737100675829,0.0702076020737199,-0.0221484993701436
"4122",0.615207080868206,0.0996993795165018,-0.0411545711756314
"4123",0.570588475340898,0.0843937572490495,-0.0294881993535062
"4124",0.611225998280848,0.0657211850003851,-0.0772353900536855
"4125",0.638974634158183,0.108151273352724,-0.0487828580529466
"4126",0.629103589812764,0.123849397292452,-0.0776660367091818
"4127",0.65159664280148,0.0757272514610771,-0.0211785741616719
"4128",0.623902974842071,0.124925091894254,-0.0357321654523736
"4129",0.6365094420895,0.108757938354031,-0.00103157648806397
"4130",0.61352454786985,0.0903426404571815,-0.0863217845383616
"4131",0.617352210445295,0.122982922685264,-0.0652759516672256
"4132",0.653313328433577,0.0979672158155971,-0.0245185912338018
"4133",0.636367060003804,0.057940792582454,-0.0469373191952677
"4134",0.553966610854972,0.0721710028374635,-0.0323679032722424
"4135",0.613125490888414,0.111636271501372,-0.0465727787537128
"4136",0.64042330641932,0.122448932587529,-0.0227732049238543
"4137",0.59420916071471,0.122973405289426,-0.061443141283103
"4138",0.625641480067552,0.123519769448246,-0.00822791189852306
"4139",0.590305315850183,0.0850155332783752,-0.0563853955165185
"4140",0.608633965893577,0.123528620021846,-0.0480740851155867
"4141",0.642225246402847,0.0715968120637771,-0.0438401359532533
"4142",0.663942074017145,0.124773322139446,-0.0219852309106725
"4143",0.646740439082184,0.0993395873699698,-0.0562465650988704
"4144",0.639102264959539,0.0786243973814936,-0.0841232954674186
"4145",0.641792973524387,0.0725022257621845,-0.0336813483087411
"4146",0.634137349475866,0.118915048579962,-0.0259649300951299
"4147",0.634976022886739,0.0673004849381811,-0.004234058965788
"4148",0.652165892527809,0.0853257228912782,-0.0217591886496258
"4149",0.613933946311015,0.0927807311924408,-0.0323863352253308
"4150",0.669209932917495,0.0821509839576471,-0.0252346535880552
"4151",0.62252168814354,0.0724032446773966,-0.0349161985711147
"4152",0.651944855371279,0.0554217979229394,-0.0615249937479608
"4153",0.659515460995818,0.0967593160428254,-0.0526745648084588
"4154",0.62021208794753,0.0677133526101505,-0.0640037413658071
"4155",0.623299661543479,0.0942402736673477,-0.0340489853322989
"4156",0.665092502679213,0.0718155633400702,-0.0383360116441418
"4157",0.581529604279796,0.105423659027596,-0.00874764871954493
"4158",0.617893599423572,0.0862880056608355,-0.0205702947665435
"4159",0.583197856014004,0.136066407424486,-0.0247715380886167
"4160",0.591631840049469,0.062472126617804,-0.0411160686793057
"4161",0.616109148155141,0.0875589299138095,-0.013713205623508
"4162",0.64507457313097,0.096479212079452,-0.0613202946869042
"4163",0.641396275147117,0.127152248890891,-0.0428711398607288
"4164",0.662959618777057,0.0482490386587187,-0.0515996778703996
"4165",0.654742846806042,0.0935247945575771,-0.0235226193505055
"4166",0.659355726052016,0.0958126501746998,-0.0573821850818225
"4167",0.560352315367801,0.0547862702979178,-0.0664900097156307
"4168",0.636074560824334,0.139051011179912,-0.0331887349431477
"4169",0.6072747792377,0.101448686243849,-0.0432255925778895
"4170",0.667681837231039,0.0919529173488211,-0.0391822997611089
"4171",0.613875980915814,0.0647638538374647,-0.0602287116906434
"4172",0.64168291420606,0.104656266943254,-0.040954327249702
"4173",0.658395597997971,0.0986281416201439,-0.0310264723185658
"4174",0.636847293824919,0.106718344282466,-0.0114629700002408
"4175",0.594089213922287,0.045508352141258,-0.0674934341850055
"4176",0.682682979929092,0.067402821773579,-0.0526095923804022
"4177",0.611017336558134,0.130394414705381,0.0139162337616059
"4178",0.654779178420454,0.0866155828966623,-0.0134530984732959
"4179",0.68559100972586,0.0894567693319597,-0.0150259140335716
"4180",0.586191154150944,0.0953730028706272,0.00768738407290283
"4181",0.597679753508044,0.0730848432537567,-0.0296569945765458
"4182",0.607628426353224,0.109369632617168,-0.0672234135094722
"4183",0.647376685211354,0.0731774932098959,-0.0104649438133193
"4184",0.593563540688993,0.107103634038472,-0.00686556534077971
"4185",0.668414593703849,0.0960074390770422,-0.00926567991275205
"4186",0.647644452843086,0.0982984401408847,-0.0227855879227927
"4187",0.627379389713604,0.111023090443684,-0.0216690686168423
"4188",0.65183024182484,0.101851067115153,-0.000315196638837147
"4189",0.571256869410834,0.0777148241563961,-0.0238772347382014
"4190",0.620134146983636,0.0701398970589515,-0.0230295293976893
"4191",0.610454396215388,0.0762990218118976,-0.0383019675851039
"4192",0.647660466582666,0.0732229273631176,-0.0608502904648046
"4193",0.702279094721354,0.0956286470751754,-0.0587161944063734
"4194",0.624470783361876,0.0965574927417617,-0.0636650744230331
"4195",0.641901949979439,0.0657366603934276,-0.0290387840181672
"4196",0.61581593972269,0.0714276776833207,-0.0788066529598986
"4197",0.626073337397625,0.0829206189630224,-0.0379358929619059
"4198",0.636183460320633,0.098556537979606,-0.0453377873016297
"4199",0.663847487767357,0.0741395734647354,-0.0353835110549645
"4200",0.607049316285476,0.0692955648886558,-0.0531162545035754
"4201",0.660718727901744,0.0956942974754777,2.79693999254496e-05
"4202",0.627435579469418,0.113501769698592,-0.0234819164176948
"4203",0.641418862183709,0.0534459863450105,-0.0129256191910202
"4204",0.645320191363302,0.0663281615171802,-0.0545596652797842
"4205",0.595084332069906,0.0714495755421663,-0.0651936240398553
"4206",0.6482755328395,0.0815030104405978,-0.0421364079453996
"4207",0.613559004314115,0.110221386607613,-0.0277298247562321
"4208",0.653929639786848,0.137605374506002,-0.0717214364149133
"4209",0.591594961187449,0.0636773649725452,-0.0573692343956874
"4210",0.656830212050913,0.0781934925536345,-0.0561518213281956
"4211",0.622528309728157,0.0705643397858007,-0.0644029888109089
"4212",0.607954555072173,0.107470802631428,-0.0407493777805122
"4213",0.632663784769948,0.110149629646285,-0.0377417788492781
"4214",0.60856470160009,0.131185899597279,-0.00656935178949893
"4215",0.612580922160063,0.132179911466028,-0.0635203691481502
"4216",0.642840669484497,0.0768195928145925,-0.0386614434807915
"4217",0.627526135748775,0.0962874314545261,-0.0251836373887909
"4218",0.664577260053256,0.094144276004271,-0.00159228360322895
"4219",0.625051443415576,0.105529404159845,0.0084338682176316
"4220",0.600715068064769,0.132686461038849,-0.011521173941238
"4221",0.622266467691041,0.0599816042894833,-0.0432370102928337
"4222",0.595234382219125,0.113099994153065,-0.0620546287532557
"4223",0.662403103654167,0.135841329369761,0.00254387795851183
"4224",0.646812675022757,0.116350288782576,-0.0153317659092055
"4225",0.634611303632122,0.0896230004065058,-0.0506365130641218
"4226",0.622406646941546,0.10640419782506,-0.0691596419008113
"4227",0.638506531396034,0.0807134493490467,-0.0528714476731096
"4228",0.609516520208229,0.0662067704691851,-0.0172546329912669
"4229",0.594441643664542,0.0579984732933316,-0.0391356671754551
"4230",0.634681500252066,0.0874927965928002,-0.0946769810441953
"4231",0.683966202662096,0.130628858388871,-0.0432350583090149
"4232",0.590235390513087,0.048319964600487,-0.00976122937165851
"4233",0.617601587907533,0.0730050076119413,-0.0481806192450765
"4234",0.652469627346587,0.0896587735660216,-0.0219921961631261
"4235",0.665305776065286,0.063936215439883,-0.0568689730541107
"4236",0.650641812880118,0.0795173885755599,-0.0446475435704685
"4237",0.618790991761486,0.0835704883513081,-0.0227818614935333
"4238",0.632034537436574,0.0914974208871536,-0.0266709772275055
"4239",0.628555874020384,0.134285430529705,-0.0308521992970755
"4240",0.642676167363214,0.0962167704227744,-0.0198801209629268
"4241",0.615349709979557,0.0648223852449869,-0.102212253593547
"4242",0.675833809038232,0.0741805861802953,-0.0442316240270716
"4243",0.579115209326961,0.0760566766523802,-0.0514399219130078
"4244",0.589800229560749,0.0813843160401533,-0.0127611018844289
"4245",0.683861467071072,0.116897875544246,-0.0524919368892785
"4246",0.617413864585354,0.127816166740088,-0.0275316660681005
"4247",0.681957541780674,0.0961565084675632,-0.0520079233160724
"4248",0.658778426630837,0.124265143874835,-0.0495583136322245
"4249",0.638041217571522,0.0790526312462737,-0.0418055741184504
"4250",0.593545406046284,0.100667556681312,-0.0366435731158834
"4251",0.614150047938753,0.101161296411623,-0.000335584365395623
"4252",0.611445318431756,0.0970346734174038,-0.0861608666486351
"4253",0.676587191992699,0.122383918000401,-0.0191232197905111
"4254",0.671982761717727,0.0918601757202406,-0.0204709787362598
"4255",0.621284416967487,0.0913693489970154,-0.0509277419916116
"4256",0.645610220425728,0.0659679093023255,0.0317346822636174
"4257",0.702372858619268,0.119563242439595,-0.0112676164992368
"4258",0.630345892602703,0.100912351460932,-0.090140308628634
"4259",0.615333540400695,0.102429222861832,-0.0592977640818768
"4260",0.670653922392523,0.0851020721434708,-0.0410150424650684
"4261",0.617862665199861,0.0978224922633839,-0.0209701247241649
"4262",0.640766057549498,0.0906577916263746,-0.0658116585111218
"4263",0.614122252284027,0.0827226151121882,-0.032561579868059
"4264",0.59586048228964,0.0871131569680345,-0.0220936111833053
"4265",0.648412558514459,0.0573603977997334,-0.0388790423202016
"4266",0.633558995685512,0.104075457645416,-0.0255463561450379
"4267",0.635070909344968,0.0961207501577382,-0.0157896192821229
"4268",0.594058678288457,0.10598247073334,-0.0142263345023968
"4269",0.687807649924728,0.0800210989110075,-0.0427196520324624
"4270",0.634043750567716,0.0849211006915336,-0.0293315287743515
"4271",0.652567979352393,0.0995008897987458,-0.0439632061130661
"4272",0.632833370774007,0.102330957299887,0.0263037983853777
"4273",0.642881779366955,0.122513016637487,-0.0463155591803336
"4274",0.596101980285382,0.0953673481039699,-0.0325755126757466
"4275",0.600419407160063,0.104041995253626,-0.0389050763742444
"4276",0.607027157818204,0.09614141269361,-0.0711897435008117
"4277",0.624389593181765,0.104342046128525,-0.029512178204283
"4278",0.674550806205444,0.0998296724452311,0.0157816126268168
"4279",0.654398484560762,0.0890715181041019,-0.0291071408840091
"4280",0.657360434958504,0.0904384144217153,-0.0410324139922736
"4281",0.609991216162682,0.0920671253927967,-0.0585963683333889
"4282",0.680216196090652,0.0831770477585246,-0.000837070250284268
"4283",0.642698204208856,0.0842697777491082,-0.0478561864571042
"4284",0.645862174749609,0.117061648085673,-0.0682322595936568
"4285",0.661089038963664,0.109888995972833,-0.0227259076046757
"4286",0.640862006015543,0.120835274306494,-0.0157578855162515
"4287",0.5823936980416,0.0866807237550656,-0.0434981681694474
"4288",0.679325852484697,0.0969557251161691,-0.0377353602442454
"4289",0.62042101684601,0.101915596516833,-0.0175287341278346
"4290",0.643845928229649,0.11518047188501,-0.0637382192480054
"4291",0.671865635514949,0.0780526601933669,-0.0323169490057817
"4292",0.63872508781789,0.0599926004545287,-0.00204607586498484
"4293",0.658341793306515,0.099940081327855,-0.0254279231012699
"4294",0.652058462683434,0.112510900022307,-0.0212395072290314
"4295",0.684381256496257,0.0698588741311279,-0.0480845870439124
"4296",0.637668196476634,0.0816564629864279,-0.0407360912509427
"4297",0.643916964124447,0.0567171163195375,-0.0627112483902992
"4298",0.67570080066922,0.127834405873266,-0.0178329920410215
"4299",0.590402855318424,0.070559372792317,-0.0287793049773173
"4300",0.617031143240103,0.0598687852083341,-0.0411296494379869
"4301",0.61670700569479,0.113843629619942,-0.0589480887516261
"4302",0.649917796178676,0.154915679158094,-0.0395562392941764
"4303",0.591859780842156,0.0804161528249952,-0.0425749944617307
"4304",0.659392851089775,0.137370463953342,-0.0152690502223233
"4305",0.630173719762447,0.115984930332814,-0.0506638702467546
"4306",0.599627023349078,0.0830879676005905,-0.0638817278537951
"4307",0.615493921625455,0.109796992288705,-0.0437409072185597
"4308",0.641061696359335,0.0880705637782464,-0.0361904433980854
"4309",0.62242938164267,0.0870320042905785,-0.0258822651334909
"4310",0.627734957520646,0.109186886227947,-0.0227358197231358
"4311",0.602395825008127,0.122817433385374,-0.0647388284327369
"4312",0.611520186313313,0.0859901257831965,-0.00613171853484762
"4313",0.630011622930328,0.0905215913334284,-0.0356738610595289
"4314",0.609550052036122,0.0819938487949055,-0.0654060822816257
"4315",0.648068023176829,0.090904946087719,-0.0364342017104503
"4316",0.598365827332461,0.0744071124922983,-0.0223674545532398
"4317",0.616006334878899,0.0951342517954163,-0.0471227202963447
"4318",0.671010142475754,0.121330722051666,-0.00424883795465753
"4319",0.630388929197692,0.0924088605419518,-0.0480771557172532
"4320",0.658801785723645,0.0954592952379687,-0.0273292230802249
"4321",0.68136698002214,0.0833526254139189,-0.0606156666198369
"4322",0.631908096963858,0.0644732272528988,-0.00844651833630758
"4323",0.634592178872731,0.0476145821429761,-0.0572916746171638
"4324",0.656048274677263,0.0274729860900824,-0.0500012287717331
"4325",0.618035340832162,0.115403832713711,-0.0808237349844056
"4326",0.615949699237021,0.089706240331426,-0.0605155034888019
"4327",0.614555894403621,0.0625026674881143,-0.0599815079288643
"4328",0.580451014219954,0.102098427705754,-0.0200035990039932
"4329",0.685728618641961,0.0640751330679431,-0.060922798098004
"4330",0.581907788866608,0.0677564664164669,-0.03084016312814
"4331",0.627460214031273,0.093102800297757,-0.00279294809573417
"4332",0.574684729883813,0.117646096703702,-0.0406622793049387
"4333",0.67625478882909,0.11436377273765,-0.0397983094514985
"4334",0.634702005682852,0.0952841943423275,-0.046685577260797
"4335",0.622071429346674,0.124393534474292,-0.0353928095408625
"4336",0.600583713295751,0.0923820336038025,-0.0224293505381259
"4337",0.642148024327139,0.075414276192339,-0.0692519559573865
"4338",0.60712178105597,0.11976032487756,-0.0593658889897127
"4339",0.646090679568464,0.136974452449669,-0.0558669083415188
"4340",0.647620373938939,0.0873301552049423,-0.0608110320977966
"4341",0.636261382500491,0.0846832871144867,-0.0282562304015423
"4342",0.6255682658939,0.104923181531572,-0.035883047343333
"4343",0.663006985789196,0.115299431295665,-0.0300517706906681
"4344",0.592459183947048,0.0687693994948846,0.00622797660963308
"4345",0.661278560426795,0.108946866638607,-0.0683819747414253
"4346",0.680346677159634,0.126459882262175,-0.00844846915622956
"4347",0.598159359502152,0.0691514928969761,-0.0694533241537061
"4348",0.609314981562223,0.0787650947819013,-0.0363847006337871
"4349",0.630550714133742,0.101851975512944,-0.0408110829894776
"4350",0.664670777104639,0.137850976063106,-0.038601339421667
"4351",0.594578118044297,0.112902763311223,-0.0470723055559923
"4352",0.628172769820978,0.0964623485498543,-0.0226222611332571
"4353",0.651402422506468,0.114018045272403,-0.0180567576280102
"4354",0.606105781663771,0.0851902059234183,-0.0603186860586416
"4355",0.61538698717794,0.106359824745728,-0.0135645622774764
"4356",0.575000221871608,0.0986312439749257,-0.0282987584462587
"4357",0.680253432956029,0.0946812027329162,-0.0707145316630631
"4358",0.612724433006534,0.0614258929892017,-0.04210684466672
"4359",0.600047248973786,0.100027757173212,-0.0150990035622019
"4360",0.648210904804106,0.0870013013749997,-0.0850951700565677
"4361",0.609606100310547,0.0607402903270361,0.0136714067815647
"4362",0.645183417323612,0.102002607237647,-0.0501054603302979
"4363",0.61260417668698,0.10622781420676,-0.0301108887348568
"4364",0.619804317591681,0.105760791156739,-0.0774080503129344
"4365",0.65157177151149,0.0702801230206201,0.0120210578586085
"4366",0.630710290912536,0.0890735335263926,-0.0180416260778612
"4367",0.628756112145776,0.094456275148699,-0.0468500770679613
"4368",0.627364544099663,0.0871484979312649,-0.0240356765924412
"4369",0.60381656079632,0.0534237859357913,-0.0419048984780211
"4370",0.566992691111009,0.0735683287059427,-0.0200229399352293
"4371",0.561818240966743,0.0951557384275183,-0.0204837202483659
"4372",0.623206210278483,0.0856127330628985,0.00995843646599635
"4373",0.625154832697514,0.115101521991812,-0.0361031713783131
"4374",0.599469686252412,0.0670291242721641,-0.0281570149124626
"4375",0.654011333614886,0.107723294864813,-0.0325861430994419
"4376",0.589560707390609,0.12165930554033,-0.0558159760989448
"4377",0.608169018430389,0.0713576876613888,-0.0303317633840532
"4378",0.611287706257799,0.068334449584559,-0.0417686473045598
"4379",0.646940888145615,0.0606365036185407,-0.027208232544815
"4380",0.644508700828746,0.0769079854506078,-0.0613357472977941
"4381",0.64883960420687,0.0796844342142069,-0.0229481769547003
"4382",0.622970163681232,0.0704021710576092,-0.0537166520937908
"4383",0.624928665737332,0.101074341207455,-0.0457039425637469
"4384",0.651712000117202,0.0817150328024259,-0.0653733129388248
"4385",0.658260439932493,0.084302275230225,-0.0231475406517904
"4386",0.628138804858072,0.0877868220962388,-0.034776596305725
"4387",0.622409179610225,0.067665683090359,-0.0120763443887815
"4388",0.658597505868474,0.0812911039512325,-0.0666101528115638
"4389",0.62194909788055,0.0883130602845788,-0.0469513192685737
"4390",0.6261381103778,0.086533481324576,-0.0380859022075304
"4391",0.67747843342439,0.0805429466477361,-0.0386375899668364
"4392",0.585339522152556,0.0794269522363508,-0.0463933948726266
"4393",0.636617420064283,0.0879787770176342,-0.0758474821946277
"4394",0.663056616525173,0.102716057982948,-0.0254095265839092
"4395",0.668305267307098,0.0810360588495193,-0.0298735702555481
"4396",0.584214120788293,0.102841209760935,-0.0287257459899366
"4397",0.638860257921419,0.0834343103896551,-0.0204276518176751
"4398",0.657309600812853,0.0866167415631601,-0.0130434466755162
"4399",0.589491179144051,0.101741908588413,-0.00450583551628814
"4400",0.568445001206098,0.145295064157563,-0.0490141633154947
"4401",0.596428254558191,0.112686237274629,-0.0302341702718757
"4402",0.599363841622876,0.0742096186238447,-0.0479434616393593
"4403",0.560734389723914,0.0757526814665273,-0.049778678355653
"4404",0.623299686946065,0.0843311443124727,-0.0385049138496855
"4405",0.658051616536687,0.0692803137952546,-0.0454979319891521
"4406",0.658323049192579,0.0731849316014845,-0.052650468013437
"4407",0.649873108470768,0.124628974483001,-0.0394236891892312
"4408",0.622055711243613,0.127653412732349,-0.0717783437639525
"4409",0.612103954866752,0.0731078542350146,-0.0870807923957411
"4410",0.643742575425966,0.0644213328839177,-0.0307023718238795
"4411",0.618722509859061,0.113044869842687,-0.0604515550312793
"4412",0.652499808310246,0.0900238814200852,-0.05122170629707
"4413",0.646234762346087,0.0419914534633307,-0.024264451449009
"4414",0.594969073812544,0.0144824964694653,-0.0475277051542613
"4415",0.66466783245148,0.119395438846525,-0.00960612181661721
"4416",0.59565719606265,0.099352283310674,-0.0414411422621827
"4417",0.618064655022672,0.10691549109106,-0.0664727173419061
"4418",0.600515742205217,0.117063875073623,-0.0329075127414051
"4419",0.618474864012204,0.12223393398835,-0.0537633465870156
"4420",0.595451897570408,0.108614519420916,-0.0334524428368663
"4421",0.617819649181686,0.0820585538460171,-0.0572764432511687
"4422",0.665972927651427,0.0978534766314224,-0.0114755647501852
"4423",0.596146490266229,0.105643777008647,0.0137956363174928
"4424",0.587092291136546,0.122838587486007,-0.0447283279411149
"4425",0.643626395825011,0.0839906782260965,-0.029010710812501
"4426",0.661519782909954,0.115019183507686,-0.022021905522307
"4427",0.649111714149219,0.0737678372603075,-0.0164293540060186
"4428",0.677180799211014,0.121596837780138,-0.0823864138208233
"4429",0.591519799093798,0.0833148763810593,-0.0329624828156333
"4430",0.618314773125714,0.0554362004930122,-0.0678216450283309
"4431",0.62835632049831,0.0804419236097744,-0.0267833938065152
"4432",0.662605374097758,0.123144844775453,-0.0405653697013537
"4433",0.680083646718257,0.0919742583611967,0.00622185879312684
"4434",0.626085158938616,0.0927856715291588,-0.030409630236602
"4435",0.665659002795294,0.044255438860921,-0.0378841316061662
"4436",0.650581532167617,0.103502997763407,-0.0566976212764658
"4437",0.594796716976407,0.0795332189425502,-0.0586563684840503
"4438",0.623093104478824,0.0752293705989239,-0.0250173585952097
"4439",0.612114294630314,0.10390785452893,-0.0306051306783113
"4440",0.612537220903351,0.0490041532658866,-0.042449920479873
"4441",0.632425452953969,0.0913519359115999,-0.0237215105628691
"4442",0.624362944042085,0.110649254500212,-0.0810986021212863
"4443",0.643146939299213,0.104840681750414,-0.0251582758102878
"4444",0.609608124444536,0.0923436622975644,-0.0451416870544221
"4445",0.627784491246592,0.0796737464040862,-0.0563374363881971
"4446",0.640700302260391,0.104873933217003,-0.0516783522342973
"4447",0.648241636109093,0.14533054061434,-0.00762480535169894
"4448",0.587111523892867,0.106331823999063,-0.047498381432719
"4449",0.666150620888921,0.068301340225594,-0.0362899923224768
"4450",0.658237534280077,0.0767663622369678,-0.0234210574382487
"4451",0.62724311427379,0.072766516774693,-0.0501002101583524
"4452",0.676211055099203,0.117512250426938,-0.0828153865736831
"4453",0.614143992190308,0.0898305235314476,-0.0419016034455734
"4454",0.629192575168865,0.0645099181616242,-0.0433216715458562
"4455",0.634651896137477,0.0519318002513104,-0.0383201593399991
"4456",0.653048893759611,0.0779660016986169,-0.0573714432251928
"4457",0.683496024596015,0.115360769017428,-0.00962839978885722
"4458",0.624009629415356,0.102769658390442,-0.0370772059816799
"4459",0.607334435887764,0.111805732595949,-0.059586656005651
"4460",0.61761802668242,0.081821618820262,0.00321813096027156
"4461",0.66251570641945,0.124975143522442,-0.0232610969844674
"4462",0.667943440593682,0.124745476933899,-0.0132329435832483
"4463",0.616704969492413,0.0708574687952045,-0.0358612356837833
"4464",0.622110103470313,0.0960076985864345,-0.0302425317880908
"4465",0.686770505637888,0.0759401230470578,-0.016901385219273
"4466",0.580938878782286,0.113813092983608,-0.00157008949967478
"4467",0.628611234328509,0.0756116157034946,-0.0830740832759186
"4468",0.636966710920145,0.0909563812609582,-0.0487697928043517
"4469",0.624728052319234,0.0729392518771648,-0.046451938767792
"4470",0.581308808981985,0.158459332393182,-0.0486256997666886
"4471",0.625254150900367,0.0778503725330566,-0.0394835112449087
"4472",0.672775297551664,0.0240003307980163,-0.0689282342091102
"4473",0.621915238216884,0.0889518862913924,-0.0434692628502015
"4474",0.668238115610013,0.0940869920808809,-0.033602268395978
"4475",0.650480913845792,0.117052228651923,-0.0356635309726996
"4476",0.637552011713675,0.0792218510026204,0.000892747768535825
"4477",0.659236677948598,0.113284703761962,-0.0340673681001365
"4478",0.628528959634246,0.124024707172218,-0.0296281323192629
"4479",0.567967926447732,0.121440272048869,-0.0353219292235921
"4480",0.603492175987546,0.0932675659160223,-0.0152898331593477
"4481",0.624856327395438,0.0804759018662842,-0.0354387421478983
"4482",0.603435450030917,0.101592414590474,-0.0525208239431597
"4483",0.59835546778218,0.105839734105941,-0.0082314576951229
"4484",0.630242916664281,0.0689085117621699,0.00974236562891453
"4485",0.638061501253651,0.0864508491159088,-0.0743968995382198
"4486",0.657565780881077,0.120765999668536,-0.0147741928524384
"4487",0.635818901186676,0.116639873099237,-0.0570652141955106
"4488",0.663412236085321,0.105591692829727,-0.0158508506881641
"4489",0.61891855395775,0.0725362908267508,-0.0506208748000434
"4490",0.607963482417397,0.111773305574373,-0.0366212601942028
"4491",0.621214213467736,0.088294762177408,-0.0601996767388399
"4492",0.648113233834717,0.092966423552134,-0.030451110867031
"4493",0.576966758724537,0.0909842140386571,-0.0259406266450396
"4494",0.662511317528401,0.0798550072272725,-0.0301419312044665
"4495",0.585163100591508,0.0909490509737605,-0.0455014339107123
"4496",0.645386767622998,0.117085097835228,-0.0559240604403249
"4497",0.610734981799751,0.056814459298987,-0.0232599016177824
"4498",0.609326232484741,0.12661862388246,-0.0441758269648111
"4499",0.652555346603637,0.0697305680060547,-0.0246138054870021
"4500",0.584658522401087,0.0714833630768422,-0.0300519208605431
"4501",0.642469225970101,0.0784164766337006,-0.074141197472552
"4502",0.605753854051347,0.0169208745264408,-0.0178366919381584
"4503",0.635495933017325,0.0945065738092846,-0.0412983211587333
"4504",0.631355496428619,0.0875013167074403,-0.0353530606788319
"4505",0.652955872576068,0.089846294494055,-0.017370328481674
"4506",0.614487247297461,0.0952343391626376,-0.00188842361513908
"4507",0.620283339155728,0.0860770936730225,-0.0512079301754504
"4508",0.628874729071771,0.0784689346301234,-0.0640488797071472
"4509",0.601267844710763,0.0698042400341371,-0.0300567735172207
"4510",0.645649403879786,0.101557074303678,-0.0242586564301149
"4511",0.655228011619102,0.126082700413727,-0.0720115934094356
"4512",0.6512724704814,0.152194721431267,-0.0660021576640529
"4513",0.628503072839385,0.114247463588527,-0.0429956924164432
"4514",0.598969747773285,0.0779193922862705,-0.04613014688415
"4515",0.595406501045539,0.0720871042134626,-0.0352290420174034
"4516",0.607701513139004,0.102532361052478,-0.0141964269457657
"4517",0.631017302606301,0.107497926077711,-0.0374711513544057
"4518",0.628618299373072,0.0746729227881729,-0.0136695725828181
"4519",0.624234018175199,0.0750592489378295,-0.0316662123162148
"4520",0.681326052711512,0.0765580729572324,-0.0484278690491938
"4521",0.624371381888413,0.0668996813188079,-0.0149423036962771
"4522",0.64277874751491,0.0857539200338649,-0.0494664994748543
"4523",0.661289478726364,0.0768630108560653,-0.0223337888974828
"4524",0.651947423149919,0.0818805324887389,-0.00742858904030504
"4525",0.65882706608943,0.118218306401562,-0.0188998512401499
"4526",0.639548068099001,0.0877106716055555,-0.0855181630958621
"4527",0.64497344338689,0.127555766198395,-0.0405902952158782
"4528",0.702853421852106,0.121159428416047,-0.0281387225017044
"4529",0.643323286551291,0.10979879733244,-0.0207561649690074
"4530",0.606345319185068,0.0884741939778384,0.00824110921988511
"4531",0.600422302491361,0.0494097965522109,-0.0749480212792167
"4532",0.61150572281138,0.0790929419481566,-0.0493563824320801
"4533",0.599433729752228,0.0948883149261465,-0.0355736758061182
"4534",0.688920135042955,0.0833683720272347,-0.0683554639196783
"4535",0.583469099580625,0.10907191222883,-0.0183719789012636
"4536",0.632697382237766,0.0804288377946237,-0.0619911385302875
"4537",0.604648005868072,0.105746188853289,-0.0534417271503669
"4538",0.652131922425892,0.0728586401923079,-0.0476450312147118
"4539",0.591993411351005,0.061319045789342,-0.0296620923106285
"4540",0.641697359298243,0.0790679960848288,-0.0456414025321418
"4541",0.631374779769875,0.0885189100122562,-0.061719496864343
"4542",0.624178358599532,0.106895519002665,-0.0531289251590662
"4543",0.647111681936208,0.119342475379038,-0.0114139524075862
"4544",0.654509190294721,0.109765851733574,-0.0541370515256054
"4545",0.584217185425239,0.0662919107680929,-0.0295650594635614
"4546",0.62180470639405,0.0907498183493807,-0.0539471540098126
"4547",0.618410685482114,0.0820755744094295,-0.0257170216112882
"4548",0.629204911154563,0.0852324798125744,-0.0124298142198862
"4549",0.658715087330427,0.120322040407066,-0.0142645222365955
"4550",0.624954602376424,0.102675243415259,0.00747676455723354
"4551",0.618117935738697,0.0647659728706534,-0.0191493871513651
"4552",0.59904881785211,0.0709995900191266,-0.0537781523519926
"4553",0.589973796885,0.0323922245264385,-0.0280323506860715
"4554",0.623733088538652,0.0549926087516636,-0.0446888641014065
"4555",0.635931594185321,0.089562254366184,-0.0286669710790178
"4556",0.555993172220439,0.0767279286071356,0.0272218499293733
"4557",0.622846498116346,0.109012020076756,-0.0218975999777665
"4558",0.607668711637263,0.0882676648540939,-0.0391757311522639
"4559",0.666738251042466,0.0916932319596211,-0.00223252193943127
"4560",0.624681785080633,0.0680242776773308,-0.00730269262581403
"4561",0.616578181921969,0.0749896117260485,-0.026954063699985
"4562",0.622108667046354,0.132539814727572,-0.0501177971461146
"4563",0.637649449344168,0.0999403962887722,-0.0262289111270922
"4564",0.57183170595181,0.0861634049358929,-0.0470947945437225
"4565",0.620717920090271,0.106611903858405,-0.0622430284318128
"4566",0.688402053193829,0.0629166399445142,-0.0239699689024998
"4567",0.639780594724178,0.103556112544608,0.00203392836419743
"4568",0.666330462458667,0.116673200557379,-0.0780847034187387
"4569",0.629659968033278,0.0672678965734328,-0.041032258084589
"4570",0.669023133076956,0.12467184599315,-0.0399960202999471
"4571",0.594225722709291,0.114952549788319,0.00597521283048928
"4572",0.657177250184539,0.0976442233219563,-0.0221807827030435
"4573",0.60930649322251,0.0373545430404955,-0.032914401079979
"4574",0.62659747095635,0.0792860412055984,-0.00224519885678163
"4575",0.600032735159962,0.0774973897008854,-0.0118472010302814
"4576",0.663548758222763,0.104459759640222,0.0103016811128589
"4577",0.621572058220895,0.0875872961707766,-0.00972748133067571
"4578",0.626245276941417,0.0991110828224553,-0.00185838427123764
"4579",0.614604949432729,0.0928357506568573,-0.0391001533760638
"4580",0.6427394728457,0.0827439507850255,-0.0514437487297413
"4581",0.634444651739112,0.0603831248151779,-0.0432821297714691
"4582",0.618669969039136,0.10726423061288,-0.043905200533952
"4583",0.633015029924344,0.0494713135457669,-0.02955117116275
"4584",0.639277616560936,0.0687553515173176,-0.079145252312282
"4585",0.637829189574968,0.0722389229122685,0.00293829325974777
"4586",0.597884462561423,0.098962173271259,-0.0622889100118354
"4587",0.618316033360959,0.095030666919568,-0.023166796267846
"4588",0.657699501906153,0.0828208010224883,-0.0785154520916609
"4589",0.574511364936392,0.0666068536216876,-0.0680412963639321
"4590",0.62873099514874,0.0619726657165479,-0.089041758961746
"4591",0.667865464870388,0.0930224576117564,-0.0375702550898934
"4592",0.710277430605805,0.104708548702491,0.00862850604925326
"4593",0.642372848429337,0.0532574382134966,0.026119260483953
"4594",0.643219487292816,0.073932863860851,-0.0196914115628372
"4595",0.613271889038306,0.10686795960862,-0.0500991064622405
"4596",0.645307808216151,0.0713823609807993,-0.0162565524815508
"4597",0.646401073682474,0.0947711302752011,-0.0429648318704049
"4598",0.629060409161049,0.116334039369767,-0.0301849528734329
"4599",0.596733769844865,0.147185692309594,-0.0771813748643441
"4600",0.660017859696266,0.0970546345074293,-0.0307773703958816
"4601",0.645231495126096,0.112725643759867,-0.0784328196701654
"4602",0.627004764902546,0.091859687623375,-0.0354255889842608
"4603",0.657271311330159,0.0993143036795596,-0.0769879889268766
"4604",0.615054862475573,0.0443006124111592,-0.0382313448468537
"4605",0.608811064767361,0.0896749558601786,-0.00296715921056601
"4606",0.576569233311827,0.0869552587059219,-0.00361330788062746
"4607",0.655614661412372,0.122433639009238,-0.0677083992646885
"4608",0.624406995160269,0.0843430125066423,-0.0187894833763494
"4609",0.672932172014401,0.0774676186065192,-0.0419257823334477
"4610",0.654020439197314,0.131614447302454,-0.0456452717133988
"4611",0.655580355150744,0.109743761446703,-0.0696742468443316
"4612",0.659610710642321,0.0933134418939199,-0.0572830875684726
"4613",0.576734862654413,0.10579033650139,-0.0468676867104849
"4614",0.660668663853862,0.101911152570643,-0.0412566251432649
"4615",0.647772847300328,0.0939290782165974,0.02002583107542
"4616",0.654762814238462,0.120970652124411,-0.0285932270503292
"4617",0.607369632810613,0.109757375302723,-0.0491586587814129
"4618",0.643043023437061,0.0880001067125968,-0.0593085069265816
"4619",0.645832262808396,0.136772969265711,-0.0187251556968822
"4620",0.611282551083868,0.113945023507608,-0.0507600906820813
"4621",0.624303384165009,0.0738383661182287,-0.0251063538664802
"4622",0.695153479386979,0.0877508179143404,-0.0417950081556884
"4623",0.718749654542205,0.0713851336004933,-0.00468349563142948
"4624",0.591038159471992,0.0908687271911947,-0.00163526439747527
"4625",0.602722615792845,0.077872370715743,-0.0302100718332852
"4626",0.627913849896467,0.083449202943202,-0.0395875778138332
"4627",0.665973735041453,0.110774562197168,-0.00776853032287769
"4628",0.605986236874991,0.103736024845168,-0.034032616614535
"4629",0.693400890275352,0.0913720308270028,-0.0394908720712516
"4630",0.623268527766118,0.124903905873677,-0.0517293385075061
"4631",0.660179611168211,0.100851770113244,-0.0501336989925107
"4632",0.648542544500967,0.0992897610753104,-0.0637305079666003
"4633",0.631278731719871,0.0851580895545963,-0.0523415226814433
"4634",0.637675018457657,0.0888368489664127,-0.02598115145203
"4635",0.594664807283647,0.0904013972570455,-0.0246275259729758
"4636",0.65608371534511,0.0805342264221073,-0.0545322866922128
"4637",0.61525589906876,0.0878129415910736,-0.0398365438878168
"4638",0.597413799074159,0.0536829717413754,-0.0455213567159041
"4639",0.677462842352844,0.110992898882443,-0.0635486838882423
"4640",0.671692712281884,0.0660212041568322,0.0141888729231853
"4641",0.670893359134836,0.0916986672333288,0.00632961171434718
"4642",0.645713672197937,0.106499635079728,-0.0423785827784865
"4643",0.633346882072348,0.0505879143245867,-0.0724373320362842
"4644",0.620358173601263,0.0945562671990226,-0.0378932147114455
"4645",0.619965627725187,0.090710124253042,-0.0285510810040863
"4646",0.628663319571482,0.121845503232486,-0.0152467674965764
"4647",0.637324325017691,0.123156118984398,-0.00235499000858561
"4648",0.640264493797626,0.0822167801490814,-0.0556561564401177
"4649",0.612539128682018,0.108153422678526,-0.0373290512683443
"4650",0.583802005601661,0.113522079993796,-0.0537516186934403
"4651",0.615553919656082,0.0973140848845588,-0.0835629084783471
"4652",0.611521440692608,0.0964535116461938,-0.0304130204438919
"4653",0.689313129147731,0.117060240809014,-0.036563221344809
"4654",0.67837113846368,0.0705252662087905,-0.0250310133635466
"4655",0.683192455910054,0.129839860063818,-0.063860473040983
"4656",0.674080587861677,0.0742384353097884,-0.015678076990178
"4657",0.612958988345342,0.0937282259630799,-0.0359844360592033
"4658",0.647558082784342,0.0761777878946108,-0.0327064797973348
"4659",0.707281974121473,0.0631309864394862,-0.0107620207763019
"4660",0.609021060786646,0.13392927905268,-0.0517331046907366
"4661",0.596163576640426,0.0933504822502986,-0.0105783869944593
"4662",0.629002810420442,0.0979456697811581,-0.0231441794357296
"4663",0.669345199036581,0.0913586105690386,0.00257073982420118
"4664",0.656298510405066,0.143624868842852,-0.0237538138366596
"4665",0.63730567860393,0.075960978886881,-0.0409177022640056
"4666",0.684581542618681,0.086813054249703,-0.0264274523175073
"4667",0.614643138765819,0.0679406554559904,-0.0723001114108365
"4668",0.628967637173276,0.0352324072708819,-0.0758053648631876
"4669",0.643630620443407,0.0979070458947038,-0.0321631787970977
"4670",0.59613871033353,0.10782842133404,-0.0317939126716333
"4671",0.632542422035736,0.0480839716936994,-0.0268960042894965
"4672",0.653885428751412,0.0982658995908704,-0.0146921796067748
"4673",0.662905132344488,0.0769104239553652,-0.0287828753303051
"4674",0.611723794123024,0.0720251490134891,-0.00496262266472766
"4675",0.637158119295965,0.0571519669492987,-0.0495226967268529
"4676",0.635385625871935,0.0806403746137656,0.018894796800544
"4677",0.683559069936891,0.0959381318362847,-0.0101223024167119
"4678",0.639645576529918,0.0856279710855686,-0.0419333588702888
"4679",0.615315899679852,0.0465533600773947,-0.0354248477920318
"4680",0.661340538077252,0.081892480099393,-0.0105421747975671
"4681",0.626283035185749,0.099858981841013,-0.0450244145604518
"4682",0.640140230696667,0.0515747698418267,-0.0797454384200357
"4683",0.633605780971549,0.0938711400790495,-0.0742791728313361
"4684",0.610071073366269,0.0961430219951714,-0.0148748902098205
"4685",0.614179943529281,0.108407033818499,-0.0325681738210844
"4686",0.593855394495024,0.0845282972597847,-0.0426702501981417
"4687",0.614436644766011,0.0928093625248065,-0.0386025311769841
"4688",0.643596619245859,0.0977677594829163,-0.00897483004372632
"4689",0.619917683540343,0.0924531494256348,-0.0141132541780559
"4690",0.609040151235854,0.0611108313321484,-0.0406353364038997
"4691",0.60055414858325,0.0752288431130534,-0.0266506230514753
"4692",0.628117532340171,0.124758886040462,-0.0823562381535942
"4693",0.62610631935632,0.0906483705144872,-0.098486796135551
"4694",0.65886977621096,0.10418845859965,-0.0367032903162928
"4695",0.636951344276845,0.080943646619976,-0.0877520975749922
"4696",0.587690701503896,0.0098331890352736,-0.0123628185639144
"4697",0.656279250099629,0.0861268904212232,-0.0504396278133891
"4698",0.575713508704958,0.0784346084073025,-0.0529100329620124
"4699",0.629186287316901,0.0649390188149843,-0.0239942264777274
"4700",0.606156101965356,0.0668476804098786,-0.0166530309948615
"4701",0.657206952663774,0.0819544667405611,-0.0229764908538045
"4702",0.568860282320706,0.0825326218569336,-0.0303750832596457
"4703",0.683249931369926,0.101840298884128,0.00733806800094743
"4704",0.627639367003024,0.111855382766647,-0.0127632160458273
"4705",0.630413584261564,0.0837229117900727,-0.01741550084257
"4706",0.628209190388215,0.116040898595635,-0.0316767573833167
"4707",0.62823815754383,0.0790916356940418,-0.0283796974993134
"4708",0.627890367448995,0.0892660181963915,-0.0448043032087821
"4709",0.627816311351322,0.127920900780887,-0.00855688028204423
"4710",0.64599385167021,0.109991303559955,-0.0372394315704809
"4711",0.649497294681958,0.125529006149536,-0.0224955604561253
"4712",0.615764548263726,0.0747397126197398,-0.0440257350071455
"4713",0.57364356006019,0.0910535080239243,-0.0413242915331368
"4714",0.667654201400074,0.111322298129033,-0.00230518015183573
"4715",0.600739486017153,0.0956066255482639,-0.0337755601485899
"4716",0.681607328586401,0.124913553248124,-0.033259617911828
"4717",0.604520832388341,0.104641698747098,-0.0504108195979271
"4718",0.608638494775957,0.117442257593114,-0.0416978300940554
"4719",0.620434917922846,0.0998701128430398,-0.0542414600170844
"4720",0.610333702540771,0.0650965817584153,-0.0210408500893975
"4721",0.659040903232296,0.106298323000625,-0.0589839680667749
"4722",0.597606701250156,0.10491523665627,-0.0167113535302966
"4723",0.646260157723087,0.122410084267407,-0.0304231499294817
"4724",0.643939742333738,0.0777918405331868,-0.0744996533962915
"4725",0.668651604053893,0.0982277708484243,-0.0353872160425514
"4726",0.651908607871261,0.116107882714076,-0.0323586670584625
"4727",0.659717456455754,0.11178884749172,-0.068069147909345
"4728",0.626560717782089,0.0658574952742066,-0.0389040851264693
"4729",0.61752407261816,0.0719302400935987,-0.055930812052477
"4730",0.570438027991088,0.0933840072675848,-0.0389116481252651
"4731",0.648501007167957,0.105201337000035,-0.0617121755337847
"4732",0.638061500490625,0.0863893233967983,-0.0512771574061634
"4733",0.635126732971388,0.0849149557211196,-0.054726908337044
"4734",0.602566686240776,0.0831582817295683,-0.0552641845457412
"4735",0.646040594584848,0.0886537838508378,-0.00961813891654434
"4736",0.594960599821942,0.0687286780150811,-0.039080466867351
"4737",0.64905624211,0.0671443762056847,-0.0420177293423691
"4738",0.619971800152947,0.0491570140295307,-0.0600990865669235
"4739",0.607403842979459,0.075977220027233,-0.0271016136357889
"4740",0.649540970743905,0.09455375407896,-0.0408513143607971
"4741",0.604682382230364,0.115221621779276,-0.0433107549771115
"4742",0.608161391584105,0.103964184701603,0.000333884575266043
"4743",0.653897123971182,0.0996320948122795,-0.0430942464899736
"4744",0.660365675638089,0.110681780234787,0.0228775022756849
"4745",0.588293022144059,0.0752968855609784,-0.0273604334569803
"4746",0.645460779542085,0.112953201680438,-0.0389840547145065
"4747",0.610253741442113,0.0524210664260214,-0.0121573781074657
"4748",0.627984829319274,0.118574749801426,-0.0300894277511599
"4749",0.590435257400214,0.0898072626855481,-0.0105125206233019
"4750",0.658183253790112,0.111860288140371,-0.0210133265033362
"4751",0.625521715023835,0.0961362784535958,-0.0504725905370312
"4752",0.633596882889592,0.112316126942674,-0.0258356100439554
"4753",0.687635447409956,0.0786989367590862,-0.0620464250409795
"4754",0.645168762555219,0.0867159953445071,-0.048571017207728
"4755",0.636555059078504,0.0510790440967734,-0.0629341181099661
"4756",0.691133342935852,0.0882497108879578,-0.0259932082036549
"4757",0.664678287495343,0.071573680588584,-0.0657156590218862
"4758",0.63789530637938,0.113914971230472,-0.0350095429532722
"4759",0.654490336416006,0.0634635139695924,-0.0285142539667228
"4760",0.656769261792659,0.11039287243967,-0.0503760446532649
"4761",0.643694683908841,0.140027488660538,-0.0283669710960771
"4762",0.596691457825347,0.0831959461814301,-0.0255205578007014
"4763",0.646105278513545,0.098032321637243,-0.0115899397034952
"4764",0.636400420090304,0.0996294472155233,-0.0429340356983949
"4765",0.575910133048689,0.0851443235725252,-0.0307502090994206
"4766",0.63615731953578,0.0969104747051176,-0.0158055747204246
"4767",0.646241018473889,0.101463442841242,-0.0173640320540679
"4768",0.674629928691194,0.11327896674379,0.00151690629523277
"4769",0.631916664302909,0.0885417340126526,-0.0283972501865142
"4770",0.609028836653772,0.0946856489337277,-0.0689272393161624
"4771",0.631617915846071,0.134204002351365,-0.0560977449442194
"4772",0.631315760319269,0.114126346349575,-0.0202724883004558
"4773",0.551798278774936,0.0865793085111132,-0.0461373786394783
"4774",0.591848640567272,0.111061898801679,-0.0286052330108036
"4775",0.682412185652624,0.0908163056008654,-0.0339347207131886
"4776",0.618484575204745,0.0220392750260193,-0.0754686074509791
"4777",0.603509894636028,0.0460610951417547,-0.0382422795667683
"4778",0.704538135559709,0.133360703827218,-0.0393284569609669
"4779",0.60324964285919,0.0887749065194515,-0.0120103652577476
"4780",0.624541154262815,0.107331483966728,-0.0140463824842351
"4781",0.66356166396562,0.0456564185897146,-0.0220805072993554
"4782",0.654882893065817,0.0723737417963032,-0.0606540616366439
"4783",0.621970037241196,0.0857984613846816,-0.0513601342945639
"4784",0.644725792440636,0.125482926965711,-0.0135423776261027
"4785",0.634929377186837,0.037831405790417,-0.0277787901205437
"4786",0.623297870640303,0.119013134394337,-0.0287800673370202
"4787",0.645417600912763,0.0929611901171364,0.00156431251302656
"4788",0.614204828881888,0.0648833032857785,-0.0569342450265171
"4789",0.662997716069981,0.0942626298198364,-0.0546540054461242
"4790",0.637717866110962,0.109794549145991,-0.0100408919706545
"4791",0.649207387031845,0.1146513710682,-0.0316950311288742
"4792",0.661626378590287,0.120783288747875,-0.0688118706059073
"4793",0.642683576010148,0.0709735948476674,-0.0628031673171575
"4794",0.625991794615852,0.083520033151845,-0.0245149063484992
"4795",0.602741078262313,0.0565888203504285,-0.0287750489547794
"4796",0.562829853927286,0.140310947311079,-0.113566546978278
"4797",0.640946280261902,0.119785145997081,-0.0133012212573893
"4798",0.589165230557575,0.0468461767630302,0.0184003779536493
"4799",0.617264415887005,0.080092193522107,-0.0098418181884039
"4800",0.659220940128726,0.0957740612954784,-0.0322090168036985
"4801",0.63397286077421,0.12621541425028,0.0101274181333885
"4802",0.648866806795469,0.0703308460097786,-0.0393368360439816
"4803",0.601957532238468,0.0623190595886233,-0.0717528035480061
"4804",0.660990017675658,0.0750597424376482,0.00742714758581046
"4805",0.588777567680024,0.0691246933540622,-0.0859769666515045
"4806",0.65852034170871,0.0926487854305484,-0.00310666366669278
"4807",0.632625053630297,0.108949366685032,-0.0843420124034296
"4808",0.631476422831416,0.0988663437481224,-0.0590737468722364
"4809",0.628610068098413,0.0900421907855239,-0.0250004438744541
"4810",0.63359520740174,0.0615988563695931,-0.073962219939882
"4811",0.658968241613722,0.0807658109392336,-0.0371929703355253
"4812",0.61318953163624,0.1170636426535,-0.0399760631934271
"4813",0.600462882619936,0.0921856823013073,-0.0434632385726965
"4814",0.694676990549999,0.105766182930502,-0.0712878742547764
"4815",0.647699550241328,0.073667842560021,-0.0139726437333506
"4816",0.585950517163418,0.0743125133682575,-0.0115404063085519
"4817",0.621190548118048,0.0840328373185357,-0.0183247565861974
"4818",0.644120586295161,0.125445108287859,-0.0586165774760187
"4819",0.610012248508213,0.105459297717279,-0.0585707856057868
"4820",0.661248394003828,0.0744539518930462,-0.0165768812565621
"4821",0.654569508320967,0.131610086215085,-0.0390527578818961
"4822",0.59284569964235,0.061399513710136,0.0133038967936302
"4823",0.596679779055551,0.0957282404579057,-0.0585904842222446
"4824",0.596204415734198,0.117134856249176,-0.0341056764795535
"4825",0.637188246039982,0.0951179192290614,-0.052684976283772
"4826",0.573490461565201,0.0923226969014171,-0.0585750090971179
"4827",0.591403017347697,0.0652522853596673,-0.0594464440604791
"4828",0.631561753536999,0.106594895152187,-0.00642557629533115
"4829",0.648468329602416,0.0844925297898398,-0.0635264611138319
"4830",0.635492798727685,0.13589158086278,0.0260968769568153
"4831",0.591556639027536,0.0483551811025063,-0.0436231068532985
"4832",0.602933071661224,0.0926570968854562,-0.0140658906302585
"4833",0.636493484680454,0.0753084759609959,-0.0185719453045097
"4834",0.650584490268594,0.132294312468091,-0.00264404254836573
"4835",0.68122543929774,0.0939467814712958,-0.0125194370768764
"4836",0.575143225698673,0.105349253505267,-0.0601686758160845
"4837",0.61971844995782,0.0422577220603917,-0.0329351498133477
"4838",0.636492214533625,0.120054139508719,-0.0651769980730929
"4839",0.590771419500983,0.0881138599601399,-0.0342383889636228
"4840",0.634064535081035,0.068241802374824,-0.00160150282716218
"4841",0.653573384075419,0.0857757142674886,-0.030549641847919
"4842",0.616395529341605,0.0894827639919662,-0.0253871868656118
"4843",0.642526103962394,0.0820950836781256,-0.0532310622235455
"4844",0.619602915525733,0.0850237250096641,-0.0416824291306872
"4845",0.628046100291143,0.109114092840387,-0.0554021849203378
"4846",0.607045949307043,0.117956033494287,-0.0173410229517308
"4847",0.639431652208432,0.0939273436742802,-0.0241362803165727
"4848",0.658865594531485,0.0713468477430907,-0.0559644334563833
"4849",0.61065421759344,0.0643606423196142,-0.0313260741489013
"4850",0.656548189627226,0.0812289641143436,-0.0346923885924891
"4851",0.639845932742592,0.0955546519480578,-0.03481240776995
"4852",0.623574961856496,0.0894478778144368,-0.0236321365930404
"4853",0.653770895939548,0.105415163616693,-0.0324098134416895
"4854",0.592011839236279,0.100225474009654,-0.0386943098812884
"4855",0.627676055451372,0.0866629808190036,-0.0036417716897215
"4856",0.636562666309251,0.0868004220527924,-0.0138187810294376
"4857",0.618824218749193,0.0713602670881205,-0.0694200334498822
"4858",0.62065267542801,0.0297125315734946,-0.0276752994889023
"4859",0.606629524944605,0.0673917980215403,-0.0415794912555164
"4860",0.64949435458597,0.109647288262379,-0.00177684267411183
"4861",0.646033735033616,0.117553988979302,-0.031958756119814
"4862",0.595327024440778,0.0939692634374081,-0.0474555653385865
"4863",0.644176438795135,0.100803224157291,-0.0118058735575712
"4864",0.648465230737394,0.071771262807559,-0.00157166926298002
"4865",0.635175540524512,0.114329106584853,-0.0595966473466505
"4866",0.615997296411459,0.0601635975360506,-0.00911566865020042
"4867",0.660284482063032,0.0782921045368398,-0.0531286092151069
"4868",0.623368214489435,0.0791303913728768,-0.0545467045425909
"4869",0.628130131203385,0.0453718546292663,0.0100352703075311
"4870",0.658154703567806,0.0489190078168845,-0.0348681041337205
"4871",0.614978360167835,0.0912462561724933,-0.0540153686086413
"4872",0.601341915655451,0.103671123510123,-0.0401770830690656
"4873",0.642769822476316,0.111228124201308,-0.0507937236204875
"4874",0.580117541760698,0.0879321313236093,-0.0782344498653886
"4875",0.663694744325008,0.096678766566634,-0.0324391388671031
"4876",0.616773192981798,0.0896564332686028,-0.0539817536319701
"4877",0.654506192396873,0.0828193347018302,-0.0186372738135031
"4878",0.638939631577325,0.0829105935764491,-0.0443011214179818
"4879",0.633491624672279,0.0876694747994596,-0.0350746260331043
"4880",0.60585859425248,0.100950362956045,-0.0307152794560056
"4881",0.631130393625956,0.0885582951579413,-0.0477516831660362
"4882",0.635302874453027,0.0400519537807108,-0.0537117374347802
"4883",0.594524437583013,0.110655509329129,-0.00817767300689349
"4884",0.679748356202362,0.123548479228236,-0.0446038833198286
"4885",0.58378463898067,0.0496564612949529,-0.0639120187476
"4886",0.607301078022497,0.106027944916954,-0.0282733715850732
"4887",0.629736722283069,0.106454682197248,-0.0536190229560215
"4888",0.632897653510108,0.106917220308312,-0.0724264364588457
"4889",0.627586915347036,0.083088987194964,-0.0148763714654446
"4890",0.664530302825894,0.0722793093199675,-0.0227638624447126
"4891",0.622901820935867,0.0940215138817296,-0.0341425907968905
"4892",0.589838784706007,0.0836546811210503,-0.0463143203523628
"4893",0.672005725600164,0.127944927937269,-0.0274071844466343
"4894",0.689314796860216,0.101970005619389,-0.0364492185663409
"4895",0.644891799056991,0.0586648618449809,-0.05520391442738
"4896",0.55563808161005,0.0289267875865627,-0.0646679997758584
"4897",0.598073716745888,0.0812183234970519,-0.0480017262172995
"4898",0.630540584890279,0.133444786704934,-0.00451033683560269
"4899",0.67192637949139,0.0809329593972778,-0.0267519310678088
"4900",0.629387567293096,0.0848345048548681,-0.0568175653813547
"4901",0.602542218921083,0.0760302722283558,-0.0580060924087096
"4902",0.664307624069777,0.114723999041981,-0.0453802928246908
"4903",0.651630316377518,0.124931134935155,-0.0421706303137992
"4904",0.641880505378989,0.0920386718268628,-0.0586446703366307
"4905",0.652790118060615,0.109674918594785,-0.0421670896790892
"4906",0.611184843696056,0.092224618023668,-0.0604471484576328
"4907",0.636830445758958,0.102598732585116,-0.036761840379968
"4908",0.655188746108276,0.0728202879943023,-0.0642852937966215
"4909",0.656564485148026,0.0903426247628416,-0.0139175177275166
"4910",0.589133946354533,0.104758219167651,-0.0212163028862709
"4911",0.610930329168437,0.0624990853047488,0.000818702224012514
"4912",0.668071392756197,0.0839893288339786,-0.0112850730985203
"4913",0.613750930435533,0.125061359503494,-0.0492194942245893
"4914",0.642469578409837,0.0577356338917095,-0.0371889914706261
"4915",0.662856097285886,0.137432610151134,-0.0312931712360656
"4916",0.663325864704691,0.0880485977289071,-0.0228757352639409
"4917",0.634644656959,0.0550261208707041,-0.0295528183104558
"4918",0.656199282913699,0.087863153112497,-0.0233466643600488
"4919",0.662271445226161,0.0683904408289095,-0.0286481888466093
"4920",0.592812115491173,0.0425226958125487,-0.0208898288056038
"4921",0.61882728555375,0.0931489026190976,-0.0557594339663132
"4922",0.572608104807252,0.112427522790127,-0.011954490060897
"4923",0.620753631846071,0.0876639469418049,-0.0421687019266494
"4924",0.618964516481213,0.111414757230339,-0.0240626012729542
"4925",0.661824980624239,0.123601117730663,-0.017263146276075
"4926",0.681242767344676,0.0979512862335703,-0.0473559178393464
"4927",0.634171875184701,0.0760021641631559,-0.0168849069672967
"4928",0.657906443516647,0.114116911324056,-0.017064539438111
"4929",0.707337201252791,0.0846045591046158,-0.00399563644233073
"4930",0.619059989134549,0.067181361136341,-0.0485624717162706
"4931",0.593197157426677,0.100481828401788,-0.0851067265814215
"4932",0.646533455995621,0.0803482742598711,-0.0174687939830819
"4933",0.633203417681219,0.0858050896034744,-0.0425820977382362
"4934",0.640442379763974,0.0569212919819542,-0.0154478752890559
"4935",0.67556356159582,0.117497075087779,-0.0264268435324101
"4936",0.635107834530853,0.0919468690044541,-0.0732150593771054
"4937",0.621654872138316,0.114754708525402,-0.0180943883227121
"4938",0.607595633904551,0.0719279549656462,-0.0529461911345101
"4939",0.622529253560775,0.0833044975585009,-0.0248171921521424
"4940",0.635355148108215,0.085504915011634,-0.077995486620807
"4941",0.645793041799393,0.0943011372804543,-0.0541772446299626
"4942",0.59545488038412,0.0645982619762643,-0.0340338201582271
"4943",0.64586225449067,0.0911588869662502,-0.0811891699834284
"4944",0.605665981262141,0.0964322454405172,-0.0181285179861342
"4945",0.652541489616123,0.115645282065844,-0.0326549188088455
"4946",0.607066248408558,0.10310462328071,-0.00507574465578961
"4947",0.642791436379022,0.122531503734311,-0.0843356551268657
"4948",0.620216332119991,0.0935068814981681,-0.0246243277098861
"4949",0.625846887776422,0.0645795238077359,-0.0395731047614452
"4950",0.652637703466619,0.103474520212862,0.00895921043197574
"4951",0.598029030110223,0.107224783960344,-0.0387029007765471
"4952",0.651026260812364,0.0745646996166572,-0.0541457471704351
"4953",0.632079785673734,0.112811752894115,-0.011749541660068
"4954",0.640036081432966,0.0988897718995665,-0.0463387818491043
"4955",0.59451711214597,0.0791657629304522,-0.0386410680344481
"4956",0.659091523416982,0.12213228295602,-0.0233864715382574
"4957",0.645704191453362,0.0744150214629191,-0.0405081953163606
"4958",0.662293989367534,0.129379454075847,-0.00803571892487435
"4959",0.582308811933951,0.116202519733765,-0.0140038594561076
"4960",0.630416442829398,0.0632163521189388,0.0123713710672925
"4961",0.630749533178892,0.0767141986520635,-0.0185404008035936
"4962",0.625689622674215,0.0774383685168047,-0.0780243944890391
"4963",0.727307145646353,0.103840711277683,-0.0164181197827263
"4964",0.655262971184187,0.101281188830656,-0.0526089561731072
"4965",0.621642344654948,0.10683411347477,-0.0297904030596636
"4966",0.683916491550566,0.143764550936635,0.0246560062143981
"4967",0.634952977351165,0.0955326479431848,-0.0544107698549867
"4968",0.657835785215834,0.073555612657167,-0.0375699473428974
"4969",0.607933834864374,0.0601541393106697,-0.0448728732082608
"4970",0.581652716023685,0.0730414144873671,-0.0495718741072831
"4971",0.610876770864077,0.0829636591052362,-0.0840016051523541
"4972",0.598132918825747,0.105940840313362,-0.0231955111643518
"4973",0.603544882341522,0.0979548893217111,-0.0280020438570051
"4974",0.592391140514859,0.0982149413899879,-0.00769605290611889
"4975",0.647953343559248,0.0854938074501208,-0.029662165045144
"4976",0.62532911362379,0.0780903273007417,-0.0134331378327348
"4977",0.714653673531788,0.117930568434714,-0.030201611762971
"4978",0.605506127408875,0.0317700211335083,-0.0449014903523325
"4979",0.647630257357588,0.0966724415655164,0.0119466371163875
"4980",0.630048619952153,0.087455236275664,-0.0531027793907598
"4981",0.632954924871959,0.0938927097883662,-0.0337625420031753
"4982",0.681912244474946,0.0960470428315646,-0.0509835106162724
"4983",0.632945568377275,0.0810654615182674,-0.0421412845299326
"4984",0.606746101502745,0.0939928961915605,-0.0498441341527872
"4985",0.635082881925803,0.0555958978890364,-0.0435951021392927
"4986",0.621140272556014,0.096298660057568,-0.0387443001120564
"4987",0.605942701326492,0.0966931493845763,-0.0472264612706522
"4988",0.602878602331385,0.0554703695270419,-0.0417143462415239
"4989",0.635291547613936,0.0901467926810307,0.00700260838623386
"4990",0.634219544455743,0.0804089005992573,-0.0215456092162903
"4991",0.654842322025973,0.111274546694374,0.0124699390996849
"4992",0.599331928721768,0.133363489701494,-0.000542668309643966
"4993",0.584481140496265,0.107178663045551,-0.0245362086265532
"4994",0.643221596977205,0.0860476583687801,-0.0864001757228936
"4995",0.647471358452506,0.11470945386099,1.35644373703489e-05
"4996",0.606337036603065,0.0646975360237886,-0.0589992426661293
"4997",0.593805976972989,0.109348372663027,-0.0202390794483288
"4998",0.610784907216272,0.0820073140912692,-0.047565278960334
"4999",0.604501941728154,0.130802061071342,-0.0309102793150469
"5000",0.620262638584344,0.127284355593419,-0.0212670101259441
"5001",0.637087791786291,0.0937411685034526,-0.0239044181445255
"5002",0.638842136314202,0.114170541367317,-0.068510297065711
"5003",0.626893296305662,0.0960279109770395,-0.0453297620766056
"5004",0.610723983545816,0.050737567353701,-0.049224092821581
"5005",0.585896477961657,0.105959396441322,-0.0276958120491554
"5006",0.605188902766643,0.0655612348149138,-0.0318627369588182
"5007",0.616741940213566,0.116291018733108,-0.0402373867305483
"5008",0.665576793364969,0.0863292432345758,-0.0727801720298916
"5009",0.653966158511673,0.0650679158618633,-0.0651021109635005
"5010",0.657915122754657,0.0611194238187899,-0.0418042777052857
"5011",0.649816172076126,0.117207019096667,-0.0424847080568666
"5012",0.658022153939058,0.0819875975439627,-0.0234859583488403
"5013",0.656810596686978,0.0731538570183578,-0.0356088941802856
"5014",0.663277517767073,0.135757050839495,0.0122735420331158
"5015",0.678376436345517,0.0762531763749727,-0.0110708874632695
"5016",0.602884348129434,0.0727563627168291,-0.0276065980319476
"5017",0.61659894270257,0.0927398427721425,-0.0275624497177138
"5018",0.644665263208203,0.0862578578022395,-0.034805889702313
"5019",0.673692231445166,0.126653456039562,-0.06868910185398
"5020",0.640741918913142,0.0878656592779709,-0.0331483433112233
"5021",0.574988527927887,0.0901520513946236,-0.0328066501159763
"5022",0.663462295145539,0.13542905465667,-0.0633955885165978
"5023",0.639194789176065,0.10807546350147,-0.0500238926525709
"5024",0.640478908090263,0.102909171052177,-0.0296528224193978
"5025",0.671172928142469,0.0848524637829875,-0.00968055094097816
"5026",0.644510733691208,0.0941051183247885,-0.018290807343209
"5027",0.625931456075351,0.110392443264404,-0.0344513768027097
"5028",0.621667251155383,0.0916091127429824,-0.0299171518496036
"5029",0.633830743467615,0.110230193973885,-0.0782519787302528
"5030",0.665999002393874,0.0687341665731222,0.019412366797305
"5031",0.605442477708437,0.0992242343930883,-0.0358115799439502
"5032",0.651413872661731,0.106251454302604,-0.0480345130048507
"5033",0.58141582213357,0.0866236067138958,-0.0402267995034602
"5034",0.651190330315698,0.0894157207553032,-0.0581074989631253
"5035",0.614146740123365,0.0711785603532356,-0.0341407079251166
"5036",0.624069229420944,0.0753589677820192,-0.0803516562217354
"5037",0.604460252600481,0.132082046702221,-0.0387919026241998
"5038",0.631431213879248,0.0946638676455411,-0.0414518972570383
"5039",0.655517552972539,0.10073527057017,-0.00661136380665243
"5040",0.663384780233098,0.0753622193692688,-0.0329911064929276
"5041",0.697731266112285,0.098507153521362,-0.0259984248656488
"5042",0.625652299229347,0.0903347997622729,-0.0238099705937805
"5043",0.675711571284154,0.0958299729682938,-0.0278453892414177
"5044",0.64168387020488,0.0662759502753607,-0.0277510419874869
"5045",0.607810692139566,0.0991600563197733,-0.0710387417202816
"5046",0.652766597502399,0.0901063377805834,-0.0661486516700493
"5047",0.609211134803286,0.100503787858506,-0.0108009469542829
"5048",0.625619196455756,0.0771673949891859,-0.0397501833998784
"5049",0.663067982606129,0.108727049116752,-0.0204892308212071
"5050",0.58968538817019,0.0488256044198264,-0.0317102784495355
"5051",0.594104516753815,0.069445365912668,-0.0243045038779352
"5052",0.655763924717133,0.0920972845398308,-0.0574929414846237
"5053",0.611206709751337,0.0906276742984369,-0.0706066683367369
"5054",0.616641296272724,0.0844967500208918,-0.0585352918735597
"5055",0.631692300779655,0.132771242097041,-0.0664146925133316
"5056",0.618179395056773,0.120037825391936,-0.0219720042891253
"5057",0.589241840787705,0.0740799534392574,-0.0321921801322398
"5058",0.60539181775895,0.0751036498955354,-0.0392850666416783
"5059",0.681628506355093,0.0986919603503481,-0.00912860139090215
"5060",0.586873674440563,0.0932771941171449,-0.0448745356669447
"5061",0.650800112587395,0.080897448095483,0.015528472207011
"5062",0.685932755015932,0.106717649691049,-0.0281930976800426
"5063",0.582031363490623,0.112862258864458,-0.0443234186167993
"5064",0.646646830856811,0.0919049205170052,-0.0116907127898373
"5065",0.629361146650885,0.080671001465762,-0.0589194942851869
"5066",0.592000863298621,0.086105096960541,-0.0965130613519771
"5067",0.654070277521608,0.113129477306866,-0.0125449749814987
"5068",0.656723183684104,0.120637799650804,-0.0593532535549833
"5069",0.619217449125861,0.0779247722485634,-0.0259733551410319
"5070",0.668390778018806,0.0747017571010239,-0.0106177426011776
"5071",0.597701320395731,0.0919884180744057,0.00273397344766941
"5072",0.65074257782664,0.0883441694893043,-0.0384199871362003
"5073",0.622067721537065,0.101189833587537,-0.0517079608765261
"5074",0.603451376342704,0.0844419253409845,-0.0124904403909681
"5075",0.659695239853834,0.124299429379745,-0.0484235585268983
"5076",0.673795354601383,0.0779580272609426,-0.0248222476205502
"5077",0.687746145042622,0.0987125888272544,-0.0668324396668581
"5078",0.607489078562133,0.0467132378880432,-0.0765273662697186
"5079",0.675956269771654,0.0755765945911405,-0.0445782592654648
"5080",0.597629372618963,0.0959053130279039,-0.0488979151398908
"5081",0.629298490932491,0.0947713464280996,-0.0429221768990922
"5082",0.663908372119112,0.0786907259721463,-0.0564053123380272
"5083",0.667999915167172,0.0786839047872554,-0.0486157891737798
"5084",0.644845947808961,0.0797669906190481,-0.0314703970216814
"5085",0.625366436936621,0.110865062099721,-0.0456659909388619
"5086",0.605450491384963,0.0959252933714037,-0.0429919149725549
"5087",0.647171912773861,0.0809370308663569,-0.0416050516713627
"5088",0.613650156996165,0.0904302167011963,-0.0542137258948237
"5089",0.639301993957579,0.0750692586056709,-0.0803498686441734
"5090",0.633450247339068,0.0577851351135967,-0.0207963851595681
"5091",0.659483775987635,0.113756179219982,-0.027890504508072
"5092",0.612109575761725,0.126000927926095,-0.0179813947897873
"5093",0.642210029633553,0.0721879803036219,-0.00665399561773915
"5094",0.606766663920026,0.0960749761304921,-0.0115158443639849
"5095",0.586329144136986,0.0915507839926404,-0.0538242866929703
"5096",0.630142753075665,0.0859434176673109,-0.0479926795527406
"5097",0.657825039626844,0.0795351837168032,-0.0640921884123603
"5098",0.656972836549875,0.115856562652076,-0.022955093805728
"5099",0.684777396274808,0.0791231894023299,0.0216679023447195
"5100",0.665479804492451,0.0919016512250346,0.00901922896265275
"5101",0.657373363230603,0.130399357542005,-0.0288477445531652
"5102",0.609367585508474,0.107017099953695,-0.070396746960206
"5103",0.636076511040012,0.0996391491184495,-0.00443369869932436
"5104",0.614689090840329,0.124620878150445,0.00253040689886704
"5105",0.64477509171963,0.113242157411364,-0.0221119907467771
"5106",0.609456897340307,0.114302369368535,-0.0590500601189382
"5107",0.607358717244053,0.111044353699692,0.0040947457899191
"5108",0.628166994655673,0.103471098204455,-0.0757398219752692
"5109",0.650550790376508,0.109009182902962,-0.0291444442346455
"5110",0.685436656665566,0.114604858811821,-0.0049267248601271
"5111",0.636958332525405,0.0795474103039674,-0.058745594977667
"5112",0.62673657772023,0.119519508167746,-0.0422262119224606
"5113",0.668237306818907,0.096171727469906,-0.0606283693524589
"5114",0.609074334520437,0.031623143637961,-0.0750428212015275
"5115",0.580219603385894,0.0929659704203668,-0.0315006080554281
"5116",0.632309600337933,0.094639355900885,-0.0903674418936197
"5117",0.63547181801744,0.0708431657833613,-0.0475415224089859
"5118",0.632551923883536,0.0936151029504249,-0.0494235112285296
"5119",0.620179600342853,0.106578447108778,-0.0781351787396553
"5120",0.677799343272223,0.117660103705215,-0.0558065469704565
"5121",0.651107131848134,0.0816901485899762,-0.0220467447486039
"5122",0.597136786720721,0.0876835132137778,-0.0632665806786573
"5123",0.686293733007956,0.0805781840459629,-0.00207593263907568
"5124",0.627106385683607,0.0900540431037695,-0.0303129415989104
"5125",0.593159113479936,0.10618239823655,-0.0466885362008517
"5126",0.629265175162065,0.0829267155293369,-0.0181850896212229
"5127",0.592711861740009,0.0993073562406073,-0.00156292972151234
"5128",0.607386164853898,0.111197675883801,-0.048179399885465
"5129",0.613892187614155,0.0890144043599351,-0.0742254976745243
"5130",0.607918429916783,0.10617494335162,-0.0497279567943909
"5131",0.58435425059588,0.119786314273834,0.00360780365611936
"5132",0.642677791622044,0.07198468884663,-0.0112403465401163
"5133",0.598003744265872,0.0725876498788863,-0.0730152614630682
"5134",0.639671972629295,0.056763375914376,-0.0571902811913157
"5135",0.69208610340598,0.0783220328570044,0.0155193443042652
"5136",0.627766981586795,0.0714323850307017,-0.0350951359621869
"5137",0.599708350875429,0.100190811720933,-0.00655789549511852
"5138",0.617277715254495,0.112156346679514,-0.0785152969028531
"5139",0.637071603298678,0.0613018785425267,-0.0566786182923524
"5140",0.663072651306412,0.133308344152534,-0.0868331454274347
"5141",0.647587391649259,0.0813425853313925,-0.0378384513633321
"5142",0.590692952508836,0.0761267919591605,-0.0429374413220726
"5143",0.586448414486299,0.123928639233529,-0.0653853122802482
"5144",0.63761065315377,0.11160575775093,-0.0457898223309415
"5145",0.660194724027269,0.117297399361081,-0.0235099038449222
"5146",0.588162825372032,0.0683832283503274,-0.0610388452715056
"5147",0.638140009975594,0.0967713388664682,-0.0257279382697317
"5148",0.616069515389407,0.0927538114047341,-0.05534805669391
"5149",0.661695236954499,0.0894251143364369,-0.0452953384524054
"5150",0.654579324513781,0.0944505530019983,-0.0558618096477745
"5151",0.626400204834674,0.0722696125594906,-0.0088081098550107
"5152",0.652342853524312,0.104090091318469,-0.0304312678092837
"5153",0.591382044265942,0.113626689769337,-0.0247257772443268
"5154",0.646352147499633,0.0519521920849788,-0.0414168637512453
"5155",0.564411735350477,0.0751451454753863,-0.0738119515895191
"5156",0.58210882297854,0.113264098911394,-0.0601004907374464
"5157",0.614404382608461,0.118042259373192,-0.0325187621450552
"5158",0.613495906347105,0.0775422140517087,-0.0218174354554524
"5159",0.63669492283425,0.0957044615765625,-0.0615514503568587
"5160",0.637642691474634,0.136285940936677,-0.0606815185532141
"5161",0.639977679043068,0.113569010828466,-0.0378813562102873
"5162",0.673444659168689,0.0873652358811287,-0.0353438229169535
"5163",0.617614105896257,0.069162712424995,-0.0653036241919361
"5164",0.689465862962267,0.116643941828669,-0.0515109620043862
"5165",0.629589147095594,0.0718802278360826,-0.0790506618243972
"5166",0.667819922282186,0.116838268404895,-0.0262123719370711
"5167",0.599260953699613,0.0497983315562635,-0.00328243880211823
"5168",0.606248195684799,0.111298195209324,-0.0573478113069314
"5169",0.635003809936927,0.102749033672806,-0.0650084466665175
"5170",0.694372433725836,0.149543954353157,-0.024993140131737
"5171",0.603461352968918,0.0799854892659466,-0.0647096328619211
"5172",0.679357467951287,0.0947857444664958,-0.0440139658865319
"5173",0.629278459363612,0.112266927268974,-0.0690335046535213
"5174",0.644883082030971,0.0757866892370934,0.0279510562288441
"5175",0.640434767539703,0.0735911467441611,-0.0749900301850813
"5176",0.626946744585582,0.0566469660872743,-0.0427389839238478
"5177",0.635076358969073,0.107897535677316,-0.0309993423764921
"5178",0.601935969100975,0.0570457256792075,-0.0522957307663144
"5179",0.602907523486032,0.0870941945567225,-0.0365088774035355
"5180",0.609812323507643,0.0847222303383999,-0.0726832406179605
"5181",0.656378339144456,0.0930775189025618,-0.0332282107863808
"5182",0.637176254892815,0.0821581481420906,-0.0837512088756717
"5183",0.638741620567005,0.130806981640097,-0.0458793985239358
"5184",0.662190568292756,0.111449840082887,-0.0588659066763079
"5185",0.583931212868231,0.0683631672046124,-0.0378815570051992
"5186",0.581554026239428,0.120717225829869,-0.0550270260431724
"5187",0.599017640908281,0.0354502893959179,-0.0260684849964747
"5188",0.664350989516309,0.0908948274683563,-0.0608708952778058
"5189",0.629666151111128,0.0520625407442467,-0.00376627889500011
"5190",0.599063549241178,0.0813882740568781,-0.0366167800603292
"5191",0.588907296654006,0.0836339730523301,0.0092263296869596
"5192",0.643068012106567,0.0793165693768739,-0.00945081655477863
"5193",0.669212735591888,0.124311740194877,-0.0226937905783613
"5194",0.657106993357959,0.107119189318982,-0.0440548924052606
"5195",0.626458524781096,0.0716286191519318,-0.0282894947377882
"5196",0.579313383553684,0.111473053661556,-0.0327057505857597
"5197",0.642613027186848,0.0958836322661805,-0.0300862603844542
"5198",0.647934615333217,0.0892537257941043,0.00941578314379753
"5199",0.632534433379361,0.101317439463117,-0.0786215226757869
"5200",0.610874566971131,0.0763363381901586,-0.0289156205376934
"5201",0.622260947441768,0.0823405717503241,-0.0244736346496562
"5202",0.633207529199654,0.094016628013171,-0.0358317602592819
"5203",0.646343902510358,0.0473241510419101,-0.0426045659645949
"5204",0.662239856784736,0.113420077729893,-0.0265199865533026
"5205",0.638821598130285,0.0873071069549887,-0.0344608896840448
"5206",0.614682186518992,0.0843806851016131,-0.039963673087171
"5207",0.619046899555628,0.0980753254036261,-0.0350925120061192
"5208",0.699057661759139,0.0466898258459878,-0.0120438015935707
"5209",0.651512404875065,0.0831672880881716,-0.00115800739632534
"5210",0.601559772152907,0.101503240619394,-0.0359501917464161
"5211",0.684012809294487,0.102025020122147,-0.0585088860701852
"5212",0.649473311137463,0.12666803536518,-0.000838588286432594
"5213",0.619109939563249,0.118926657943923,-0.049970114383896
"5214",0.602604599079812,0.066776690419158,-0.034121610728712
"5215",0.622584140673715,0.124391392486837,-0.0564783018186276
"5216",0.602298167268867,0.0747121288699439,-0.0225553100992248
"5217",0.623929567362047,0.0960296241792761,-0.0328942829572614
"5218",0.629295642648268,0.102235058073034,-0.0524223991340552
"5219",0.664836762412313,0.122578709651904,-0.0168790998067424
"5220",0.651185453928573,0.116699280665379,-0.00875498714368175
"5221",0.671877334067141,0.093926731123958,0.017110922175773
"5222",0.607255763856881,0.0628563564825048,-0.0453199495395398
"5223",0.614492678021172,0.102653392426833,-0.0437575856794879
"5224",0.651462371671448,0.0731563275637356,-0.0458819828654916
"5225",0.60118703913734,0.121770789535451,-0.0297505561651322
"5226",0.645781096029025,0.0834558431095246,-0.0274447710969223
"5227",0.629057329889677,0.0631877761575433,-0.0225691163245874
"5228",0.672931707624832,0.0717446401562876,-0.0193528860906647
"5229",0.618011729927303,0.0854151859683171,-0.0045827127730043
"5230",0.617278310732695,0.11104515152509,-0.0542426283282426
"5231",0.629724638246115,0.108120277146736,0.00961938769072638
"5232",0.657446957360456,0.102010033117778,-0.0367908798943948
"5233",0.598232137676951,0.103712395832732,-0.0473594927538386
"5234",0.651664719873563,0.114181827117581,-0.0540280804158173
"5235",0.637729939778305,0.11619407182298,-0.0147998737449632
"5236",0.587102015385325,0.0638975660353877,-0.0229013077442408
"5237",0.689440363561176,0.133855025733161,-0.0682596885811761
"5238",0.605345858762622,0.0910145703535242,-0.0444751866943752
"5239",0.631957121888802,0.110060009592613,0.0120676473100497
"5240",0.596369352217624,0.0377447318172079,-0.0502047516786455
"5241",0.612209346626877,0.0686110336115769,-0.0482630580844975
"5242",0.631625215887504,0.0957307559366333,0.00423322912887429
"5243",0.601534657197692,0.130364544751967,-0.0641792857900328
"5244",0.647068713521693,0.102839043596822,-0.0619050284449918
"5245",0.635085129669642,0.0915175700178597,-0.0323528055512396
"5246",0.611618381011728,0.106938244325714,-0.0521036464878903
"5247",0.659398744909466,0.139500710395561,-0.0359658477644428
"5248",0.634474531903375,0.0916397433853743,-0.0201733473881644
"5249",0.607502878679223,0.101734980202617,-0.0362881728992899
"5250",0.587452711973011,0.0753036131148914,-0.0358337005437089
"5251",0.630138464959089,0.101690015601486,-0.00682990582106079
"5252",0.59277867017099,0.117460436383269,-0.024486551967065
"5253",0.60911830909552,0.0748317186662837,-0.0501862485034328
"5254",0.59606221609178,0.128070108095836,-0.0547664931714892
"5255",0.638655874145614,0.109121145551474,-0.026853980515666
"5256",0.634410538020575,0.122436362631742,-0.0463871960594793
"5257",0.624040254161197,0.0877068425889827,-0.00841039285744513
"5258",0.634892709950021,0.102315842715165,-0.0618680962648831
"5259",0.636819224248589,0.063316160809098,-0.0276159342705544
"5260",0.601650258340084,0.0856634369729084,-0.0272477932965652
"5261",0.709406981669151,0.115157805239111,-0.0701828771273229
"5262",0.607286498433409,0.0969119150509025,-0.0544914664282073
"5263",0.642926174024983,0.0891029077282838,-0.0486480376421733
"5264",0.605188408089538,0.10579371428063,-0.0255150688808875
"5265",0.652587408445161,0.0904028888900035,-0.00657056192460771
"5266",0.62830062716362,0.0999776146407591,-0.0190435718197677
"5267",0.637941248695675,0.0529438598215454,-0.0362236006635117
"5268",0.589280792377495,0.134132304981709,-0.0346243485726487
"5269",0.694131562086042,0.127535978062521,-0.0273967052765786
"5270",0.592286126983783,0.110691396898204,-0.0468864628662434
"5271",0.630494804499,0.103415624222718,-0.0371610435482108
"5272",0.605014362132712,0.0869697713383928,-0.00534957852827003
"5273",0.662463192108261,0.0949200415678049,-0.0150071346062291
"5274",0.620052709202507,0.0962880059775673,-0.0541390851903809
"5275",0.629696514200427,0.116213497377813,-0.0375246783304691
"5276",0.647783455946932,0.0655019892244563,-0.0400134643247227
"5277",0.690873795717775,0.107974203029164,-0.0144079805759072
"5278",0.627192646782164,0.0881366993875759,-0.0701088763891022
"5279",0.619017895951223,0.0564753281137244,-0.0630168086150946
"5280",0.675761832097092,0.0423899464520684,-0.0135310468430797
"5281",0.598349492736965,0.0477585414453944,-0.059324242828323
"5282",0.5979327090072,0.0685879673015608,-0.0449107140820813
"5283",0.565458168659882,0.121068687672351,-0.0375538524202715
"5284",0.627613780705217,0.0821865304532191,-0.0403062915783428
"5285",0.631886719128281,0.0910881972149304,-0.023093119604729
"5286",0.639423725197705,0.128836967173071,-0.0719829482805064
"5287",0.608608853165475,0.0907556083408405,0.00634427409633346
"5288",0.644703727298423,0.11781169892419,-0.0623597018181514
"5289",0.647223099881814,0.0923667427036945,-0.0352850050303125
"5290",0.647107340767359,0.0943827497811094,-0.0265400790432914
"5291",0.644098314784794,0.124417221876242,-0.0540047977706916
"5292",0.637002615343646,0.102819415126025,-0.0658024771619027
"5293",0.630333194736359,0.092800459806391,-0.0815115647418821
"5294",0.60692621766113,0.104772141948008,-0.0326169125140324
"5295",0.629900290509334,0.0985704545944356,-0.0260481550785496
"5296",0.639975986822317,0.0907735852813833,-0.0159039467584558
"5297",0.673316025004215,0.0862970861045852,-0.00840507474661063
"5298",0.607457326582747,0.0809774269803442,-0.0580673622581409
"5299",0.670463663889238,0.106997834387635,-0.0136668989215388
"5300",0.627839593351041,0.0652756650270543,-0.0533488116219037
"5301",0.631584012480115,0.109237041856886,-0.020130584546952
"5302",0.659053571940808,0.0941290241136608,-0.0387471302329399
"5303",0.588755205673739,0.150754132108666,-0.0250420937511398
"5304",0.57785434327524,0.0771353749479512,-0.0541648174974397
"5305",0.640207947808805,0.097258718502966,-0.0458213152160082
"5306",0.631650166575102,0.0984410003738894,-0.0392509411672293
"5307",0.609095796319585,0.088087358508608,-0.057674211540537
"5308",0.662455184738094,0.167335002210588,-0.0330225692214993
"5309",0.617781488306963,0.0563838184328711,-0.0136929485662502
"5310",0.630893313388489,0.100411504149045,-0.0497855007034224
"5311",0.711808996915832,0.0628299898850922,0.00643397500100312
"5312",0.633730054560386,0.10272042918235,-0.077940981100892
"5313",0.592518240613413,0.076602662708232,-0.0523284318488239
"5314",0.657411592122573,0.0646480795716225,-0.0621028159088977
"5315",0.604300847318207,0.113805460047055,-0.0308793586840149
"5316",0.596844281746935,0.118299262810523,-0.0304535687703242
"5317",0.613827166272291,0.0981198427736241,-0.0502354467267759
"5318",0.659535699001886,0.0853276505961808,-0.0379922322112663
"5319",0.588233129085907,0.112846964477051,-0.0128531856434712
"5320",0.623100343395189,0.0809989594328368,-0.0349900380285216
"5321",0.654189697298247,0.0899923165325474,-0.0180532417587465
"5322",0.586490700931146,0.0762553729317499,-0.0464314835380403
"5323",0.65324246739071,0.0948774450182378,-0.0355742935102477
"5324",0.603543790215921,0.0917167011278311,-0.00308230634705847
"5325",0.601457672488118,0.0729315750225078,-0.0555890959457571
"5326",0.63777891187261,0.0840180160586601,-0.0440115697334018
"5327",0.661945515343797,0.115408114173606,-0.0302285453571969
"5328",0.647876843151085,0.0727545055271907,-0.0463804592734134
"5329",0.623298185145193,0.0751282477973685,-0.0570225070918396
"5330",0.660848551558313,0.0642782352399598,-0.022973206832381
"5331",0.643049410560779,0.0843253370099396,-0.043132682594803
"5332",0.626803406337445,0.0834997595837585,-0.0489416816515491
"5333",0.59580418712135,0.0959376344836277,-0.027134550563756
"5334",0.648015232554222,0.0680782594897881,-0.0305399889344484
"5335",0.617411339362194,0.0842725797609367,-0.012997887254353
"5336",0.64491447084815,0.0732033566963112,-0.0220804637662666
"5337",0.573331431212651,0.0463925220668926,-0.0260677712261174
"5338",0.666254058880083,0.0762991094701311,-0.0285576238063582
"5339",0.620383597182376,0.0534534076743397,-0.0483490825969445
"5340",0.650549261076096,0.115891644402735,-0.0222689944669429
"5341",0.634579152800478,0.108598773543102,0.0393792823628633
"5342",0.607044632605444,0.106973132779494,-0.0338737585931833
"5343",0.668286680475684,0.0652359813581143,-0.0470546551689438
"5344",0.64243494104128,0.0793803077298659,-0.0212206748818731
"5345",0.629453249364419,0.121731293530107,-0.0218958879775166
"5346",0.612634257339911,0.070170291484428,-0.0644543982142327
"5347",0.651324900892194,0.0960347912158607,-0.0234009641440603
"5348",0.680509101616996,0.104953737636691,-0.0478393631937796
"5349",0.621402088045716,0.0863400784883468,-0.0553040518324531
"5350",0.643910392794429,0.100389112634219,0.00750013254927931
"5351",0.64907835806337,0.0920653387203802,-0.0495858675975176
"5352",0.621119808723918,0.100142935574347,-0.0482178227467016
"5353",0.633258917458578,0.121948024580418,-0.0524525270425701
"5354",0.658715645396976,0.0977172031577711,-0.054537406462846
"5355",0.627951118161379,0.101821386449028,-0.00688126800747553
"5356",0.589749619979218,0.0756650721670367,-0.0142094244700923
"5357",0.59594712894383,0.11443193322139,-0.0787075909268928
"5358",0.576966355906349,0.0728515749258287,-0.0453119608311092
"5359",0.651578991301791,0.0989862282266823,-0.0303767674307266
"5360",0.655636583175542,0.119294151116317,-0.063526734348822
"5361",0.620333273411795,0.136813359014151,-0.0087643021377973
"5362",0.686304147135411,0.109959703228884,-0.0531639167772154
"5363",0.56896949487979,0.081093615844292,-0.0396358690017158
"5364",0.613375299908758,0.0906638103392256,-0.0669568432847436
"5365",0.629254717650069,0.0666646881628474,-0.0346994382962593
"5366",0.615477080443865,0.0406830382980729,-0.078857543432632
"5367",0.676349905772885,0.104042668002869,-0.0821407776368828
"5368",0.645879271622227,0.0851554279025864,-0.0739360921144103
"5369",0.631630522271236,0.0776762966634215,-0.0385744021546457
"5370",0.673050526761164,0.119136027709858,-0.0660043809281129
"5371",0.623266720446036,0.11420139354669,-0.0344846667527625
"5372",0.667194881564858,0.0814854345468565,-0.0410477152918063
"5373",0.672371481592699,0.0830754190271872,-0.0151322493413837
"5374",0.606517346424543,0.0851443080753766,-0.00151205293341437
"5375",0.653825031737882,0.057487612704685,-0.0642740264766651
"5376",0.620874092738875,0.0688042004590183,-0.0463807906203934
"5377",0.651867605531303,0.10839039463255,-0.0636450910102085
"5378",0.631573367589762,0.0622385404995511,-0.0543673708622121
"5379",0.635238701238579,0.109987066314693,-0.0355896547186275
"5380",0.653584603495563,0.144502298585044,0.0121692643619307
"5381",0.635841874796609,0.103598418912489,-0.0138627916138416
"5382",0.617164046412685,0.0871607766418216,-0.0525672404542557
"5383",0.591399046253773,0.104646776561829,-0.0210296705444874
"5384",0.586156791324593,0.0708554437031,-0.0507631203648573
"5385",0.630303805420331,0.0721522516935771,-0.0118182428376532
"5386",0.634630471861074,0.140652232098335,-0.0303300887442025
"5387",0.625611064213912,0.0884603179166669,-0.0348725454773275
"5388",0.658502548507781,0.125682062269884,-0.0404232401865784
"5389",0.604664896764153,0.0679315945513135,-0.0589934298603095
"5390",0.612977912399971,0.111189568677544,-0.0159141479825492
"5391",0.636791613860161,0.0656805539451,-0.0466263359253136
"5392",0.610852855336527,0.129914300827502,-0.00345492097461834
"5393",0.66160609919174,0.0804883259430375,-0.0595590961634925
"5394",0.630729262917818,0.113779224974652,-0.0471462417370889
"5395",0.64690631746519,0.110186171524404,-0.029584273463359
"5396",0.589210495580454,0.103967479335073,-0.0131601483554347
"5397",0.653292827170295,0.0939442089563208,-0.0119877935532186
"5398",0.602393293314891,0.117466416715248,-0.0295788770314124
"5399",0.588495879459063,0.103816461069511,-0.0625140481297118
"5400",0.628160212975584,0.0909946425935604,-0.0524849065354294
"5401",0.678567036798811,0.0814887704904226,-0.0495388512764035
"5402",0.641511273166071,0.0995074710304005,-0.0389597138364509
"5403",0.631899127573681,0.0327408042558103,-0.0218515634808839
"5404",0.627308335229015,0.0914422153104442,-0.027971771612594
"5405",0.60314187310796,0.127452423774429,-0.0481066048416369
"5406",0.564559723815651,0.121891429472247,-0.046592820717074
"5407",0.594533943501946,0.107204461434868,-0.0286772009854674
"5408",0.657925040241463,0.106514995369628,-0.0231843907240989
"5409",0.676553119465496,0.122289871578608,-0.0329996451958826
"5410",0.705308481205177,0.0864587581482728,-0.0463557250460103
"5411",0.546983180228824,0.0466959910358995,-0.047694239021962
"5412",0.629383509691974,0.0367113789410739,-0.0552494514571623
"5413",0.663784441939844,0.0907732946765157,-0.103558630520129
"5414",0.61531559216159,0.100495098962639,-0.0196832472962348
"5415",0.67021575551779,0.115014400006921,-0.108089445600437
"5416",0.629982105198535,0.0695673436844749,-0.02951458017575
"5417",0.575395239027439,0.136790869112553,-0.0348412807477563
"5418",0.698474421170608,0.0909806016495479,-0.0237778684656196
"5419",0.634010999291447,0.0928595466670525,-0.0456211555062581
"5420",0.611518230104907,0.0981922074550939,-0.0038129469473328
"5421",0.623205502942137,0.097241734072683,-0.0262301860626926
"5422",0.616153243869552,0.105542675477787,-0.0473431758013107
"5423",0.638158244961641,0.0539921653296167,-0.0344902796701353
"5424",0.636081149604982,0.128657397961742,-0.0643078542297422
"5425",0.634318393978549,0.0810385623341944,-0.0536188972130458
"5426",0.663586172101932,0.107872474344691,-0.0106072770585147
"5427",0.610741298255377,0.102186437809685,-0.0200604591727014
"5428",0.643980712440035,0.118082760569438,-0.0300641906258331
"5429",0.625171855291947,0.0803213633214605,-0.00587416338600822
"5430",0.61740343603586,0.0704416094261812,-0.0078269584351201
"5431",0.639804213988702,0.128199139910208,-0.0230290205021068
"5432",0.597321014745946,0.0862041117379096,-0.0802763570429878
"5433",0.633223862599748,0.0720251942511271,-0.0314293570040087
"5434",0.648320869059478,0.0358443529906947,-0.0409094671196378
"5435",0.647715895620123,0.0986113956181487,-0.0632571712907309
"5436",0.710169502730738,0.102824731947579,-0.0311954567875978
"5437",0.617644875741014,0.125386727511777,-0.051819578377469
"5438",0.653459493448812,0.086081130284126,-0.00540611774670604
"5439",0.639054190949282,0.0947691317914871,-0.0514910265705032
"5440",0.599337241110302,0.059025283851947,-0.060888211207264
"5441",0.644016177930951,0.114582039197382,-0.0615158542458908
"5442",0.674446504946299,0.0903620453244265,-0.0504607339065632
"5443",0.646369304761438,0.0987031783457716,-0.0251174208854452
"5444",0.613203399422125,0.0753697429497958,-0.0398316242602114
"5445",0.689684437680968,0.0989428211377769,-0.00893348643492473
"5446",0.590821066576877,0.0845434030901008,-0.0517987651445764
"5447",0.641661334513385,0.089699946322906,-0.0295701203054726
"5448",0.655247142817996,0.110712429378636,-0.0392959384605927
"5449",0.62581053725595,0.0761082985458679,-0.0443451542392578
"5450",0.626194706058884,0.0790084491061108,-0.0527848334786685
"5451",0.651302700830063,0.0739207699894777,-0.0335935264728398
"5452",0.635206278967103,0.115947818125807,-0.0392634571244833
"5453",0.644947408306306,0.114729597157889,-0.00800301898871807
"5454",0.601051677009924,0.106859697024334,-0.0257618884185471
"5455",0.628159085620173,0.0884222405970066,-0.0251466985083971
"5456",0.685277190711368,0.127844829347574,-0.0280155577190731
"5457",0.633454427015726,0.0737245759343245,-0.055836534345618
"5458",0.626627328353922,0.0487755659400602,-0.033500006750878
"5459",0.629770930906235,0.101412445406035,-0.0267056837431935
"5460",0.644245688014919,0.0978515425658599,-0.0261649249411101
"5461",0.658051528542341,0.0683181954960569,-0.0382055746118049
"5462",0.566339895892004,0.0833995002150862,-0.0643801232164351
"5463",0.608614441736519,0.0792811389466677,-0.070842985694168
"5464",0.624155842395054,0.0587815185109532,-0.0453228377140633
"5465",0.610051142942842,0.110628150257404,-0.0634383873815133
"5466",0.648362252154629,0.029126552822776,-0.0785158957769476
"5467",0.622765739413011,0.112026028634756,-0.00479270410301613
"5468",0.628449688429858,0.110543634296038,-0.0496377874688928
"5469",0.601155752899677,0.115691982673664,-0.00762718966677172
"5470",0.674654993591184,0.0991163379714329,-0.0247780709558441
"5471",0.621559110941524,0.119116665393879,-0.0119586152561425
"5472",0.605810662064097,0.0866107125686487,-0.025930803780045
"5473",0.653035720033728,0.0800646485052538,-0.0629812340722557
"5474",0.64511330707794,0.112431145522744,-0.0232094414527007
"5475",0.608706637840706,0.0607889382298615,-0.0540343496462677
"5476",0.63388435203719,0.106324793987785,-0.0681394888900887
"5477",0.613060096040768,0.0880060106512287,0.00883788341884175
"5478",0.63164823275504,0.0885736468955457,-0.090993399670462
"5479",0.689628149555697,0.0349324468994344,-0.0335632588123294
"5480",0.650137492569146,0.106771337088329,-0.0395441721580321
"5481",0.5880051797227,0.126101333619762,0.00245917902232021
"5482",0.622115565033089,0.0856276509596075,-0.00611117765894866
"5483",0.599765722160541,0.0975040118834027,-0.0638814273367395
"5484",0.680915188367542,0.105431851701214,-0.0538503665397252
"5485",0.67210665299183,0.0798251889536769,-0.0609651038829017
"5486",0.631910310784427,0.0966229320538866,-0.0237213484537167
"5487",0.601342471888748,0.0855855983912327,0.000862422329676288
"5488",0.646332694202071,0.144044294385502,0.00983327503199766
"5489",0.631932182388478,0.0891141320252682,-0.0627726737458259
"5490",0.564827555495058,0.0641955989086982,0.00543254290450337
"5491",0.607395150219458,0.0971832263274622,-0.0707492043503809
"5492",0.648308145768817,0.100072144164538,-0.0243207324708479
"5493",0.587923928311546,0.0657331950946528,-0.0584365720858468
"5494",0.649414757118688,0.109547300293467,-0.0759985427828484
"5495",0.637452411567515,0.107699724328211,-0.00191571482803374
"5496",0.627136411424997,0.0734048818956224,-0.00157568115610321
"5497",0.622374748681405,0.0952626367150032,-0.0601510411425785
"5498",0.63919784751667,0.121500205144819,-0.00811582072200943
"5499",0.620742287037173,0.1182118362869,-0.0158491275753798
"5500",0.603186044388527,0.120391351656217,-0.0180534634682833
"5501",0.586496942410972,0.0567202250517712,-0.042267610252917
"5502",0.620560443452152,0.0820158185045125,-0.0275146217868848
"5503",0.704870316382519,0.147414975887675,-0.0742015280201148
"5504",0.613413527691645,0.109263640524772,-0.0577402161344286
"5505",0.619242461200324,0.0974592494629568,-0.0701010864140496
"5506",0.659521604008696,0.0469132178936313,-0.0224502101847129
"5507",0.625923841448886,0.0576797592267009,-0.0441172818237866
"5508",0.637555570439227,0.0837958397112347,-0.0418245883660351
"5509",0.577326007694354,0.0654392993490793,-0.0525447132143744
"5510",0.615158282655859,0.0664125257332412,-0.0696252498900132
"5511",0.614124765547538,0.0851933079791921,-0.0337859917337119
"5512",0.629714523429345,0.0920478074317845,-0.0379190870332165
"5513",0.595757631539861,0.113059212562803,-0.00651512071366356
"5514",0.660304029304644,0.11842210609483,-0.0452500189403784
"5515",0.63705631936385,0.0930883095475881,-0.0267367373470126
"5516",0.655210781270166,0.0694076393507751,-0.0156046826764798
"5517",0.651353287218043,0.104543822962273,-0.00896462468366331
"5518",0.618301685077787,0.0529267895273053,-0.0362596502698187
"5519",0.651650226941274,0.109337217005034,-0.0629842030418901
"5520",0.582342882324491,0.0298213084124052,-0.100669299770932
"5521",0.57548590306331,0.102426690586802,-0.0417499630827273
"5522",0.609608020453139,0.105963195169168,-0.0395722713573808
"5523",0.60633286632383,0.112526912970077,-0.0185801282890238
"5524",0.637633141586915,0.0733685195712284,-0.023720097362266
"5525",0.603315684324196,0.099343853889423,-0.0299874350458863
"5526",0.616317963569483,0.0867174212761674,-0.0607061321693194
"5527",0.666234575860018,0.0832842061323849,-0.065752530242179
"5528",0.620816031161611,0.0647502459921621,-0.00474167215386916
"5529",0.628764096990588,0.102729221520071,-0.0496928548902259
"5530",0.630051357748098,0.0987108732677282,-0.0694303928424286
"5531",0.616612851238132,0.0913342079262493,-0.0343840326573504
"5532",0.639056940857882,0.0723555558801028,-0.0287681071120719
"5533",0.625135543268443,0.0850271961366914,-0.0626337383568482
"5534",0.622091844524324,0.0862092021471902,-0.0479767738757341
"5535",0.613488877595784,0.0977254264045685,-0.0535877258859179
"5536",0.631440831277795,0.122126684531705,-0.0590692841230938
"5537",0.646745069075102,0.0784140668202291,0.004062240998985
"5538",0.608740770820784,0.112361154193239,0.00622046936340812
"5539",0.661823774935632,0.0943820356788227,0.00865818917103614
"5540",0.653293902982721,0.0900128677053016,-0.0384720910988645
"5541",0.653579238464432,0.0930390680569491,-0.0396335925993684
"5542",0.564750792340098,0.0553219178225506,-0.0417002252971006
"5543",0.600244676236026,0.0779719184621696,-0.0680821527605757
"5544",0.615562423554671,0.0824746629103188,-0.0563575618741935
"5545",0.657449807742413,0.0958833162885607,0.0138198545415418
"5546",0.605541984875568,0.0862342529923534,-0.0464048691222403
"5547",0.635708055029627,0.0977905120801392,-0.0537480981571269
"5548",0.629080970395558,0.0952843418056788,-0.0469786213454918
"5549",0.641119267033631,0.0889118276452254,-0.0822914787417219
"5550",0.670203439717021,0.0719464342577997,-0.0344546920483493
"5551",0.640283091201993,0.0815657459053429,-0.0111811440205235
"5552",0.583094608491088,0.0876802603458971,-0.0421901890425277
"5553",0.609959673462622,0.103121443277501,-0.0971952376507425
"5554",0.626510783938556,0.0919222220418653,-0.0400881595180377
"5555",0.644778034341719,0.0899468319920545,-0.0215937177866796
"5556",0.6012524809581,0.112374545026489,-0.0205889890833195
"5557",0.592275056603379,0.0846744202638778,-0.0268958527167372
"5558",0.652952942482535,0.0844580279863821,-0.0434114442298951
"5559",0.636418298819198,0.0929980979989127,-0.0415531511176668
"5560",0.646598105397068,0.084789930697974,-0.00591996893093227
"5561",0.64469461003327,0.0948703751423679,-0.0383277283073995
"5562",0.579936716770611,0.0797694232574723,-0.000162728392753185
"5563",0.625628101574987,0.101338613970983,-0.0448181414064701
"5564",0.640353691366536,0.0977284883469478,0.0172401696751134
"5565",0.648917938070095,0.103237324336622,-0.0648825764300266
"5566",0.642360079891175,0.13341478310873,-0.0650699845565396
"5567",0.648920084943977,0.114588920917067,-0.0155478100195433
"5568",0.629285203714189,0.094114401867439,-0.0185232716571423
"5569",0.595859734299903,0.127095762650116,-0.00801149614048789
"5570",0.642476717897929,0.105372681599367,-0.0517253106193455
"5571",0.589814063925406,0.132228601235441,-0.0373747538397941
"5572",0.618365954655609,0.0815723319195998,-0.0580708305993423
"5573",0.648452900571511,0.0985165985916351,-0.0719910985789478
"5574",0.651870703179066,0.0612664385552849,-0.0330782364957709
"5575",0.62749281133758,0.128597754104806,-0.0679113897911112
"5576",0.62122277040505,0.10575113385468,-0.0176069371672214
"5577",0.613857671697902,0.0701820468279491,-0.0511297863196353
"5578",0.591655156420592,0.0537524036833318,-0.0225421211971736
"5579",0.591394120703853,0.0663396999818693,-0.00178273421461118
"5580",0.610770786115331,0.0804044622764032,-0.0237087533147354
"5581",0.63817972414561,0.100046580454349,-0.00692265780967269
"5582",0.663963910877683,0.110209503122795,0.00285951075155561
"5583",0.681969038482744,0.107627948371283,-0.0525583178051895
"5584",0.619772628027052,0.0912833657853473,-0.0619865790192084
"5585",0.654417774395238,0.0971923018236665,-0.0210174079301933
"5586",0.618744554739625,0.109493266202301,-0.0526658333750395
"5587",0.596512130843206,0.0864322650785055,-0.0345902286136229
"5588",0.686612957457669,0.0816414114462126,-0.00657287723732209
"5589",0.642671793850589,0.067291081881705,-0.0401193447843079
"5590",0.685108924251843,0.0833388592359744,-0.0208196938423157
"5591",0.603534212155238,0.09781146842402,-0.0496562814715412
"5592",0.628122341855837,0.0394305574693031,-0.0636482850203556
"5593",0.621767455336136,0.12536228361912,-0.0315461006505471
"5594",0.625841468331222,0.108455234790843,-0.00397955444910296
"5595",0.649122341011863,0.103597249016166,0.0449661128582803
"5596",0.644319057678594,0.0963150487384258,-0.0401792094031409
"5597",0.630181071992038,0.0658744860737268,-0.0292082513546834
"5598",0.672911562584175,0.0493873040001141,-0.0299440642973604
"5599",0.619335402340136,0.0776776986593335,-0.0504818494937157
"5600",0.663842371398349,0.101927357600332,-0.0389590596812191
"5601",0.575822190318263,0.0806975201575487,-0.00298364952007427
"5602",0.661187318504701,0.115997364958667,-0.0386095707683861
"5603",0.629553310462641,0.0916429656453855,-0.0454739303110192
"5604",0.62442577550958,0.134170435833774,-0.0403927700094145
"5605",0.598533229664432,0.0640758080300303,-0.0644742038464897
"5606",0.616055073221825,0.0928296260683686,-0.026260166222859
"5607",0.608432622869242,0.0928687197085205,-0.0428393469786955
"5608",0.743391484327493,0.0863702944004237,-0.0322835317211247
"5609",0.650904425138191,0.0851507341803246,-0.0347902195551787
"5610",0.571625371458411,0.136498093926675,-0.01849089731538
"5611",0.649478729223951,0.0586315460406993,-0.0196914392821713
"5612",0.623694134141213,0.0743546243581431,-0.0333568350024444
"5613",0.6598859390493,0.102272905151373,-0.00782988492328837
"5614",0.638199382758234,0.117633206333285,-0.0627871255630736
"5615",0.63754355064107,0.0672870072378856,-0.0122654231818171
"5616",0.571432410439366,0.114921219228892,-0.0233265760957418
"5617",0.598675223787001,0.120876645876892,0.00245720286381233
"5618",0.638909631021123,0.0906137363261115,-0.048406045092602
"5619",0.617721436762679,0.117915403229782,-0.013401462800282
"5620",0.665441733561025,0.123218215512748,-0.0467065494033652
"5621",0.615543916108904,0.106602754733119,-0.0632827158482195
"5622",0.613550967486457,0.0980640028894609,-0.0578613139062262
"5623",0.646676032349952,0.111365393814117,-0.049013517897322
"5624",0.636261012298066,0.10940987417042,-0.0335592109175927
"5625",0.639823678329451,0.0854564777941411,-0.0609666767258452
"5626",0.578644267475574,0.124308596537112,-0.0567126820550587
"5627",0.62276336658076,0.116529439367533,-0.0300147573518544
"5628",0.636727052119918,0.102546079694777,-0.0101956928827483
"5629",0.623122759752077,0.0728999426645401,-0.0334395166435326
"5630",0.590712692449288,0.0728480907452547,-0.0724362536469326
"5631",0.655410692092611,0.158107896756707,-0.0423727350571018
"5632",0.608260706870183,0.088853262070998,-0.0342832820810421
"5633",0.600265784072725,0.10067806383437,-0.0283827165212182
"5634",0.659150844852902,0.118851959218725,-0.00729967921487586
"5635",0.575585328474363,0.0972068009225431,-0.0380565273445542
"5636",0.631796647342962,0.0876472878080075,-0.0231360736116252
"5637",0.657561273268873,0.0752641975094969,-0.00728189134352531
"5638",0.660821100214415,0.107324218366959,-0.0514499869796238
"5639",0.637144743894072,0.08502839673059,-0.0232250032725468
"5640",0.632991153079374,0.0878956737771595,-0.0528620694612493
"5641",0.635480773004269,0.0905031078205675,-0.00638070227618189
"5642",0.63916301780606,0.113429901727801,-0.0408915665115441
"5643",0.596871164248154,0.100507806528848,-0.0239123426262839
"5644",0.609022222643521,0.0711145589855297,-0.0281158209770832
"5645",0.632695623110416,0.0790404353885677,-0.0394577537754529
"5646",0.628440746902525,0.104620782657352,-0.0439412474184242
"5647",0.661696912545811,0.0413583303281927,-0.0246146676907952
"5648",0.614574786512257,0.0897228018177807,-0.0806825887812874
"5649",0.610602857297932,0.0586999456739198,-0.0659672015680776
"5650",0.617783180021702,0.0987355978709813,-0.0294961950642143
"5651",0.648941476912382,0.107553743882785,-0.0225379443770158
"5652",0.625246870998922,0.128866745762548,-0.040808172216205
"5653",0.625129473448729,0.102087469512971,-0.053377690077839
"5654",0.641529824912002,0.12701506865305,-0.0100048326990961
"5655",0.68151060751201,0.0721246762428709,-0.0269500184125685
"5656",0.634960359452437,0.0589567471647241,-0.0222902583914691
"5657",0.643887409056091,0.0767931179649207,-0.0521405766141168
"5658",0.634379494000781,0.0859437076910254,-0.0364352554610106
"5659",0.630805054405997,0.0737083001529726,-0.00733321288707633
"5660",0.646607682284225,0.0904103069279417,-0.0265912427826892
"5661",0.648644170166663,0.0981269523915596,-0.0507493459593806
"5662",0.610195485265734,0.0608887640525764,-0.0519566234887688
"5663",0.66654881241317,0.106691892707747,-0.0730316079365666
"5664",0.656851999638813,0.110011547180524,-0.0262454612329041
"5665",0.631679300510157,0.104938625372215,-0.0205005442394871
"5666",0.622165819949672,0.105804408699341,0.00547305653525852
"5667",0.647736737491483,0.0687024862261922,-0.0325342853029751
"5668",0.60439597925471,0.103391278373322,-0.0563634169882521
"5669",0.628091145482933,0.104145848850403,-0.0369128385113525
"5670",0.640111117182771,0.0870660643609974,-0.0541368918248659
"5671",0.638361147483745,0.131117853260706,-0.0436866280192944
"5672",0.639739763518066,0.101895983126734,-0.0291481101097443
"5673",0.63222504862233,0.0881979339771869,-0.0104696564547878
"5674",0.581906811929963,0.0652658154188476,-0.0129517453811536
"5675",0.648903375087338,0.128873261038841,-0.0369281280863699
"5676",0.620533684447201,0.112814902521063,-0.00493627598139584
"5677",0.60646483290973,0.0790718661518289,-0.0396824394273965
"5678",0.676603147385844,0.0798949847514371,-0.0194304321709912
"5679",0.671528197538309,0.116736536465019,0.0117267246959572
"5680",0.611238522990813,0.103174659079426,-0.0436470324587843
"5681",0.657152143750238,0.106916130047312,-0.0108481845633089
"5682",0.573816612525293,0.0917431739025126,-0.0866027535050631
"5683",0.661289734981858,0.0957860959092346,-0.0411840536503401
"5684",0.657033330741764,0.0727392955501541,-0.0170456413687503
"5685",0.644116300684173,0.109876545887909,-0.0608827182643856
"5686",0.598364622384526,0.13206570846984,-0.0308504191660717
"5687",0.602310755239215,0.0191466814376262,-0.0427831022145311
"5688",0.580872791990442,0.0864078731283297,-0.0236406005361475
"5689",0.57586904613288,0.101491703750359,-0.0254811140839667
"5690",0.651450919655285,0.10175194120673,-0.0578334464246561
"5691",0.560767844535681,0.0582872733206986,-0.0451349975455014
"5692",0.593624720765702,0.0890468180706148,-0.0606576219578962
"5693",0.712715447809576,0.110935090214924,-0.0234796645553294
"5694",0.607780006484529,0.0945517214385196,-0.0265328426462302
"5695",0.608523245100133,0.1151167104309,-0.0636171258462902
"5696",0.648961836810353,0.125979038638892,-0.0286482955030846
"5697",0.661882727890911,0.0606057933169163,-0.0225871722357939
"5698",0.658041901963913,0.0762079005636368,0.000138882473013732
"5699",0.655683753497988,0.0947266066744401,-0.0193783533113076
"5700",0.665702953998927,0.0806094487079018,-0.0426843975903027
"5701",0.574034604043549,0.0851413948266933,-0.039798227239289
"5702",0.666989897068438,0.0779931846230866,-0.06848679346449
"5703",0.629147799393427,0.0745531610994197,-0.0233525513897383
"5704",0.671068833802409,0.0813592435385752,0.00105314933038388
"5705",0.604303621790382,0.122518615358664,-0.0244775036646934
"5706",0.726090979547604,0.0745048919949968,-0.0461913084767613
"5707",0.676882489971917,0.116752979728073,-0.038190598887403
"5708",0.607636959440302,0.123661961463297,-0.0939332382307575
"5709",0.609033983289815,0.116611050179116,-0.0231642027292165
"5710",0.60111572426881,0.0822435676143717,-0.0287474310975749
"5711",0.644856373141914,0.0804711653761134,-0.0502622248396978
"5712",0.617242027839661,0.0729352501452176,-0.024606063182315
"5713",0.587750183605177,0.0754748638602034,-0.0213045984284592
"5714",0.631121697565697,0.118708119519739,-0.0350938347021112
"5715",0.638632257614834,0.0808848239944814,-0.0733237667614087
"5716",0.63369875412316,0.061173753754391,-0.0414617063840762
"5717",0.620872792075414,0.063913788367649,-0.0351349013501056
"5718",0.605391772229028,0.0810916063826185,-0.0347361119977322
"5719",0.619673475985805,0.0696204822182165,-0.0591845061052918
"5720",0.622033842488402,0.0671117973402374,-0.016399825495304
"5721",0.653578328054005,0.0895504140663838,-0.0583903922046194
"5722",0.615650496976261,0.0886398445757026,-0.0462999002494243
"5723",0.617564303513337,0.0805047320043804,-0.053677633230377
"5724",0.628762403431127,0.0717074800447523,-0.0175157915681021
"5725",0.634447570703565,0.123049314643683,-0.0154324702759249
"5726",0.654966641000059,0.0440867898977135,-0.0469102808319712
"5727",0.651685748343672,0.12130272716237,-0.0441232151941426
"5728",0.618298109972474,0.0850441677647156,-0.0503175443492819
"5729",0.621825137938976,0.0940303268907355,-0.0416544498725888
"5730",0.617580213476877,0.110239875018225,-0.0407839246668054
"5731",0.598853234441401,0.0830636839560003,-0.0579816674267066
"5732",0.633981074381595,0.107063493293089,-0.0661023431560962
"5733",0.64668787396309,0.0815351328140089,-0.0468145685275838
"5734",0.584520609253574,0.082013577929044,-0.0476392760821602
"5735",0.657945048457323,0.118725607916089,-0.0603883921929552
"5736",0.616133238713571,0.0605284656532441,0.000208184478441564
"5737",0.618628365525164,0.0970496521208875,-0.0306912102187446
"5738",0.702597200719715,0.0915163872642207,-0.0370619817391767
"5739",0.62539369366971,0.070224198478438,-0.0273578513521313
"5740",0.621618868854887,0.100082955806939,-0.0202694357140874
"5741",0.631819847275397,0.0379868952187884,-0.0341020379509752
"5742",0.638143164171259,0.110156072278936,-0.0559614858185917
"5743",0.647641139078287,0.101478734624017,-0.0222853341565523
"5744",0.575093069995813,0.0774184021927911,-0.0616735167020636
"5745",0.608853612355596,0.06965559422083,-0.0237090431711173
"5746",0.668762899221462,0.0449480898559351,-0.0614352387712167
"5747",0.659941337871107,0.112043029239446,-0.0291635522164596
"5748",0.6291113278679,0.095972438844138,-0.0298598471323366
"5749",0.591460020641612,0.047871475556953,-0.0721565648640304
"5750",0.598560878059219,0.0921665223909634,-0.0343404531767413
"5751",0.639148695220846,0.0833476610023945,-0.0763755902613937
"5752",0.579098791517893,0.0701406320421349,-0.0158162919812408
"5753",0.679970366720987,0.0638203176099731,-0.0646634555318846
"5754",0.624728746973826,0.0568268163400856,-0.00817442479464624
"5755",0.654762130063183,0.0614148525095645,-0.0406477541963281
"5756",0.626900144423231,0.092121655555283,-0.0586172328444028
"5757",0.616706061675822,0.077490286367522,-0.0328231552399118
"5758",0.677166886789928,0.101624437218173,-0.0436074638194938
"5759",0.606781979120161,0.115730712244128,-0.0300727845941017
"5760",0.615482727347823,0.105263212127965,-0.0459225221171007
"5761",0.6479408292882,0.0792160989588754,-0.0322216831593596
"5762",0.651065059301579,0.11714950117571,-0.091012176205309
"5763",0.627400149092114,0.119407613712558,-0.022818966539022
"5764",0.651601487909611,0.0850604886337616,-0.000503526380401541
"5765",0.622477373747649,0.0739103896183199,-0.0329311828908261
"5766",0.597994132308947,0.0961414343312336,-0.0288604998916104
"5767",0.619679804521431,0.0980119872923462,-0.059877514086917
"5768",0.621397351249068,0.0880548294882301,-0.0193707664068886
"5769",0.696968889540646,0.0945847858773958,-0.0323252423015689
"5770",0.560565498006967,0.0903674655762056,-0.0754614070303142
"5771",0.617702082210747,0.0807463688228193,-0.0463555411951258
"5772",0.574988774305421,0.123845878746869,-0.0166914064349449
"5773",0.63144541611444,0.0876357536458444,0.0015204170844714
"5774",0.660978101270666,0.118766183574704,-0.0515297835318909
"5775",0.602193042708237,0.0963886778546634,-0.0398756586230852
"5776",0.622265864698228,0.0898473403537223,0.00250445791958664
"5777",0.64663858844041,0.0861891848687429,-0.0058106459890772
"5778",0.695395554758288,0.0951476846633383,0.00780178983668822
"5779",0.604610732591099,0.0815052746542192,-0.0558078438795573
"5780",0.643116829574469,0.113299930403996,-0.0387950392616982
"5781",0.664672674577913,0.0885689342055013,-0.013022621657042
"5782",0.603128643254154,0.0678553298438419,-0.0307380481637575
"5783",0.658707215163525,0.0856014490710564,-0.0230451349427001
"5784",0.609755654520312,0.119856723796773,-0.0447049069369511
"5785",0.639532221819838,0.0904725474990787,-0.0504582469424073
"5786",0.605056164895993,0.0861944135762833,-0.0302909526383961
"5787",0.650845455829828,0.0579975435510267,-0.0235474680903851
"5788",0.672197234294134,0.129762127915407,-0.0435541997051662
"5789",0.642853754002959,0.105052350120499,-0.0527282860636539
"5790",0.59216389211993,0.129900161149253,-0.0184693365303213
"5791",0.605878554254807,0.0936741750941558,-0.0227385207988656
"5792",0.624710766788962,0.103799217484157,-0.0178952979517004
"5793",0.668093308074045,0.110248878962872,-0.0323151772727757
"5794",0.640926266665108,0.104871570010268,0.00247982829983211
"5795",0.618407018090825,0.0882669226652553,-0.054753422578495
"5796",0.595231274280774,0.0763886901520225,-0.0515508572593176
"5797",0.643159930825026,0.0843246708491884,-0.0489738363043814
"5798",0.598706445926139,0.0758434644047107,-0.0695875401799698
"5799",0.581978954722145,0.103652982414972,-0.06510784398876
"5800",0.646342924885749,0.0854476432987857,-0.0280745464913811
"5801",0.6433818902066,0.102710087827884,-0.0817275254227248
"5802",0.611948868144701,0.0853453426341037,-0.0407476329910503
"5803",0.624048302580091,0.140038258367517,-0.0611547629440483
"5804",0.614707070338551,0.0913730578304521,0.00418506264475987
"5805",0.634672252080578,0.146708267392062,0.0164663390120392
"5806",0.626009638200837,0.0602903715112996,-0.0133041016228983
"5807",0.673741552715655,0.110641136150718,-0.0267041816472629
"5808",0.607667429440146,0.0935857778056362,-0.0307488628591328
"5809",0.66094933030185,0.0682608551454905,-0.00995553092994471
"5810",0.630174712490726,0.0975065554758712,-0.00911773205939492
"5811",0.620935051617467,0.101613378955273,-0.0162907282483359
"5812",0.625806653001984,0.0891770501119427,-0.0592251758853308
"5813",0.640558230087716,0.086950521466985,-0.00914398182768798
"5814",0.689329006973779,0.102327105997628,-0.0238424516612414
"5815",0.629030097365769,0.12772236956763,-0.0217536602638022
"5816",0.609916334338788,0.136996960163304,-0.020448609838284
"5817",0.592179677771232,0.0786814758478828,-0.0376053283622688
"5818",0.612173693052738,0.092119371066691,-0.0408380923916487
"5819",0.616868592796664,0.102339367321171,-0.0554762337005165
"5820",0.63950124533994,0.0881057967767979,-0.0536249564120042
"5821",0.622763863683192,0.0501302292079805,-0.024357877513606
"5822",0.586856177201772,0.0723230202287149,-0.0395686034644884
"5823",0.624103087610393,0.115123416281539,-0.037143859370932
"5824",0.627494457248611,0.0710883238760161,-0.0485109092652625
"5825",0.640561704377709,0.0779803867852579,0.0145561643680102
"5826",0.637825364669684,0.0805544190332122,-0.0413879284450273
"5827",0.590829978624569,0.069294543859812,-0.0306559875908637
"5828",0.638358189571997,0.0832705971516358,-0.0426757392356923
"5829",0.591613049391989,0.0808821461502853,-0.0435206335384747
"5830",0.664099730189303,0.113162060231459,-0.0368077546217311
"5831",0.642647942095772,0.12181235889964,-0.0553224557677563
"5832",0.617072219838917,0.0631109133375413,0.0288109234419652
"5833",0.631059764777617,0.0485799965396987,-0.0284986059595595
"5834",0.59633583600122,0.0678533830057204,-0.0530293539022238
"5835",0.63996749500769,0.094465250932076,-0.0246812244521445
"5836",0.630094530463572,0.107548779660673,-0.0478957933687309
"5837",0.665396845330585,0.0743078780671678,-0.0457270691024466
"5838",0.685288946006653,0.0745382977433467,-0.013111512454632
"5839",0.612482087579854,0.0970884589509813,-0.0195535989685043
"5840",0.651025365953846,0.087974852171287,-0.0690082131801628
"5841",0.627050145612925,0.113414528255785,-0.0116826219931553
"5842",0.627044524419445,0.120251772389419,-0.0442067103789685
"5843",0.598668301570341,0.0987426188669777,-0.0576190176680503
"5844",0.644000958470095,0.0644753754181861,-0.040011086617426
"5845",0.637660539521834,0.0949931380512506,-0.0437211481256037
"5846",0.601730572387596,0.0718649338322667,-0.0663860557615538
"5847",0.609405419430444,0.107668774681337,-0.0923170306769628
"5848",0.635249325520045,0.0806497937454504,-0.0623925379894907
"5849",0.691087443246862,0.126575476649603,-0.0258376561259894
"5850",0.631416001021278,0.104700165617289,-0.0175404388181453
"5851",0.633105618779185,0.133086720398045,-0.031949802419397
"5852",0.593587869486481,0.090482150973802,-0.0265370885445446
"5853",0.625708297069881,0.0829058731208713,-0.0221642763778456
"5854",0.648590143785605,0.0960472107767347,-0.060364306721327
"5855",0.616250027289172,0.0783675472054794,-0.0393341677395743
"5856",0.585921669451005,0.0917905477154072,-0.0648603138234411
"5857",0.663488058573995,0.0729649020592752,-0.0623171908548654
"5858",0.61871580148536,0.0898711841399507,-0.0513186728085862
"5859",0.620639639555117,0.0477235985114529,0.00358061220919559
"5860",0.649873326647636,0.116906977699431,-0.0134716171239866
"5861",0.682135521865216,0.119895674368873,-0.0410792934188197
"5862",0.636186046474339,0.0627993524421071,-0.0571857548556996
"5863",0.654913925709928,0.0799836325338958,-0.0421131837740945
"5864",0.603839868911246,0.105853619100004,-0.0378194551469019
"5865",0.678767043817089,0.0716073891571291,-0.0548753599584487
"5866",0.607335704024954,0.0904943973461824,-0.0565396037546723
"5867",0.587641830358298,0.0699729142778685,-0.0187810675293727
"5868",0.612800763026542,0.0999573798914682,-0.0254636863841931
"5869",0.695687029885563,0.0893252118343957,-0.0338231217481785
"5870",0.668989541732032,0.0567880915222899,-0.0600745755682476
"5871",0.630310784530331,0.0983287716915993,-0.0793176200400388
"5872",0.619877640587758,0.0879072438672553,-0.0496762931286583
"5873",0.622450523191194,0.0973753019419355,-0.0538100456632801
"5874",0.627703747741206,0.0706326891079125,-0.0292883485454643
"5875",0.617385629384532,0.116795319239574,-0.0418982618726474
"5876",0.640869247834732,0.128985274752747,-0.0541869092514727
"5877",0.608226656498146,0.0963277300307091,-0.0140235461351596
"5878",0.620090780361229,0.0950342144781613,-0.0688371864252443
"5879",0.657668133751192,0.0941114453758552,-0.0315771620969091
"5880",0.642192209796813,0.112992085852007,-0.0514951225825116
"5881",0.593314222022085,0.0840011843167938,-0.0606281845647971
"5882",0.598258636977426,0.0424688803694321,-0.0113214651689605
"5883",0.665029019807252,0.0900687405655907,-0.076439041627578
"5884",0.606103534749227,0.0993479049970641,-0.0541141059651029
"5885",0.567966757787787,0.0821823191255106,-0.00513307101403712
"5886",0.603321075785887,0.0924836061268417,-0.00616773486069875
"5887",0.640712969163496,0.0478221921118868,-0.0329763316951521
"5888",0.620116810193054,0.0970314789031591,-0.034030108737961
"5889",0.655614886174145,0.121891103067905,-0.0546435632084828
"5890",0.6130753150874,0.0950725595022717,-0.0245290500199701
"5891",0.622663236191328,0.0748971566038123,-0.0196361011003495
"5892",0.59910612625807,0.081218928732599,-0.0491668572754527
"5893",0.672821830763965,0.122832030920015,-0.0322624633097886
"5894",0.604341062319295,0.103363724146942,-0.0555680418409377
"5895",0.577274296834303,0.106560728418619,-0.0422589421757098
"5896",0.621267973043778,0.08262678158134,-0.0231564184642099
"5897",0.611042269123094,0.0873108779605567,-0.0404491282200801
"5898",0.61237357705669,0.0852808577496286,-0.0313667722366002
"5899",0.65371479840849,0.111067665450936,-0.0377372980664794
"5900",0.603445274631392,0.100217590108272,-0.106278611053206
"5901",0.632069981053683,0.0929901535073806,-0.0215334667115316
"5902",0.648293808024599,0.0451506049858279,-0.0785230418370275
"5903",0.623989842492197,0.0887212991354244,-0.0420620532203703
"5904",0.642418705597649,0.0727994153352387,-0.0119404085259665
"5905",0.617306154190465,0.0837552254693381,-0.0331247946250383
"5906",0.61169873517019,0.101272061231207,-0.0260351032965662
"5907",0.618542347697082,0.0843545609974401,-0.0364144202246781
"5908",0.69254566641437,0.0974354245109966,-0.0423117192486126
"5909",0.593555825185645,0.107113178084059,-0.0217079582553885
"5910",0.646700520844558,0.0983764215496728,-0.0306099736364002
"5911",0.582093842745183,0.0902897798595726,-0.0357873440423087
"5912",0.593726692694828,0.0634386454257655,-0.0673607751942252
"5913",0.6682998525257,0.0734081113095817,-0.0659158179372222
"5914",0.608455184420526,0.144948395571254,-0.0344117419863378
"5915",0.637354399754136,0.0775753289203035,-0.0704062189658553
"5916",0.627937533276552,0.104509480722707,0.0138730952853543
"5917",0.684966980415901,0.102051022699493,-0.00119847882691605
"5918",0.651485426506804,0.0956333288015581,-0.04819303466464
"5919",0.663601487252121,0.0926593071257539,-0.0666444502876025
"5920",0.647447365319927,0.0749192335509096,0.00281875730532612
"5921",0.627901411696844,0.0944516352208085,-0.043612135742778
"5922",0.647974608442834,0.124671089727458,-0.0588346579682116
"5923",0.658518230059812,0.0976072252384264,-0.00816705486425703
"5924",0.597130375700911,0.0842069288996484,-0.0188956230802417
"5925",0.588574967406283,0.0912581711255759,-0.0019211851517518
"5926",0.66143123512076,0.120824405115738,-0.0350005649405394
"5927",0.576601805299884,0.12690960819093,-0.0611551515445134
"5928",0.693691087918009,0.0727032032145657,-0.0692533767242493
"5929",0.594424536085505,0.10903066278383,0.0090622076324066
"5930",0.657111515064547,0.117158007476823,-0.0215817153783065
"5931",0.6473292090921,0.11592281771217,-0.0320424193082807
"5932",0.64105159366871,0.0550279973890946,-0.0463186706202362
"5933",0.678243323540023,0.0740851242243198,-0.00662432678024266
"5934",0.616206329840086,0.0865153816105529,-0.010265310245103
"5935",0.672960935197395,0.130199753271397,-0.0171623878757556
"5936",0.560675829840101,0.0490785816084135,-0.0570477753506823
"5937",0.63820594427494,0.0514054496087774,-0.0189048404216845
"5938",0.654427095147003,0.0573530394792952,-0.0475517526678939
"5939",0.597670071304675,0.103733356320112,-0.0153051042339034
"5940",0.629923813753848,0.11045650472299,-0.0346990420332766
"5941",0.615289948032645,0.0908043281981179,-0.0518638452902426
"5942",0.580699028924132,0.100483304576107,-0.0274102219243751
"5943",0.661192437524502,0.119402009887516,-0.0188725530332448
"5944",0.61381001549582,0.102262439604248,-0.0375213017323825
"5945",0.606030257332471,0.0557340172847771,-0.0359753037324728
"5946",0.630177759256054,0.125716607938124,-0.0441027375009903
"5947",0.625932110128013,0.0666140244200959,-0.000552747122654948
"5948",0.624905446087179,0.11607489399566,-0.01569880863045
"5949",0.65348952403104,0.103816508561896,-0.0231260936131313
"5950",0.63933266156038,0.0970130498112681,-0.0184637380817713
"5951",0.639494859250859,0.0776751584694005,-0.0149968636841853
"5952",0.620062131524783,0.0971228999861111,-0.111841727749306
"5953",0.642262460377202,0.114619759559016,-0.0309587271650352
"5954",0.635373084156714,0.0809020652570151,-0.0908146189790521
"5955",0.661415399984993,0.0767693115189969,-0.0344440721113397
"5956",0.614270094418784,0.0964408193825274,-0.0206589789152917
"5957",0.641368716062876,0.0806630565991192,-0.0353402668258787
"5958",0.630193327432814,0.119537385848815,-0.050220634915396
"5959",0.64303137762833,0.0634167941635587,-0.0467914682114851
"5960",0.597795032748328,0.0954481261883644,-0.00629362624907684
"5961",0.598023524784946,0.0732542141795203,-0.0454488323490779
"5962",0.644729698713604,0.100713872252755,-0.0474007856270078
"5963",0.617161762755707,0.0949975624759025,-0.0401769022242223
"5964",0.645876321101551,0.119024265464157,-0.0683304887346211
"5965",0.593037882917373,0.0800494654463609,-0.0617618208537409
"5966",0.643284239184444,0.097071132837165,-0.00193933320251656
"5967",0.677044589093511,0.0935583996021416,-0.0639634233300663
"5968",0.618952731929187,0.0882394007887823,-0.0317640007176827
"5969",0.634550415392685,0.047176474057705,-0.0543373597123174
"5970",0.549597814509739,0.111128340116168,-0.0403235903329398
"5971",0.625412630163502,0.111653879829385,-0.0623135982303468
"5972",0.604057201388782,0.0991491732364917,-0.0118090882437814
"5973",0.657661130513449,0.134910994517816,-0.0545141946963136
"5974",0.629039981429227,0.0897754406042078,-0.0374084148804184
"5975",0.630039691554351,0.11161584643368,-0.057090033875498
"5976",0.686678138619933,0.108972395079172,-0.0208178510146222
"5977",0.618456313240265,0.102259622108472,-0.046365895433396
"5978",0.582879199162158,0.106237449071391,-0.0472577775430385
"5979",0.663072323461358,0.113835136411876,-0.0608338358092638
"5980",0.676259458070522,0.0766667186908861,-0.0372515923162495
"5981",0.660827600175465,0.103261002515026,-0.0379436251212905
"5982",0.636892859547528,0.103868965881162,-0.103594895322463
"5983",0.598812010278554,0.0715505453665181,-0.0596277043501588
"5984",0.621776532995883,0.0846340326502833,-0.02025855318974
"5985",0.677637680819113,0.12946833254752,0.0136610131388408
"5986",0.608709602023914,0.117463328840749,-0.00760082329569913
"5987",0.677617418146268,0.107226743341194,0.00563213455912398
"5988",0.664843048329145,0.105733918073028,-0.0634174667298478
"5989",0.610157607648762,0.070784653463918,-0.0460980130954348
"5990",0.616642520867083,0.0875640310457634,-0.0375873151635853
"5991",0.621784111050681,0.0752244813797438,-0.0115909022745093
"5992",0.587641483602119,0.104990069511934,-0.025890758750398
"5993",0.62498585834934,0.0796888184636122,-0.0246637582922352
"5994",0.62926601735284,0.112625121983995,-0.0666880974411673
"5995",0.62233200930961,0.121627077635415,-0.0609895810527923
"5996",0.626801466027048,0.0770882438353804,-0.0444838513912639
"5997",0.590912534219888,0.120485846135092,-0.0589510419604726
"5998",0.661773614601634,0.0884462599063354,-0.0328602565364618
"5999",0.641069848513151,0.0957107973642356,-0.0441698873906321
"6000",0.656335521044539,0.108257520996355,-0.0409063995971283
"6001",0.622796043070522,0.0595361527432847,-0.0268416229779424
"6002",0.600701775475447,0.0426882409606916,-0.0459386433183555
"6003",0.619136883874215,0.0794296849929549,-0.0342930737647883
"6004",0.597133116549334,0.104020496985447,-0.0420615344466819
"6005",0.655355396911232,0.123752493834546,-0.0605002548147594
"6006",0.612967186623419,0.141792030718906,-0.00285849044042234
"6007",0.613484437756204,0.0639956787846152,-0.0169224040996615
"6008",0.617041685445673,0.0570744229641217,-0.020607990643961
"6009",0.672320507959331,0.0996123787648985,-0.0182968521096374
"6010",0.580475138505933,0.0879590105448538,-0.0445362534822226
"6011",0.618870749784769,0.106215112093023,-0.0410040791951793
"6012",0.655349776011084,0.110208402243295,-0.0120183910191295
"6013",0.607336254013441,0.0763128509126142,-0.0293759243478125
"6014",0.645653122260286,0.0735675533421004,-0.0403820516000324
"6015",0.653528047748571,0.0924822555512697,-0.000822790864352517
"6016",0.602851214818177,0.122254323934476,-0.0345859112361483
"6017",0.634410870221319,0.114287819882099,-0.0297364995786455
"6018",0.629216293381129,0.129264276230105,0.00785182499015893
"6019",0.598401233984702,0.0875453334327267,-0.0124347826442647
"6020",0.576067302140134,0.125606137250643,-0.0223561847474059
"6021",0.558381765775078,0.080157527856054,-0.0407159631015986
"6022",0.635453190023852,0.0739764291447205,-0.0515498311490111
"6023",0.590746986624776,0.0671678647984562,-0.00269509983606583
"6024",0.643147045626057,0.0870629472038256,-0.0358029945838075
"6025",0.600484564637162,0.0757312460321804,-0.0509445562776108
"6026",0.621757754094334,0.106366422445628,0.00843361750614059
"6027",0.627162974974789,0.0758352259607823,-0.0180403707831113
"6028",0.639417024196631,0.128145680706652,-0.054098470924954
"6029",0.644438971409248,0.0946111368633257,-0.0517872880639539
"6030",0.638763607109864,0.0489368393685958,0.0153617262958625
"6031",0.625110072341026,0.0715956892083844,-0.0188436543951589
"6032",0.545366309612999,0.0553175528141877,-0.072104726338378
"6033",0.603508063131932,0.118756369089382,-0.0407458813337795
"6034",0.657476198824196,0.11473691938485,-0.0579907821044119
"6035",0.646639549278131,0.0887286693138367,-0.0582964176985065
"6036",0.591796979610938,0.0733680139801,-0.0364385394153669
"6037",0.656047644581878,0.0994255529755465,-0.0766543612308743
"6038",0.584796378664755,0.117690865330928,-0.0834302167750511
"6039",0.621189823173036,0.0912203343806332,-0.0316982609527606
"6040",0.657448821934014,0.105207513934694,-0.02525393307669
"6041",0.625243367868764,0.100726301738768,-0.0117320131251845
"6042",0.634338187722989,0.148234017350613,0.000847663719323842
"6043",0.641619075761587,0.110738641087767,-0.00117398403519553
"6044",0.569416032391865,0.0607559827723624,-0.0149166635377569
"6045",0.640841805666717,0.0721840902134842,-0.0150574344086358
"6046",0.697986041864948,0.122647150750611,-0.0649910231128477
"6047",0.669801928749315,0.0883395646820612,-0.0585832192540705
"6048",0.584676839325228,0.0772614557188402,-0.0307220901931444
"6049",0.64290879902728,0.127627663057121,-0.011342614126873
"6050",0.660758412658155,0.0491494759186296,-0.0623092797387509
"6051",0.688705547713349,0.139014270244348,-0.0050384007689334
"6052",0.640226131468704,0.081724489298245,-0.0593511317562073
"6053",0.66993862046014,0.123334485363997,-0.0382756615188692
"6054",0.617712405347751,0.103730984752902,-0.0453559919715487
"6055",0.608302297976231,0.104376222140549,-0.0605500147549925
"6056",0.578651022439178,0.110364607988781,-0.0100020954402831
"6057",0.629589015271091,0.0782613531016864,-0.0550237789682874
"6058",0.594853439503843,0.0996990687818461,-0.0763176612096643
"6059",0.582270378834604,0.071526116769227,-0.0575498671889791
"6060",0.685645134480864,0.131286521938079,-0.0134317574898215
"6061",0.637766703196655,0.0825279021488695,-0.0124122962054284
"6062",0.659134798325065,0.0969187520221484,-0.0731097635264778
"6063",0.64121052890893,0.0915255906601925,0.0474441979723273
"6064",0.63231567394782,0.0830518445276422,-0.0448074461712993
"6065",0.615124365656577,0.0846581049373961,-0.0134897761135243
"6066",0.585930508315534,0.078782305284701,-0.0249655443808703
"6067",0.645379983924748,0.110752469220642,-0.0549608436788878
"6068",0.618483051939577,0.122961293287736,-0.0137164526622682
"6069",0.649640290253392,0.113329429777194,-0.0462933916397229
"6070",0.610990318880977,0.111383831911126,-0.0355447170265763
"6071",0.60492229888165,0.0962784253279797,-0.055907578685347
"6072",0.611948081934682,0.11521666653842,-0.064016597974114
"6073",0.632184280661179,0.0593465321707877,-0.0544709677453858
"6074",0.633867814068772,0.114429247821471,-0.0128534395008881
"6075",0.591890819209186,0.0725744969090458,-0.0275568179242712
"6076",0.665206816501759,0.0743771407586782,-0.0707045142397124
"6077",0.653526675621846,0.108761481685969,0.0128481028997126
"6078",0.676178115485248,0.08441180585018,-0.0125243174792875
"6079",0.62511452344962,0.13638743346523,-0.0312154408742764
"6080",0.639514461708234,0.100240040173103,0.00728563539232696
"6081",0.656336010907191,0.108629987176377,-0.0818012394516081
"6082",0.631663271466172,0.0878743912304896,-0.0604220888917481
"6083",0.622174904029983,0.102971088999577,-0.0765450954172072
"6084",0.626131301119782,0.0883460658734294,-0.0482229892285565
"6085",0.681117530687733,0.0883834074453855,-0.0351370771922055
"6086",0.659549771174584,0.121148391442729,-0.0397427527640099
"6087",0.616705550676966,0.0838526067485719,-0.0673453665105747
"6088",0.644072514092009,0.0885066399625998,-0.00207758859109117
"6089",0.644194135541231,0.0981942558928125,-0.0198326217111993
"6090",0.614891443962914,0.0953474675132766,-0.0332387182697861
"6091",0.625281968355357,0.0933957773560227,-0.0292542837938168
"6092",0.65739566524516,0.0273249709025995,-0.0352900323391942
"6093",0.567163047131255,0.0792936319252902,-0.0618288022540799
"6094",0.64574239813257,0.0830833692225026,-0.0207300040881497
"6095",0.567272428895321,0.101227942607381,-0.0391922641453371
"6096",0.652442319933931,0.115640971607297,-0.0257450927174644
"6097",0.585689906515452,0.0951339553587604,-0.0445853475079276
"6098",0.600095708793703,0.0671624210531367,-0.0592710400225673
"6099",0.576503325606633,0.121509794552868,-0.065848099217883
"6100",0.645222537095716,0.12473613070226,-0.0201705645778015
"6101",0.613782289739845,0.0917048903112809,-0.0452703863240993
"6102",0.671228427479514,0.082584618656507,-0.0157089617087592
"6103",0.609506708401715,0.0873464417410998,-0.0150385634685119
"6104",0.658535680372703,0.0929520695617866,-0.0011661337715121
"6105",0.644171993470701,0.0903008762442848,-0.0679383769578654
"6106",0.643209386054286,0.112435746251888,-0.0172013597480085
"6107",0.636655041787387,0.0802940307075981,-0.0759522811362218
"6108",0.616016812561406,0.0613316007605036,-0.0505620581159222
"6109",0.640035509163154,0.0383557295248252,-0.0566406690923837
"6110",0.599044886365884,0.0761908116170431,-0.00514758708394418
"6111",0.640915291838529,0.130104222281046,-0.0369693569316408
"6112",0.613733043599474,0.11987143459498,-0.0519657994856951
"6113",0.624390071493643,0.0889564498336964,-0.0412150657778492
"6114",0.591570356665204,0.0788680210872881,-0.00476541121026394
"6115",0.658851237706825,0.101078828654478,-0.0242316284738035
"6116",0.59903056825112,0.093607803850347,-0.0678280076088544
"6117",0.62338804319876,0.094596309415069,-0.0618987716016679
"6118",0.584750251381606,0.0885727468497916,-0.0270670687883232
"6119",0.655882245968481,0.0817080229214314,-0.028221183907854
"6120",0.63812775596388,0.0812092624384513,-0.0574749617359586
"6121",0.664971281172474,0.0802712471450843,-0.0415288046460618
"6122",0.638512988805568,0.0832420074562336,-0.045035532697682
"6123",0.641630884492776,0.0476255506945342,-0.0356982328348204
"6124",0.674989173538729,0.0772276525481852,-0.0527706096442025
"6125",0.650828083088596,0.0943637415754394,-0.0484692730325039
"6126",0.643012669696355,0.0898335607566983,-0.0125061177447961
"6127",0.641015364297649,0.105205800705948,-0.0494816189384924
"6128",0.61478281548727,0.0883355921850207,-0.0738450535473708
"6129",0.640449453173582,0.0789931912400179,-0.0406479888168814
"6130",0.598687478790712,0.0846027657755771,-0.0103245782970833
"6131",0.64265291782409,0.115363991599054,-0.055925422392081
"6132",0.625951170845269,0.127252575051275,-0.0511672634567537
"6133",0.52986903133429,0.0638208654653682,-0.0533019259564656
"6134",0.635865900254282,0.0711817983299553,-0.0101955560940547
"6135",0.637529779778573,0.13853771907082,-0.0135982496970224
"6136",0.681181719526209,0.130281755448628,-0.00870359870074996
"6137",0.662983397892999,0.0798863709457355,-0.0247850286169629
"6138",0.639272592860436,0.0628975267140611,-0.0205479923150007
"6139",0.631096421826942,0.0977501440139703,0.0227434851905351
"6140",0.644761614707877,0.109166228293931,-0.0246080903728684
"6141",0.615988185688208,0.086486758272337,-0.0279167976700783
"6142",0.645558329388974,0.0998957737226125,-0.00196687949373432
"6143",0.600676599125606,0.097023105205666,-0.0520233099099865
"6144",0.60705676986489,0.118716988941457,-0.0331559449015152
"6145",0.613541060677195,0.0952350291607303,-0.031747327519317
"6146",0.586173945537192,0.0900287260219051,-0.0362600275622901
"6147",0.613152740346749,0.115830956858054,-0.0401561924076349
"6148",0.618888187807698,0.0849007389991572,-0.0277836124477385
"6149",0.638512856707935,0.122552041319103,-0.069520564964283
"6150",0.644759121208587,0.0795542154946186,0.0223805522033954
"6151",0.652023725403794,0.0836045999485151,-0.00938187993600484
"6152",0.604666933660389,0.110756842676335,-0.000120408220486146
"6153",0.653805633801519,0.0997892954413244,-0.052636640533459
"6154",0.663710943581519,0.0818400826136708,-0.0251936686095654
"6155",0.68012867186432,0.133213294145274,-0.0589199941106761
"6156",0.629173681985379,0.0831282854942953,-0.032118198734714
"6157",0.620191842850891,0.0928552355509152,-0.0306762266824824
"6158",0.579081357079933,0.0689568194639094,-0.0490999930760255
"6159",0.672538207745367,0.0730153551060055,-0.0228300364620917
"6160",0.63285512891225,0.0823261340398918,-0.00180956021663246
"6161",0.662643090904966,0.0571506934185948,-0.0176086769304135
"6162",0.601900951902897,0.0848087675997022,-0.0582405619341082
"6163",0.636610508793199,0.0849135386235852,-0.0474278350186133
"6164",0.619734102928236,0.0829095220102189,0.00477790718824046
"6165",0.614862789515489,0.0415360873525219,-0.0693756170551409
"6166",0.599927683876165,0.0855251291666529,-0.0357880389061179
"6167",0.608220636210898,0.0498177966386874,-0.0609446281222002
"6168",0.605274234609366,0.109308995105375,-0.0605700999562645
"6169",0.619607836690758,0.0998791850828051,-0.0452918154036824
"6170",0.586832644063535,0.0812801187560281,-0.0415345865914425
"6171",0.663086890321115,0.0801568673259155,-0.0325795719146296
"6172",0.666489668005994,0.0641189470614512,-0.0410570946724256
"6173",0.627772185037611,0.134594208888803,-0.0627813888962261
"6174",0.656775381959044,0.0818028013255999,-0.0585766514777477
"6175",0.601141565260481,0.0814618587917946,-0.102317708410243
"6176",0.614215926758777,0.114398871903268,-0.0487652574620384
"6177",0.662179105784225,0.109607219920386,-0.0220681186443139
"6178",0.715657340341154,0.130121669439675,-0.0168630950715115
"6179",0.625772334769672,0.111969063470868,-0.0258847550122367
"6180",0.598782148323086,0.120785465416563,-0.0070167693933995
"6181",0.633029060078775,0.143355974930315,-0.0545086885751275
"6182",0.680169823467246,0.126484116199508,-0.0431708287213061
"6183",0.643506923410817,0.0756298137819963,-0.0217278445342804
"6184",0.634132796531709,0.130187199093697,0.0032199702006576
"6185",0.579107023427246,0.13000437550703,-0.0446357632008078
"6186",0.595521799131338,0.0852304876455482,-0.0143129764878799
"6187",0.681699429974808,0.101622716605118,-0.0336935298515973
"6188",0.637906485996905,0.103115772957296,-0.0346082094129366
"6189",0.666409944369986,0.0875842436003535,-0.0273051584950446
"6190",0.666193154814641,0.101553817314603,-0.042736453223445
"6191",0.567479499739045,0.0991769809976965,-0.0485332601580654
"6192",0.622843043771826,0.0923313281567409,-0.0562207761084458
"6193",0.61588698332515,0.0985836724650333,-0.0187624974542866
"6194",0.643756383895646,0.0567141796400499,-0.10017875765231
"6195",0.636417178085741,0.0894032581055581,-0.0455561748684454
"6196",0.607101811487867,0.0681459326503099,-0.0601769098439471
"6197",0.655301824224438,0.115150612449,-0.0511367280816177
"6198",0.625341637789088,0.101213870484769,-0.00995057636329746
"6199",0.64719953635695,0.111355996463577,-0.0419691253854827
"6200",0.620660126886533,0.116479610508653,-0.0527117845947029
"6201",0.565353031948084,0.11231015136052,-0.0561012939242444
"6202",0.667235540846029,0.114351066188598,-0.0485966923992442
"6203",0.591781580890555,0.0834116061804165,-0.0396793963243786
"6204",0.622002983700505,0.11058785491223,-0.0477642554766733
"6205",0.617047198970879,0.105925022693287,-0.0384233543688589
"6206",0.673730670884365,0.0808292512498188,-0.0179743799760255
"6207",0.592985160188986,0.132070941935067,-0.0455623258125189
"6208",0.632736949210437,0.0953093767138169,-0.0654351396376653
"6209",0.631971850854065,0.0849079962880503,-0.0538716670605832
"6210",0.552424819299184,0.101717048266116,-0.077112036653173
"6211",0.650503461810145,0.0780906876405006,-0.0151984607648254
"6212",0.670261900791893,0.0810615259030299,-0.032654871309698
"6213",0.618377599252046,0.0814383366796717,-0.0467744259123836
"6214",0.653516437828326,0.0817901076143698,0.0343109889723985
"6215",0.624374209157123,0.123517536564175,-0.0409313810820257
"6216",0.648791728333032,0.10096904640942,-0.0424795248582208
"6217",0.631083848448101,0.0660456228077056,-0.0153874253102194
"6218",0.690264837911715,0.110632017560675,-0.0108739329689025
"6219",0.600175144730415,0.0494916980034924,-0.0368251178951347
"6220",0.628457202106148,0.0855225514432297,-0.0342635427970351
"6221",0.655085960475082,0.084796874279956,0.00348710745658819
"6222",0.670050278540954,0.122259735844374,-0.0176680830683658
"6223",0.654312907243104,0.0525734772659455,-0.020644316668318
"6224",0.643468307453976,0.10643041519832,-0.0200853428075696
"6225",0.658366454640227,0.108866512239002,-0.00682532348970152
"6226",0.645036029189011,0.0875646004710513,-0.0392877760783845
"6227",0.672493542700094,0.088544369725598,-0.00806058063158318
"6228",0.620392708292161,0.111188989180278,-0.0586606287868888
"6229",0.589236249227003,0.0799764186725805,-0.0480118111366785
"6230",0.630932140709763,0.0306950721236778,0.0131612404832224
"6231",0.629212249067941,0.100750486517338,-0.0337620671156044
"6232",0.641360451176187,0.10402502574983,-0.0239981817131091
"6233",0.546963409500278,0.0829481252872749,-0.0635973800820948
"6234",0.630248485137941,0.104130598061257,-0.00683966257057685
"6235",0.660440488112673,0.0852729509160069,-0.105859360450311
"6236",0.669055579042283,0.0761157883918526,-0.0224559779649993
"6237",0.581722332926362,0.0556405587858131,-0.017966744475155
"6238",0.678720718427193,0.0994538865641802,-0.0172373635297136
"6239",0.567500789197117,0.0916209121125052,-0.0437564467773928
"6240",0.596015241639555,0.0613216227131169,-0.0431059745339144
"6241",0.634594261116023,0.0852165035915139,-0.0259979414331639
"6242",0.625498836107575,0.0712244805276166,-0.0632470743477196
"6243",0.619560255396986,0.0643296817553441,-0.039559755770046
"6244",0.659448575314822,0.0657715857254326,-0.0504226392326128
"6245",0.617952973247619,0.12982972280857,-0.072410482249232
"6246",0.638369184563762,0.0928142495304967,-0.0345666870698562
"6247",0.587936509157087,0.0784147536573114,-0.0636682925817524
"6248",0.612607437966153,0.0864558201737682,-0.012972350423892
"6249",0.663394666827112,0.0841681231648261,-0.0627022961222954
"6250",0.643438823744228,0.0982530083834753,-0.0660930268545911
"6251",0.576826241437256,0.0854713759112114,-0.0641092009713241
"6252",0.609369352837601,0.0942535676739676,-0.0299398158364198
"6253",0.656559012503734,0.119183511421264,-0.0285523540312683
"6254",0.591516282969521,0.113110337581418,-0.00800800831035488
"6255",0.615040983262726,0.0794545411706641,-0.047558062702959
"6256",0.592515107118062,0.0713729708697869,0.00906888430373824
"6257",0.624980265545991,0.119685799606343,-0.0426957830183913
"6258",0.642662071110233,0.0959770981422876,-0.00224261867690052
"6259",0.656903127596255,0.115022352664807,-0.0189715944767783
"6260",0.576735358150817,0.0965710308402283,-0.0262603789449938
"6261",0.619087768703513,0.106104002084357,-0.0377312444444457
"6262",0.704220872368431,0.0951869387667844,-0.0578454632647549
"6263",0.6268498207755,0.0397238521410967,-0.000916786633870535
"6264",0.678648044730935,0.0804157215845308,-0.0253114383553719
"6265",0.652396280213418,0.0660512448442697,-0.0160360556003238
"6266",0.614651686703084,0.118075992570335,-0.0707539309794365
"6267",0.614760840935026,0.0776047686219871,-0.0527359502599747
"6268",0.610603854206897,0.122105766395116,-0.0357707246993672
"6269",0.628613376647156,0.108514670397641,-0.0475511026038141
"6270",0.633175662152777,0.0878242216507774,-0.0526351102568666
"6271",0.66541736730321,0.108297346034597,0.0164368637825877
"6272",0.606046099479914,0.0915930006730402,-0.0263838137047359
"6273",0.598417165494187,0.094477097081325,-0.0450904129109331
"6274",0.566974544006384,0.0870157467398183,-0.065946256720493
"6275",0.588648827900261,0.0519050298375132,-0.0702276861272601
"6276",0.632514722517935,0.0825495137089941,-0.0363226754758206
"6277",0.636039526775825,0.0805111311176467,-0.000959762220730027
"6278",0.665237916302729,0.0885024367753152,-0.0586703023872946
"6279",0.61622854551709,0.066991463117416,-0.0112026270057356
"6280",0.614039477468742,0.0881551018541911,-0.0381638891845398
"6281",0.639164970159983,0.0990326190592801,-0.0637014156895159
"6282",0.640528398736295,0.068511890338449,-0.051684702027832
"6283",0.669548457767202,0.135169221137036,-0.0676229170263706
"6284",0.61482299904968,0.0964390066824495,-0.0491951234137591
"6285",0.671446886815562,0.070806884198102,-0.0215260597780652
"6286",0.632344139027242,0.0731877267190987,-0.0761721558551433
"6287",0.645146228895362,0.0609226741729333,0.0151206620437319
"6288",0.637686662622647,0.0852121887636243,-0.0385983238100621
"6289",0.639149647594379,0.0821012289048753,-0.0340545382941121
"6290",0.619039146946163,0.116127098909421,-0.0502239857839706
"6291",0.62113151759974,0.101041364706155,-0.0678950385975835
"6292",0.662107538657243,0.13297757812415,-0.0302481262756139
"6293",0.624535992012951,0.0914820270849879,-0.00844143137992667
"6294",0.669726572195488,0.0840131134834314,-0.0372589545878488
"6295",0.630907674529556,0.0888555458845219,-0.0215759036585181
"6296",0.611724416144942,0.11407492129742,-0.0853135689489864
"6297",0.664315200956355,0.0598981818088259,-0.0142019973157202
"6298",0.624601518564782,0.11392075684353,-0.0209062041301372
"6299",0.593487461304857,0.0812045107395732,-0.0286797995904156
"6300",0.664651317941718,0.099634087503651,-0.0571022384347132
"6301",0.662595678072367,0.0876253738633363,-0.0615385652454312
"6302",0.67414953599635,0.138889827629289,-0.0413175765385868
"6303",0.572705779947465,0.0936720988794748,-0.0688434667280425
"6304",0.609895570993271,0.0804586965223673,-0.0065054892275518
"6305",0.605883023310691,0.0683376464222472,-0.048991272501445
"6306",0.600546188057168,0.0585250229729149,-0.041191630570576
"6307",0.644177577273946,0.119942819044084,-0.0167063220069074
"6308",0.652195747596124,0.102273703513586,-0.0650665202728932
"6309",0.5998092745431,0.0508992079326786,-0.0723863205723777
"6310",0.635208439215417,0.0703727414205091,-0.056137482783066
"6311",0.67812823719347,0.101612694419681,-0.0510502133104854
"6312",0.634548949628901,0.0941301713640557,-0.0549533939228859
"6313",0.595663827966217,0.0673380490590504,-0.0422701648277109
"6314",0.634370373648642,0.0967782843312626,-0.0173586789392166
"6315",0.622820133984848,0.108105558082686,-0.03096149760848
"6316",0.630844536496461,0.103480517226929,-0.044114256531075
"6317",0.619472955682681,0.117763340458775,-0.039243704861745
"6318",0.666243580987039,0.0847436675783264,-0.017845827810463
"6319",0.623928518112101,0.121822294169508,-0.0434902938898642
"6320",0.618647446403272,0.0883572766352569,-0.0487891245939408
"6321",0.64284245764661,0.0849336778677306,-0.0721801776055171
"6322",0.628130555229511,0.117592407295333,-0.0862542997215289
"6323",0.620777711290707,0.0835097346236251,-0.0302752722771651
"6324",0.579919227942891,0.114028223825719,-0.0419569502908724
"6325",0.60344737343628,0.0649290081446987,0.000398275613066504
"6326",0.647833041285038,0.0950041966918663,-0.0338429594964624
"6327",0.58696565174955,0.0986446997958625,-0.0357811240663225
"6328",0.602850476971615,0.0960850985984939,-0.0869045093737179
"6329",0.669524121182576,0.0952164700545902,-0.0446096082812361
"6330",0.652286043316112,0.074653056018812,-0.00543694366693222
"6331",0.555225033950348,0.0662691474622847,-0.0655696511361489
"6332",0.652909152486633,0.0553700514961465,-0.0523002654532427
"6333",0.572404505918985,0.0547794303501444,-0.0144379348711576
"6334",0.616748144440745,0.0944456356928218,-0.0549915697291696
"6335",0.653707643129248,0.118238503461144,-0.0572665819946231
"6336",0.601993234720686,0.0668651669239913,-0.0244823853520449
"6337",0.611845714941975,0.107350627300751,-0.0611603920890511
"6338",0.632706952318217,0.12691020294562,-0.0240047205160907
"6339",0.588909279379756,0.0781064981885959,-0.0353526769103444
"6340",0.657107384248242,0.1085817427096,-0.0339827508350562
"6341",0.665099675234984,0.0857336429563157,-0.0362992846598417
"6342",0.611799982988871,0.0896516076545466,-0.0189589859702396
"6343",0.590370609930559,0.0701097470862944,-0.0448098952451992
"6344",0.648979209384295,0.107030899897479,-0.0553879351148549
"6345",0.582425308546263,0.109286942648105,-0.0442404837703834
"6346",0.637556357222845,0.106072745032282,-0.036118517425824
"6347",0.591798102164013,0.110929972225176,-0.0600894686526778
"6348",0.643938184038789,0.054495294746736,-0.0392988241693656
"6349",0.607522953455967,0.113722633778951,-0.0489179202460277
"6350",0.611823285059194,0.107748157961845,-0.0177931179547737
"6351",0.648041417995334,0.0730293300091394,-0.03521354698077
"6352",0.677875699172715,0.102281902929465,-0.0475412169702588
"6353",0.626179892707258,0.111272436588863,-0.0428840439812039
"6354",0.693916684450622,0.123053851092863,-0.022463144939122
"6355",0.580893591006653,0.107972840293486,-0.0461090826664537
"6356",0.574143139553096,0.0806557299393118,-0.0595860533085976
"6357",0.689779663355266,0.0745854083876695,-0.0228003112803777
"6358",0.643720731555727,0.0778755994163828,-0.0475791973818427
"6359",0.673523238553971,0.121776689204483,-0.0654161260199043
"6360",0.666062739391114,0.0906403943171082,-0.0369523350829648
"6361",0.64434589422881,0.119806999215089,-0.072976578611863
"6362",0.612529333738557,0.133724398525941,-0.0170002997564233
"6363",0.621749938749281,0.101345517774706,-0.00967271821481749
"6364",0.667207444749427,0.0968228401256306,-0.0336631780485479
"6365",0.651248916872805,0.112863241452149,-0.0238832162994375
"6366",0.606599146864947,0.0660847107191708,-0.0555677298312105
"6367",0.5887264793623,0.13807489551232,-0.0229658809749603
"6368",0.649082754587654,0.0892204701864761,-0.00572647726888339
"6369",0.605100898647097,0.107373289072605,-0.00924746299427583
"6370",0.644179011629437,0.0448292134997421,-0.015648870271988
"6371",0.651030274649939,0.0896585900996796,-0.0413520689752832
"6372",0.632106580532333,0.0990899691754266,-0.0645086048938447
"6373",0.672783091061026,0.0688159057672547,-0.00122246857734663
"6374",0.629800434087989,0.0799075063897711,-0.0393257019818838
"6375",0.663938067206825,0.13588483958545,-0.040654372214121
"6376",0.60384726735934,0.137962417017039,-0.0423560613662705
"6377",0.624574038736233,0.0697781238060294,-0.0815674703245596
"6378",0.595712767106452,0.0843356966928812,-0.0345762358818806
"6379",0.662115746349175,0.0944411664270972,-0.0284951977148774
"6380",0.661680963103711,0.116998631114187,-0.0075778367905291
"6381",0.633793617901262,0.092555479839733,-0.015339603062581
"6382",0.626982659324918,0.0719083899152464,-0.0478663532977096
"6383",0.623316707100522,0.0866010472991048,-0.0239752932582089
"6384",0.544314870446208,0.0987823795051971,-0.0108932174720032
"6385",0.654903185656798,0.0694648112403892,-0.0403081205514577
"6386",0.615868883355571,0.103897791668262,-0.0331067170736135
"6387",0.630505960627558,0.0896832486914977,-0.0419718760551872
"6388",0.606528411652011,0.0955974641446014,-0.0356000924555235
"6389",0.66047166037246,0.0716782508450315,-0.000856539261085171
"6390",0.667683507861944,0.128552861064147,-0.0618779450699738
"6391",0.6370387027299,0.0863607312635113,-0.0279532050565642
"6392",0.638544964165668,0.0707590125814658,-0.0592571537856845
"6393",0.595484647337633,0.0866911515646823,-0.0211075182890998
"6394",0.645626845463781,0.0795361013381316,-0.0338394949183375
"6395",0.60688661360571,0.10497323481119,-0.0712891499183407
"6396",0.610605216060499,0.059794964272194,-0.0365964126953293
"6397",0.62377995670916,0.102306431776549,-0.029959730624958
"6398",0.645526189581331,0.104802657711941,-0.0205159589854676
"6399",0.651281808218822,0.075858183060708,-0.0687365750665947
"6400",0.578606340363924,0.0898403094480735,-0.0502886189024922
"6401",0.598077616125722,0.114533138596579,0.00327177947345127
"6402",0.584354195456349,0.109662507552011,0.0357116506897652
"6403",0.621253775202096,0.108462396578285,-0.0213599996504219
"6404",0.662624691934019,0.0943301940234416,-0.072444803917574
"6405",0.640270783117065,0.0552675326628813,-0.0592383906495186
"6406",0.609900271473553,0.102841743558667,-0.0631518544784876
"6407",0.574959101062131,0.0852327089395497,-0.0555469827422471
"6408",0.646185857753034,0.0841516741158491,0.0257867373683997
"6409",0.612528482047572,0.0748124314569198,-0.0422557657440075
"6410",0.596045394954138,0.0932307517599225,-0.0458260400746095
"6411",0.645928182925394,0.109122350955145,-0.0123950398808359
"6412",0.595564599137216,0.0435486205766913,-0.0496653048590115
"6413",0.638859484679304,0.102594504347284,-0.0535858338281343
"6414",0.650855159158142,0.124445862487586,-0.0381295945096747
"6415",0.634105084595012,0.0738939474513905,-0.0304775930569913
"6416",0.575991383691223,0.110721582440017,-0.0351910260316399
"6417",0.611882183609959,0.0665554734322779,-0.0166209872243992
"6418",0.652803616781774,0.0463261206578166,-0.0406418783246191
"6419",0.633859125182622,0.105704670073908,-0.0512167462023631
"6420",0.652874074301084,0.115647390391437,-0.020909357442744
"6421",0.611560752800996,0.0716130003860014,-0.0562955971552859
"6422",0.61937390198605,0.114586611481496,-0.0573524607252408
"6423",0.627277471206252,0.0935958785157909,-0.00728835449941181
"6424",0.611147269697173,0.0899767481580211,-0.0518775776632755
"6425",0.610288637452741,0.0450001343204129,0.00922267219628259
"6426",0.617004925170021,0.0696792061927674,-0.0266924076607559
"6427",0.657548793073418,0.0975475168628211,-0.0694448513684784
"6428",0.605855512720024,0.106732167427109,-0.016935418645354
"6429",0.629705559143029,0.0659544902171617,-0.00636271378932117
"6430",0.604437533036072,0.1118918703978,-0.0469658468798229
"6431",0.655548490069511,0.102037830395643,-0.0676867171854861
"6432",0.612658044072603,0.106921913219867,-0.0409714585592824
"6433",0.686018551908605,0.104850492609103,-0.0320438854695015
"6434",0.588175434029933,0.0739825426131051,0.000204817987795543
"6435",0.622151471645245,0.106563733610472,-0.0520590261537713
"6436",0.626449242576543,0.0602281238800711,-0.0059616509244741
"6437",0.61905567413213,0.0700976930525808,-0.0388080846003085
"6438",0.638083637092421,0.112711858493486,-0.0702616513597463
"6439",0.589609037557361,0.0558343006331256,-0.0651172174139489
"6440",0.632658407650064,0.0568920725019035,-0.0578402344274815
"6441",0.65425399693852,0.0963633644656637,-0.043332750875973
"6442",0.639523770696913,0.0552238110904259,-0.0412474575933233
"6443",0.625025422721764,0.0879614105270207,-0.0321919329179659
"6444",0.621891680240585,0.0700231990166977,-0.0710020724354753
"6445",0.630350664986413,0.0826658976921435,-0.0582563796036322
"6446",0.640872046676031,0.10768966805745,-0.0359905181385744
"6447",0.624739083856159,0.098909150631724,-0.0144292761695327
"6448",0.620309619316163,0.0608720822907837,-0.0569955872668669
"6449",0.595144262923486,0.0825923253378649,-0.0334612209291286
"6450",0.670368260846609,0.126769761700451,-0.0259126271191765
"6451",0.610660778270148,0.118684559907898,-0.0179528686200992
"6452",0.641191130725661,0.0964068809515235,-0.0215067199249139
"6453",0.673625370467495,0.0972197552703552,-0.0339056543096688
"6454",0.583495933446879,0.046464768169006,-0.0143703429842037
"6455",0.652767979525591,0.0831220832878622,-0.0326772678844931
"6456",0.6731696738089,0.0905929607807452,-0.0217293536670382
"6457",0.545849999755644,0.108278726424348,-0.0852061926641986
"6458",0.618863032060748,0.0874848719935056,-0.0143054676151527
"6459",0.674996758102043,0.101967659144373,0.0393100496900015
"6460",0.647660191987751,0.124679746809295,-0.0144335876288226
"6461",0.58149662864351,0.0837866716133809,-0.0381905297577535
"6462",0.637353781241247,0.0857525594014127,-0.0428070750057832
"6463",0.648857890683786,0.082805874463562,-0.0454964703345341
"6464",0.652412086733651,0.0745638161539734,-0.0465966596696102
"6465",0.617332775082651,0.0615369393067519,0.0220435999220623
"6466",0.663070311341489,0.104963152201212,-0.0392281881297749
"6467",0.635208933827504,0.100291197300135,-0.0123731183339078
"6468",0.617300857872318,0.084422492161937,-0.00798977989442906
"6469",0.61610762533046,0.124240895370892,-0.0679954529658575
"6470",0.652949227914839,0.0888388613782775,-0.0544417042016228
"6471",0.649442916765575,0.128281091147593,-0.0379034762594473
"6472",0.645949180475285,0.100877791791189,-0.0428423888910151
"6473",0.655184486594933,0.0809592767574602,-0.03169598870126
"6474",0.622965019305789,0.0652842890558191,-0.0212936087567738
"6475",0.607374755147532,0.106579961414302,-0.0353235467470055
"6476",0.614102388688973,0.0991068657812575,-0.0116390628694546
"6477",0.631053470889931,0.0787380014696058,-0.0322041518908437
"6478",0.606793259945367,0.0963623014757013,-0.0497487814161046
"6479",0.602206222449047,0.104322095037263,-0.0315659964056473
"6480",0.639924497116374,0.147793710657527,-0.0589302025916299
"6481",0.605106508402343,0.0637591120966109,-0.0534288194908304
"6482",0.639485885060767,0.0810834488741842,-0.0246122059252815
"6483",0.64058378080219,0.0666436416465299,-0.0271626426127156
"6484",0.647231514409758,0.0799090217378414,-0.0376664416445835
"6485",0.665244328804075,0.0686359830435962,-0.042320535824162
"6486",0.628302110162939,0.0939328899067789,-0.00107746880219846
"6487",0.60049684858848,0.0911083407822742,-0.0458818424667497
"6488",0.624613274516817,0.123106600461504,-0.04522802768077
"6489",0.62403501827912,0.069240901493614,-0.0506166166305631
"6490",0.565060245134032,0.0758895810427757,-0.0388807214412593
"6491",0.597707192782409,0.0960752770492944,-0.0282740718992367
"6492",0.654043509570824,0.116813984702349,-0.017825698733515
"6493",0.628331056913098,0.0567971930731672,-0.0308252243581932
"6494",0.672141318654878,0.0711744824085355,-0.030953905036759
"6495",0.565383715883138,0.0976733882900051,-0.0619267540776123
"6496",0.601174821754922,0.0815891378978522,-0.0568135844499878
"6497",0.639551186788873,0.0669834597112785,-0.0191947505096621
"6498",0.687865116731171,0.0904854613309411,-0.0502377144395953
"6499",0.618819821352278,0.10358041376605,-0.0141392103643165
"6500",0.581884640613458,0.0906455492055669,-0.0330879399039858
"6501",0.602462169979361,0.078081485574918,-0.0499469968864539
"6502",0.623140804555017,0.0966322263356231,-0.0446693344949729
"6503",0.602072293966688,0.0654932369672243,-0.0174822702368174
"6504",0.598365054763516,0.0727909959976511,-0.0593615093290207
"6505",0.616188931077456,0.132833363990473,-0.0279503690387924
"6506",0.654751201040769,0.0925895195137961,-0.0285196320683918
"6507",0.610782586147958,0.0665572848186653,-0.0316552276773406
"6508",0.65515716995845,0.0786708754793088,0.0108804427495454
"6509",0.61741890403401,0.107017406671704,-0.00697930287425817
"6510",0.65109203812473,0.0771672612282613,-0.054053242467113
"6511",0.672131517923296,0.0680845484880801,-0.0717775620768513
"6512",0.621673584577866,0.0966042133350432,-0.0812805709239152
"6513",0.655467275977614,0.115934181232429,-0.0399357432226179
"6514",0.696893904802215,0.0986901260699723,-0.050654614447977
"6515",0.635323877904015,0.0998717853125123,-0.0463212928100832
"6516",0.577366386178759,0.126023648810104,-0.0279925325995203
"6517",0.619813840247931,0.0681340347892459,-0.0505289642895224
"6518",0.604744237252553,0.0893417585832205,-0.0278310591480021
"6519",0.683908228485499,0.0957246772745216,-0.0491452066581958
"6520",0.636737967573191,0.0813719714895579,-0.0587798740337219
"6521",0.636894678261253,0.0949527439803489,-0.0204728997609941
"6522",0.607535295850798,0.112355992542519,-0.0698765174771836
"6523",0.653260038616679,0.0898042413196416,-0.072202275588912
"6524",0.642864441590814,0.0986196129801148,-0.0749889930774584
"6525",0.610205571901373,0.0656728473529123,-0.00962628841161377
"6526",0.633857774428565,0.0906317977088724,-0.0229458607821034
"6527",0.599751893594504,0.0704447681027507,-0.0598414135953609
"6528",0.604639167728725,0.0939109706898238,-0.0388674031769348
"6529",0.597585961095257,0.135684555198507,-0.0214527936527905
"6530",0.60459409422943,0.102650645046481,0.00424862025136451
"6531",0.648075119574847,0.091209006977411,-0.014988455978351
"6532",0.65626620186597,0.121168047670572,-0.0590321938268899
"6533",0.648334509683142,0.0946694320518896,-0.0189821699759989
"6534",0.602790278283687,0.0871210901528903,-0.0306785059533823
"6535",0.661231833646994,0.148800389236304,-0.0352885988999572
"6536",0.606709426633825,0.123230069711666,-0.0773080085446118
"6537",0.614053501593589,0.113443935758205,-0.0109209419084475
"6538",0.607789380599921,0.101993859302062,-0.00391706999741583
"6539",0.605064023571605,0.089378588720879,-0.0143557657777586
"6540",0.680939060327096,0.118258008151255,-0.0159799512125562
"6541",0.619086919877252,0.0860042612765661,-0.0516995501384754
"6542",0.664086424838096,0.122918733532693,-0.0472512906158637
"6543",0.584576834069082,0.0838650675247512,-0.0449048381418504
"6544",0.643859553201594,0.085800376170947,-0.00585269752598973
"6545",0.616067445487865,0.109637569826793,-0.0293264618443807
"6546",0.60119939810619,0.125288266114935,-0.0625414161047973
"6547",0.685559912725116,0.107901224025923,-0.0216609764794168
"6548",0.652220344511092,0.0890883657051991,-0.0334693030427623
"6549",0.668195849343865,0.101833145874221,-0.00481135951565832
"6550",0.630034079817004,0.068964690455959,0.0114412187983111
"6551",0.560598438603061,0.097759782881291,-0.0316339210571907
"6552",0.622103061834935,0.104415351489213,-0.0723933888408948
"6553",0.627789796735709,0.0901022197146092,-0.0146713710116377
"6554",0.632915310908055,0.0718602582717443,-0.0376208172288419
"6555",0.60795211203148,0.0808186603252971,-0.032875093976075
"6556",0.591451196218093,0.0872686731861973,-0.0361351242502028
"6557",0.653149512620311,0.0842603989443343,-0.0247933015441333
"6558",0.589119467297954,0.0991449572207811,-0.0276239031703559
"6559",0.653330848105643,0.0771678628195732,-0.0440620914172534
"6560",0.635981753714547,0.0836188177770355,-0.0322729962200407
"6561",0.632383429417463,0.110348676543377,-0.0663471555501259
"6562",0.626264621631817,0.0703423089978682,-0.0510043943318177
"6563",0.62978752929905,0.0926024530319433,-0.062956270922267
"6564",0.611698007198938,0.0847154389790327,-0.0471281671336914
"6565",0.604628621248123,0.0865708398930704,-0.0490060760171704
"6566",0.620726766606284,0.100075930842548,-0.0463181686225273
"6567",0.631265205560007,0.112114214278535,-0.0232707769035546
"6568",0.659760121014024,0.111462385205126,-0.0312449832041926
"6569",0.606858923084922,0.107150742458795,-0.0152929103248426
"6570",0.61765219928203,0.0805211550544785,-0.0517783427703218
"6571",0.66464484311495,0.0941390492146239,-0.0439378733090283
"6572",0.604630340795974,0.121819399311833,-0.0130546434699059
"6573",0.618677004910509,0.0976708352193313,-0.0331012821790641
"6574",0.644657609518786,0.0817743690732916,-0.0158383308523972
"6575",0.603624603320442,0.0454422811006854,-0.0368435136365232
"6576",0.636172710125498,0.0948981606988448,-0.0162142057221042
"6577",0.643873161443293,0.0928143571694377,-0.0630493802400651
"6578",0.628227552589136,0.130892258909632,-0.00467402023710661
"6579",0.64006536029773,0.104984093488788,-0.0110507720807114
"6580",0.591438133894709,0.125647624187531,-0.0344652143003758
"6581",0.588330282076439,0.0854472060975137,-0.0241572870501835
"6582",0.599584598337636,0.0470251879102702,-0.00895306600189567
"6583",0.594028405807036,0.106010429567588,-0.0387167747513644
"6584",0.640433063311509,0.0753343422506837,-0.0334342775985889
"6585",0.641926496757336,0.0868569224235203,-0.0389971279333371
"6586",0.665802345074621,0.11943028685258,-0.0358753136429961
"6587",0.624583490129542,0.116107818246162,-0.0485257666037656
"6588",0.599573757069014,0.0574926906761467,-0.0527363776330725
"6589",0.673630095797712,0.0950521546483043,-0.0556530697203816
"6590",0.606289726562893,0.0868665019901236,-0.0332076725954995
"6591",0.629849998183934,0.07852283047373,-0.000275499370694335
"6592",0.651754092913238,0.106660313166564,0.0207027139742975
"6593",0.631698983811092,0.0699887800978507,-0.0938786459868941
"6594",0.626402707838896,0.106590812459074,-0.0721138875469224
"6595",0.652735804864717,0.0832291866237303,-0.0779530790274582
"6596",0.627650402125536,0.0694324941752896,0.0139252132897843
"6597",0.60521503760334,0.115248865844282,-0.00746359796538302
"6598",0.601101220034369,0.0557623210206133,-0.0341705465123057
"6599",0.640436215634565,0.0662421630451187,-0.0260367999573173
"6600",0.588558325402276,0.105086099410414,-0.0186023441293032
"6601",0.655793059225275,0.120145976246915,-0.0121722015785739
"6602",0.648263803438668,0.0889968896977666,-0.08029187088263
"6603",0.612129798173696,0.112515343961943,-0.0443045291275811
"6604",0.655174878180019,0.10873248555013,-0.0307116923745883
"6605",0.652227959861282,0.11685957389872,-0.061360036236814
"6606",0.631376731635853,0.0882612496972664,-0.0254965188260763
"6607",0.661404757173041,0.128448999901014,0.00231830881151917
"6608",0.620848206484635,0.124904612861408,-0.0361328000180997
"6609",0.609655049895017,0.0812979868113202,-0.032581538339755
"6610",0.6165157020819,0.0869621757919811,-0.0448417124642364
"6611",0.651766996697081,0.080350346196784,-0.0212021612707575
"6612",0.594851644472215,0.142222783426528,-0.0352440013087023
"6613",0.604251562005144,0.113701204694953,-0.0827381661631169
"6614",0.68429600214282,0.135004828353966,-0.0576881522406589
"6615",0.64660327132306,0.100800928800206,-0.0527184902239052
"6616",0.682866532836027,0.108566973677254,-0.0358309617378634
"6617",0.649858997529311,0.0766299628402191,-0.0235241420175934
"6618",0.62224528234155,0.0594313769600008,-0.04710041081164
"6619",0.617344306801533,0.0715648980855477,-0.0308986771928628
"6620",0.614550037401238,0.0874520666520935,-0.0338803341240961
"6621",0.649408823868231,0.122838645821433,-0.0259756259372175
"6622",0.619404869983449,0.0902391300086514,-0.0459697028504633
"6623",0.623321735580081,0.0842364776004858,-0.075459757489287
"6624",0.647446404124334,0.084274082484124,-0.026207413355567
"6625",0.630455340189795,0.0676100684088775,-0.0339885177354278
"6626",0.657539725823033,0.110125529809193,-0.057340624453052
"6627",0.614815380060276,0.0591757180104276,-0.060309498684392
"6628",0.613714998264029,0.0949041285613611,-0.0587537509594987
"6629",0.620723251453378,0.135756342860991,-0.0373949993779841
"6630",0.59208166841167,0.0581714781624808,-0.0472121206337674
"6631",0.683131348424232,0.0891153473511749,-0.0186327250002048
"6632",0.589371176599853,0.0935064149090685,-0.0532592676040093
"6633",0.641436214071026,0.0640599841034667,-0.0129733005896844
"6634",0.621017615192482,0.0861660933858696,-0.0221822668483405
"6635",0.68380622749405,0.0762223515220912,-0.095425449526478
"6636",0.629681135306347,0.0785915233838821,-0.0640023751046865
"6637",0.626757751065463,0.106875535772464,-0.0158902495945701
"6638",0.615667071335584,0.0831058343952925,-0.0337826303344142
"6639",0.639602945950241,0.0859836534436179,0.0118717321050668
"6640",0.588614944795294,0.0656110658222188,-0.0352586293525566
"6641",0.671707982838011,0.113276301457967,-0.0013251293474934
"6642",0.622893864975617,0.100846550489452,-0.0528827154492131
"6643",0.5821135167542,0.0986901942299931,-0.0630224185294454
"6644",0.630908134086124,0.0962670324464598,-0.051596335840105
"6645",0.65483793824453,0.0822755037331614,-0.0357552870683978
"6646",0.61837386571912,0.0992205495691282,-0.0207681583345476
"6647",0.627189859243401,0.126967179110463,-0.0616135625649391
"6648",0.643138955566845,0.127596960850079,-0.0592594654381448
"6649",0.654786752095179,0.111669475988271,-0.0480996807106532
"6650",0.694749507323659,0.0643933955167252,-0.0525676116965711
"6651",0.650575040115665,0.116818695863515,-0.0399103124264417
"6652",0.581862107748197,0.0615074382853016,-0.0308525124251277
"6653",0.617398064198459,0.0731725310721709,-0.0289992268883206
"6654",0.647297857957228,0.0737932698162592,-0.0594513948067505
"6655",0.623337541515098,0.0680855325551435,-0.0249624630454262
"6656",0.646146186152713,0.0936276109584225,-0.0625650765995261
"6657",0.591070239952478,0.123082954186339,-0.0191089355296249
"6658",0.63916269355709,0.0816405926093894,-0.0625633011101916
"6659",0.648087978711517,0.0999723629982988,-0.0371108928320996
"6660",0.641095407400779,0.0785498387147877,-0.0159150392181821
"6661",0.640436574262867,0.0712339163082316,-0.0208797377051519
"6662",0.586129608160663,0.0796103631241413,-0.0356692379477327
"6663",0.652866670314835,0.0889913826687936,-0.0198559169413479
"6664",0.628734530866896,0.0866315609461054,-0.0299804593317369
"6665",0.644075219946285,0.0823709728416376,0.0236806100935701
"6666",0.620884923018557,0.100877755275681,-0.0495436669977288
"6667",0.612920120627733,0.114232834945155,-0.0264890248581612
"6668",0.637390618058684,0.0979591852607479,-0.00704293306699251
"6669",0.631692062657373,0.089400369363279,-0.0166201781374157
"6670",0.667718708980215,0.102147835907262,-0.0281942805995309
"6671",0.60099936061024,0.109614600147436,-0.0589911814464799
"6672",0.623145830955453,0.114749460536585,-0.0249391292319738
"6673",0.626449526533848,0.0559058679289562,-0.0540920213586977
"6674",0.612920570910376,0.126668769468656,-0.0247584118052142
"6675",0.576943304685636,0.108671447055851,-0.0318889896695307
"6676",0.641968648079568,0.102589197774373,0.000255642514709158
"6677",0.637440438838389,0.0979612041254585,-0.0706813402549692
"6678",0.573226067084107,0.0856692868875486,0.00356521342689968
"6679",0.608091453041778,0.105987771970552,0.00192499331200883
"6680",0.603863947434078,0.109681592177548,-0.0555852606110794
"6681",0.598926381301224,0.0961083669057381,-0.0698481689627767
"6682",0.651635484830974,0.0942217952676761,-0.0256892046136788
"6683",0.659931211811393,0.0927790627077242,-0.063919270540389
"6684",0.639708008750724,0.101422030446739,-0.0148781665872952
"6685",0.589133537710732,0.0720966083849952,-0.0223257639221737
"6686",0.586861779357035,0.0540428083496977,-0.0547271166313083
"6687",0.62431852568513,0.0938035764431844,-0.0570968719645765
"6688",0.600883388506087,0.0503009520671299,-0.0263217438952336
"6689",0.615807935070863,0.0898950276261647,-0.0307207459458599
"6690",0.662590966809438,0.0735370108751409,-0.0184624785964214
"6691",0.612856419225328,0.0519503017786877,-0.0496074579693444
"6692",0.649365001182465,0.0249481544026586,-0.0406401147374609
"6693",0.579700319999844,0.108585339555981,-0.0271937511570171
"6694",0.629718061154152,0.0820590262664483,-0.0593357138725926
"6695",0.630973705852818,0.078737886047408,-0.020732914586337
"6696",0.64496356004062,0.0576429918931356,-0.0595796085368424
"6697",0.593358941015454,0.117153324029891,-0.0228060874791284
"6698",0.660933806974749,0.0724432268849407,0.0110215809316992
"6699",0.618989882691137,0.0539756098038294,-0.0390491993754497
"6700",0.621388093541278,0.117663072887431,-0.0545315148369223
"6701",0.654230373748367,0.102701329477587,-0.0372240303313879
"6702",0.603375789695129,0.104499469796151,-0.0412731243796427
"6703",0.671044166189376,0.115828601145516,-0.0401562629976173
"6704",0.616745517101114,0.129589611526369,-0.042848113150555
"6705",0.635626226037675,0.121948176989855,-0.0687245136875391
"6706",0.668832666825521,0.0911281241309873,-0.0771778376171083
"6707",0.625218950085105,0.0500655649186372,-0.0582807176132812
"6708",0.567777546138725,0.081642541615876,-0.0447367811822155
"6709",0.63500527576775,0.082385698835708,-0.0271654666733622
"6710",0.645171453702184,0.10348484128431,-0.0311844004094913
"6711",0.648865728224137,0.0902185662360893,-0.0328750924665749
"6712",0.632966634013591,0.106506909871146,-0.0329384358718266
"6713",0.614995176941699,0.080373155527361,-0.0521821879125537
"6714",0.670827865007044,0.071296514647501,-0.0240620280760941
"6715",0.59448186743472,0.109929903789026,-0.0217095321740973
"6716",0.588780878555125,0.122340559634085,-0.090380895734983
"6717",0.610836488505088,0.105390804050487,-0.0376557465806957
"6718",0.594955400181844,0.0731440950974068,-0.0203870888919286
"6719",0.648541485913221,0.0831697188889471,-0.0156514723813167
"6720",0.606251882518211,0.103311170485199,-0.0224526344463635
"6721",0.625806501426519,0.0815034567454938,-0.0313798308704583
"6722",0.710081914419228,0.0764553360090803,-0.0609870256602921
"6723",0.65533457789723,0.0883838620915617,-0.0861864153823913
"6724",0.61647241518988,0.0692204188580821,-0.0416997925239422
"6725",0.594054180073918,0.0471579948577066,-0.0243582653293039
"6726",0.616341417116102,0.106020115512752,-0.0711501650420331
"6727",0.667588046871376,0.0913781454776826,-0.0574540626334688
"6728",0.656555761805596,0.127460640142049,-0.0619649171672784
"6729",0.6573919395663,0.0812085704147022,-0.0267434347539901
"6730",0.626042405761225,0.0680368794320351,0.0115341482629674
"6731",0.606214147621311,0.130507502443604,-0.0256249202277909
"6732",0.613878152574115,0.0661561461508996,-0.0552916759209351
"6733",0.624902155423534,0.0471720398543524,-0.0354083259606706
"6734",0.618951388810167,0.130234100729018,-0.0107836582307524
"6735",0.631289241450777,0.0970850624513172,-0.0414871195275373
"6736",0.594030200528771,0.0682020612182807,-0.0418402569901414
"6737",0.572128059261359,0.0643259452987136,-0.0174637852762506
"6738",0.657762975273663,0.101787787955747,-0.0494320390139039
"6739",0.58527988782187,0.0969779104967037,-0.0328935552464437
"6740",0.646393699954239,0.0999689033276832,-0.0368015307774593
"6741",0.597478356098833,0.0705411503955202,-0.0240074036729665
"6742",0.648655283249151,0.106030341636448,-0.0274703346917833
"6743",0.591836593689744,0.0691228393536388,-0.0373207024784509
"6744",0.635439780081096,0.112173325626998,-0.0537303548288521
"6745",0.577872065024748,0.0940490644585382,-0.0416602914768224
"6746",0.644372437916729,0.080406823225085,-0.0523171857216278
"6747",0.601994182024084,0.0716192857426972,-0.0208917574166099
"6748",0.639324077693002,0.0765095567902781,-0.0608357910386535
"6749",0.660520481019421,0.122042609269501,-0.0275407794173336
"6750",0.662281537802612,0.0737442401893692,-0.0191647296646285
"6751",0.652875481466857,0.118288335510028,-0.0303141523916555
"6752",0.668982269428571,0.0971984103772345,-0.0265315203970402
"6753",0.621091891676761,0.0980620350777565,-0.0180324859189767
"6754",0.625111343763312,0.0970560164655029,-0.0330421249318934
"6755",0.638040581195952,0.126104013632229,-0.058358533744313
"6756",0.6582967868594,0.0946704632927779,-0.0642740773945151
"6757",0.610079215623189,0.102415804806661,-0.0353607306249813
"6758",0.593754325901461,0.0965731834682993,-0.039610687675488
"6759",0.616440350289973,0.122799116807718,-0.0612542541454766
"6760",0.609535542886786,0.102244876717692,-0.0481667728211194
"6761",0.602341328851976,0.0571717014241041,-0.0441382937827817
"6762",0.627510904599511,0.084363949215343,-0.0176328459326465
"6763",0.676416418599944,0.124001567956426,-0.0435543511576888
"6764",0.615020327932074,0.120615176506572,-0.0402321995723429
"6765",0.609007205478901,0.101956130899793,-0.0395678376869502
"6766",0.638136868930645,0.0666993346084032,-0.0227978256097604
"6767",0.606478297852999,0.125410418047077,-0.024705995456844
"6768",0.589069707349496,0.107387169626251,-0.0488606770603778
"6769",0.56486060041212,0.0735839396848006,-0.0391975934835347
"6770",0.603649096444824,0.0861410712422718,-0.0754861493775765
"6771",0.64156603719045,0.12029315219528,-0.0412828673482978
"6772",0.622964903771097,0.0546363619200722,-0.0620682998990417
"6773",0.669114557203359,0.0951845370199722,-0.0398172807352596
"6774",0.669122784852633,0.0787904922543919,0.0252750757913861
"6775",0.623458585082741,0.0660673283242449,-0.0795353930955869
"6776",0.634139965437385,0.119378671325801,-0.0615783508061598
"6777",0.650359784855619,0.101565040434191,-0.00383334576487059
"6778",0.656504255092846,0.0722951679753187,-0.0345042005215033
"6779",0.690336013813104,0.0941259645839989,-0.0204627210676035
"6780",0.617965509067197,0.0605522594288106,-0.0251773509429229
"6781",0.683159651287471,0.0934393293973231,-0.0857800685003907
"6782",0.572148272459052,0.122275685066602,0.0047503539232194
"6783",0.660847899980738,0.0903147616387811,-0.0399479585121475
"6784",0.644515766423969,0.0991862554876528,-0.0554968639750664
"6785",0.644222740410769,0.107257607140348,-0.0524929554055218
"6786",0.658903956583136,0.094862563192218,-0.0273711814769511
"6787",0.626436695579014,0.0755706878857081,-0.0237706608859645
"6788",0.626825311595073,0.0655817459135729,-0.0269973323938086
"6789",0.662870262052402,0.0897803540853431,-0.064522090307029
"6790",0.672169918498685,0.0684527543883164,-0.0209031238083274
"6791",0.61090186134591,0.0907827421294512,-0.0404019544916621
"6792",0.672859366358197,0.139067770485168,-0.0252790483726484
"6793",0.62962303461793,0.067496177839177,-0.055792277967594
"6794",0.620859071366544,0.0916973548078685,-0.0191109617003661
"6795",0.638547937391883,0.0708440670975643,-0.040840230564451
"6796",0.683086366929966,0.105863906850047,-0.036167463275642
"6797",0.679605158371721,0.152415400159429,-0.0625376170404019
"6798",0.654878624959312,0.113321653286551,-0.0419134612749519
"6799",0.590032939651777,0.0568195537637485,-0.0518431596877408
"6800",0.631706589609549,0.122544815364282,-0.0652115018809901
"6801",0.622022795839956,0.12463106154727,-0.0189722559295831
"6802",0.625798917695648,0.0918568814219922,-0.0298845718482753
"6803",0.592337147907166,0.0564065226810408,0.00910004499384093
"6804",0.61726899750942,0.0663216220842517,-0.0427779489109519
"6805",0.686185002114088,0.0667078625023328,-0.0374856524695797
"6806",0.636941020030501,0.094860549054691,-0.0393778141501793
"6807",0.654171940705946,0.0745873848370563,-0.0399807146946386
"6808",0.634922451487221,0.102696850307563,0.000643182514038915
"6809",0.618487682305096,0.0867874354017133,-0.0524161538199944
"6810",0.662928827454365,0.0813059524453013,-0.0347656703569578
"6811",0.612720702140594,0.0920744039483279,-0.0649162391022272
"6812",0.637623218460325,0.104823724706753,-0.0350781050483328
"6813",0.611818067491344,0.0918769111274658,-0.0572753983129302
"6814",0.615708780437232,0.0753435746657661,-0.00715586880979606
"6815",0.601083620249385,0.0808923197718988,-0.0582253934507451
"6816",0.606436173798929,0.0427512515176465,-0.0441614624216921
"6817",0.675394349852551,0.0943567547217373,-0.0401808869726661
"6818",0.603279491999317,0.0661483003390871,-0.0266399215543353
"6819",0.594957407224388,0.121931132466682,-0.0377679181006687
"6820",0.61756365174016,0.0852477300398525,-0.0552875481041895
"6821",0.626706953725967,0.0655887044033655,-0.0412731433336875
"6822",0.638529531376978,0.0675008123345281,-0.0580678249093938
"6823",0.666945078258363,0.0797773571362409,-0.0604587189415238
"6824",0.631851964810288,0.0926742858831566,-0.0511087785691772
"6825",0.638809724898327,0.0452848039410739,-0.0677163257580272
"6826",0.714004604264941,0.0904184599034449,-0.0308989716193086
"6827",0.635265363921015,0.12392499935471,0.00779092730829985
"6828",0.643603292995479,0.0868142396208795,-0.0174620033431463
"6829",0.646919382967681,0.0693290379968314,-0.0468454053419936
"6830",0.60279696299609,0.0769473390068619,-0.0450103788228924
"6831",0.625597759041023,0.067732229269708,-0.0539898951713185
"6832",0.641858950792633,0.0618454491305824,-0.0465448680816554
"6833",0.624067625093069,0.0718219070534249,-0.0815331536464756
"6834",0.594948255048818,0.0590842207810159,-0.0269917248212345
"6835",0.619203708574044,0.0953062828036942,-0.0604797271382194
"6836",0.626355927507336,0.0890963280325213,-0.0203729338570506
"6837",0.643360393147024,0.118774531438612,-0.0585717067803484
"6838",0.6549082599234,0.0631297981449263,-0.0686049495132115
"6839",0.595780904064133,0.0793464069150984,-0.0247121797038797
"6840",0.611581787256574,0.061963350250269,-0.042254447020219
"6841",0.584547666146232,0.0597035491032649,-0.055608266814154
"6842",0.683400486258384,0.0862004012496446,0.0124993738921474
"6843",0.633255430370554,0.0971512626812956,-0.038483043981232
"6844",0.668290099684472,0.0812036556282613,-0.0650987315310247
"6845",0.644499691281775,0.0903144563777181,-0.0517951242757935
"6846",0.629019923855722,0.133766605915603,-0.00810330956215843
"6847",0.671113882331022,0.119879899388194,-0.0411163150734291
"6848",0.665934943625694,0.0701312164599864,-0.0132753339523658
"6849",0.589839218740802,0.0998261331296504,-0.0708569114533329
"6850",0.59712034231331,0.0859996672504821,0.017368239273162
"6851",0.61732050234824,0.109514825660493,-0.0527992459000064
"6852",0.579890813048404,0.0756949472826887,-0.0310533721248555
"6853",0.582795939887513,0.105251764097897,-0.0263861490271237
"6854",0.65164835088422,0.0672915212785746,-0.0431474494401107
"6855",0.65558949037021,0.132264032024171,-0.0905481760220495
"6856",0.630420542244257,0.071224638038048,-0.0204911937948854
"6857",0.661202490541299,0.143589266264544,-0.00749747992224218
"6858",0.652371715898974,0.0847603989828851,-0.0248653002571321
"6859",0.627594473264158,0.0814068991920702,-0.0720841023648807
"6860",0.60360475712702,0.0819664199295701,-0.0651872715152677
"6861",0.648242558693959,0.109945918500761,-0.020881761853623
"6862",0.595789871910355,0.0770397935885344,-0.0208643295507803
"6863",0.66583852491644,0.111034306428266,0.0054581441326262
"6864",0.567162488466109,0.0654859395748388,-0.0601815360794688
"6865",0.622832857193001,0.075309040705927,-0.0274444374178634
"6866",0.643981606889964,0.12932348662035,-0.0335796848201977
"6867",0.595826442575437,0.0879314088286086,-0.0407932569373344
"6868",0.642071760472908,0.100014015908514,-0.0133275537706328
"6869",0.623215715603175,0.0965532972523612,-0.0633798206348905
"6870",0.664720590514511,0.0933781055883262,-0.0208705877624064
"6871",0.640235681614975,0.0944745018442617,-0.056602982739397
"6872",0.651156918818597,0.0747729708442167,-0.0609457337377788
"6873",0.662232419388806,0.0986810787684655,-0.0263549742569567
"6874",0.639211190830736,0.0432628084004706,-0.0486917376748819
"6875",0.618380005487982,0.0987917021547902,-0.00748146246995365
"6876",0.65869956512058,0.123588856608325,-0.041396044839726
"6877",0.634919686397468,0.0904753066928543,-0.0691456415573235
"6878",0.593677827528462,0.0679683681473292,-0.0276569764405024
"6879",0.592260908944007,0.0727055444212242,-0.043920348846218
"6880",0.620527710031523,0.0854087932415297,-0.0245678625806903
"6881",0.612441754283966,0.0996249071444646,-0.0154953913261491
"6882",0.599025875409866,0.0715694187127449,-0.0754707830980736
"6883",0.668129146393214,0.102965208040543,-0.0339979656517861
"6884",0.631998763053379,0.109063147997497,-0.0121400094001275
"6885",0.674960554724332,0.10479371697238,-0.0203065093792659
"6886",0.664705327415777,0.168778475241328,-0.0376709122241761
"6887",0.578683882987269,0.106175229625308,-0.0722965002713865
"6888",0.657591046733587,0.0845557219241482,-0.0355881798803107
"6889",0.662455035504725,0.0694710383882793,0.0161329003636279
"6890",0.648407953290773,0.121033244638383,-0.01435212357712
"6891",0.635903271775003,0.0826112675382845,-0.0277098036549126
"6892",0.67803296680641,0.0761587537057138,-0.0539818522577227
"6893",0.601927391724572,0.0522337732887291,-0.0540183694151201
"6894",0.581893793560648,0.0556623471501573,-0.0499578815682873
"6895",0.622660267116352,0.0879176977486854,-0.0133555549845671
"6896",0.630861523009391,0.115481992615046,-0.0291833311024416
"6897",0.602182085542448,0.107513093093168,-0.0392963624120251
"6898",0.57685366354995,0.0892261321642828,-0.0522607195404265
"6899",0.594494417726362,0.115748979889391,-0.0476693649405339
"6900",0.616572999430171,0.095476780567316,-0.0489317251752045
"6901",0.638810066305415,0.0528362122797046,-0.0293172958836546
"6902",0.631564462339563,0.0904632668615259,-0.0414044979033002
"6903",0.607252763874277,0.0859073777577998,-0.0479355916118483
"6904",0.632593028091386,0.0801196592021912,-0.0197577806181754
"6905",0.601264830680266,0.05894287924373,-0.0589441817089104
"6906",0.631524788466979,0.0853639114921366,-0.0109195054941986
"6907",0.637837081971022,0.0629225442278936,-0.00755499389747257
"6908",0.668958744924406,0.0766634471190136,-0.0335486826190727
"6909",0.652207488677955,0.114563836438959,-0.0229301623522501
"6910",0.612612162145405,0.0897529641892747,-0.0209041064790134
"6911",0.691063437740645,0.0794657062173943,-0.0389946522828745
"6912",0.638762570303207,0.0833721283623795,-0.0485937434037169
"6913",0.59884196244666,0.0765670908548498,-0.0146790202914128
"6914",0.629114490272237,0.0862466637823969,-0.0666012491604999
"6915",0.627866160409556,0.047957557538712,-0.000292098834951682
"6916",0.610968969507364,0.065267314806499,-0.0074654984807095
"6917",0.710886667928496,0.136859053876489,-0.0533693688558104
"6918",0.692990664315162,0.099816179747367,-0.0140887007339408
"6919",0.625099617475275,0.0731926140432322,0.00175170366786449
"6920",0.627608216859475,0.115577241913862,-0.000763173021999422
"6921",0.643470042493553,0.0700083673196852,-0.00238275400266971
"6922",0.635630099854478,0.0949108514952903,-0.0176482487227453
"6923",0.623126783707248,0.133357781478653,-0.0622753521976388
"6924",0.652246050318147,0.0548920873165624,-0.0276638800789158
"6925",0.638032081403279,0.049768360627492,-0.0613399353989896
"6926",0.646402986775352,0.129197218451466,-0.0393940879306689
"6927",0.596519733729936,0.124501762390486,-0.0364178249193788
"6928",0.606877165634342,0.0915846141922757,-0.0570623840260736
"6929",0.629793950315298,0.0591033439027718,-0.024572239892032
"6930",0.635174448313877,0.0768495533771116,-0.0243865729822552
"6931",0.663546537196791,0.0883526246191176,-0.047481446572014
"6932",0.608035254977171,0.112608123547685,-0.0548323301091072
"6933",0.611998602848833,0.0468130499850072,-0.00386908529719583
"6934",0.599323111766843,0.0678545152794022,-0.0538809499560862
"6935",0.677694951903785,0.071143290979294,-0.0411444059722167
"6936",0.689145559729018,0.0998823117484592,-0.0688712682838291
"6937",0.614729783192078,0.140055701417107,-0.0370945977887259
"6938",0.639450050636868,0.104001131013152,-0.0331782795577947
"6939",0.619140440155077,0.132426337088893,-0.039215490558047
"6940",0.589624938302548,0.092727789841375,-0.0188641120327721
"6941",0.641214580140448,0.104098682218986,-0.0244977157135716
"6942",0.660766209339291,0.0920772064203151,-0.0107812337325701
"6943",0.595419885193911,0.0878211097900165,-0.0271579467428523
"6944",0.668809304541429,0.0918998812230958,-0.0704688110531427
"6945",0.644367605492072,0.097818903080976,-0.0308624344618522
"6946",0.646747405615935,0.0909804409824961,-0.0238185810438836
"6947",0.632510933424333,0.0847913918060055,-0.0538868210540555
"6948",0.661097202996743,0.0599479047389146,-0.0189764372585678
"6949",0.620478100378983,0.0670433593538976,-0.0321521892388836
"6950",0.647945628056923,0.0986281576407391,-0.0705304995021425
"6951",0.649917994569575,0.140939108700067,-0.00991421039193119
"6952",0.605762080129568,0.128566126290886,-0.0529506958926782
"6953",0.622207704048358,0.0956962090377456,-0.06860146317102
"6954",0.652077997007993,0.0907046234301382,-0.00328514555011596
"6955",0.616822295549081,0.124455330360447,-0.0213858441458887
"6956",0.660804691777105,0.107171910597411,-0.00587638952247105
"6957",0.614103821261015,0.109084933368813,0.00500539347057201
"6958",0.625052113833616,0.0942367933552892,-0.0394537163611881
"6959",0.613626919313383,0.0782300690960726,-0.0320307901002657
"6960",0.636107811913416,0.0984488093423699,0.00711645453836509
"6961",0.639795522371691,0.124560669835019,0.0154023056088134
"6962",0.64279804075555,0.0741793873223584,-0.00866177202017392
"6963",0.625874864458235,0.073133532618234,-0.0153863804750803
"6964",0.636600835048337,0.0775038521007935,-0.0495073844699831
"6965",0.633795739957067,0.0621268344400582,-0.0491620412007627
"6966",0.678770813244365,0.106538090197455,-0.0536369834235915
"6967",0.653662695888733,0.0875075851204189,-0.0379338688843206
"6968",0.573710597256419,0.0525187157494524,-0.0184851130630753
"6969",0.644413032840363,0.0769993731027623,-0.0549727961615512
"6970",0.601554461273675,0.111363070329036,-0.0299038967648656
"6971",0.602756379642602,0.0906308164772805,-0.0511994576099889
"6972",0.636263470743981,0.0725240776981891,-0.0618375392636901
"6973",0.64768737458218,0.0991130564547327,-0.0829098261810531
"6974",0.604857705807006,0.0799204292487999,-0.054475310912571
"6975",0.614986693671588,0.127590730449178,-0.0200027412258799
"6976",0.617857919994955,0.103283471740402,-0.0426495632382558
"6977",0.617182555562619,0.0681601447009931,-0.0343756361688379
"6978",0.573027158652766,0.08799198470259,-0.0431834613649057
"6979",0.664327085319388,0.0936140686851329,-0.0229705433712123
"6980",0.672824258953969,0.105993753144347,-0.0252947298625363
"6981",0.624105897681369,0.0874416093959798,-0.0511161992015653
"6982",0.618232969255358,0.0952859506610729,-0.061639275839239
"6983",0.618968739235853,0.0725457888443664,-0.042824225729687
"6984",0.654460902109081,0.0839373921748871,-0.0194614710224679
"6985",0.59722250069659,0.121134387435055,-0.0463113171238115
"6986",0.650420527537412,0.0679337601481676,-0.047121392761071
"6987",0.627202444035396,0.10205111000816,-0.0472360341024046
"6988",0.672660803265826,0.126582681992246,-0.0961713629462195
"6989",0.607403223115558,0.0732487742851421,-0.0159631920670979
"6990",0.67134316729363,0.10575781511609,0.0150988355648899
"6991",0.644388015675223,0.0586863236350292,-0.0619823859733951
"6992",0.609658310498146,0.0704837944801492,-0.101410469876125
"6993",0.665819356555709,0.0724729716874898,-0.0657184689446745
"6994",0.612268585361114,0.087306479198361,-0.0459859746682278
"6995",0.66397016764198,0.119557694089151,-0.0627794309632731
"6996",0.658166155745753,0.0920946837592063,-0.0218602644736161
"6997",0.659184820342511,0.0932889302930025,-0.0627467647489824
"6998",0.668213287816798,0.0854201965517178,-0.0221130345162607
"6999",0.612433202452243,0.0605496058507408,-0.0794254266144711
"7000",0.629038419610918,0.086354880123765,-0.0222875224035607
"7001",0.621587366590618,0.0884709840675967,-0.037472133997651
"7002",0.614878292217399,0.0707933534963625,-0.0539830412926924
"7003",0.649785581269844,0.0986135936325722,-0.0181022269738903
"7004",0.639252267726591,0.0839737960676432,-0.0204469743596062
"7005",0.644502050415441,0.0839556676303017,-0.0367675994125927
"7006",0.624353229035967,0.0922360410354336,-0.0198406672941077
"7007",0.644065476840086,0.088162032241111,-0.0536931851112698
"7008",0.597263452873753,0.12358532489832,-0.0505933864886288
"7009",0.606984407424106,0.078229156681671,-0.0483391534706626
"7010",0.618257728698122,0.0898464178290521,0.00296266328744198
"7011",0.634419149412058,0.115757562151734,-0.0469294403099308
"7012",0.618979797728711,0.0894244220652271,-0.0288971351993416
"7013",0.629064389045313,0.118002460556248,-0.0502382085551187
"7014",0.650682030194211,0.10884974034926,-0.0355193129138069
"7015",0.574264253709696,0.0744617109223706,-0.0457927608603887
"7016",0.580415112176464,0.088506936649742,-0.0409459129688992
"7017",0.597368901394422,0.0692622425790634,-0.073041365189025
"7018",0.672682788509307,0.0755135633295132,-0.0494862443512297
"7019",0.636789928204196,0.0796653789565813,-0.0101223714508294
"7020",0.653532234611182,0.0715901977333504,-0.0376434463704468
"7021",0.601554740650971,0.149811953840921,-0.043456252987776
"7022",0.628229289939103,0.102167551443796,-0.0719425630453452
"7023",0.628620025674092,0.0965582741498893,-0.0275332686855418
"7024",0.61040919655077,0.0939927475453855,-0.0150595259314028
"7025",0.584592515966218,0.072030568142505,-0.0268076611075504
"7026",0.653160910775931,0.0727321631348553,-0.0251888979740962
"7027",0.65468811838022,0.0891365016018283,-0.0488744810239463
"7028",0.630876495717287,0.0843471332327271,-0.02159801806647
"7029",0.615010403527552,0.0957305471164563,-0.0903002081473411
"7030",0.673905690382624,0.0827518510881432,-0.0405453114340183
"7031",0.621114184353916,0.0805541540601015,-0.0358031084340593
"7032",0.604559573971916,0.0726762230231469,-0.0378016731584924
"7033",0.603315104268815,0.0880563760308181,-0.0592008866575326
"7034",0.595794096026547,0.0952160097296081,-0.0272237258775837
"7035",0.619834546499404,0.102958929353526,-0.0115741409213272
"7036",0.670547518947686,0.0935449539501024,-0.0709036823643663
"7037",0.702776232859278,0.0989098658963638,-0.0146255236098381
"7038",0.604363925726231,0.0934873251627865,-0.0394106520395208
"7039",0.665874473647394,0.122192975361462,-0.080038791726554
"7040",0.616985848716931,0.119967266169576,-0.0410968304487018
"7041",0.657061767508863,0.117310528470987,-0.00138667282931639
"7042",0.577860562933755,0.100467306686696,-0.0633076867540552
"7043",0.607545763839151,0.100504974767893,0.00240496901890557
"7044",0.644850863685199,0.102747281189042,-0.00420562876924389
"7045",0.596319092562522,0.101285753439078,-0.0187680732469356
"7046",0.597732667540451,0.0690722681895889,-0.0104592676334086
"7047",0.612808869190836,0.0709420204140984,-0.0622913350204201
"7048",0.653381116281123,0.0523910480974515,-0.0331112414816601
"7049",0.676708985411064,0.12419802953973,-0.00213444365677211
"7050",0.608071558442895,0.113494663198479,-0.0339458437477309
"7051",0.662314410590585,0.11305304165367,-0.0140449573890378
"7052",0.642826077977489,0.154097348252302,0.0080966424500017
"7053",0.657928470112593,0.083000560634407,-0.0217980036279698
"7054",0.617157785917864,0.0853410598864651,-0.036740980647491
"7055",0.597855069600136,0.0926163012273383,-0.0310106076261044
"7056",0.651848908990593,0.0597022914263371,-0.0178493913705978
"7057",0.60773290494601,0.0947944951083599,-0.0650600446771723
"7058",0.623716163320786,0.0548709347397653,0.0182765486746816
"7059",0.618407692918324,0.0979902031232997,-0.0334715435067029
"7060",0.598183720790337,0.0824171316611981,-0.0329539577219258
"7061",0.65012222837093,0.0715039508931885,-0.0543830996645723
"7062",0.641435274804216,0.0715694372349125,-0.0156022169007804
"7063",0.683368989535232,0.0449271113705935,-0.0192342853461158
"7064",0.611855545017937,0.117870332698591,-0.0281315091775959
"7065",0.646982207048861,0.113905966673029,-0.0260201980790044
"7066",0.623788850055165,0.102346060765581,-0.0262445598325833
"7067",0.618445149603152,0.0413376786450423,-0.00878666937363237
"7068",0.664534607630849,0.0970019718577145,-0.0864243940606061
"7069",0.62087030112476,0.104981858920556,-0.0331439637149915
"7070",0.679679307457621,0.091480488924665,-0.0745898493121781
"7071",0.632153007037945,0.0690672868513384,-0.0744476447968025
"7072",0.600106247194889,0.0867585096763368,-0.0323625822959789
"7073",0.595988365834723,0.0772908476387264,-0.0707494955736895
"7074",0.598051353533467,0.117562078449896,-0.0273859818883017
"7075",0.673161846548367,0.0712346837358601,-0.0194895877882248
"7076",0.678902153061735,0.110602279627856,-0.00671088106829537
"7077",0.594184970031153,0.115894694237009,-0.0514630883670764
"7078",0.651265826163269,0.0739607638816762,0.00523916503550806
"7079",0.667080271603407,0.105397480968833,-0.03231760415158
"7080",0.610511369419486,0.111241833789393,-0.0141801834359302
"7081",0.667369160648085,0.104578378118577,-0.072268792760789
"7082",0.6591326120513,0.0567946071460303,-0.00705464934794921
"7083",0.647877808097277,0.0569985475179922,-0.0283403709902939
"7084",0.607953789412239,0.0861462957838776,0.00752659879315301
"7085",0.668603062269523,0.0961273020714388,-0.0427198744641057
"7086",0.668974725901486,0.070689741654829,-0.0398895837541783
"7087",0.62347238097342,0.0856495574201405,-0.0671181374934338
"7088",0.666013045829342,0.145396765235463,-0.0262771413485184
"7089",0.636330512449811,0.131135823465294,-0.0318055864063468
"7090",0.639462862707243,0.0798910143235058,-0.0446636100924585
"7091",0.61105326023234,0.103365582410622,-0.0218284884343724
"7092",0.678740735590375,0.121705063809,-0.0805851205241788
"7093",0.541124056079561,0.0719233147566613,-0.0368820097120381
"7094",0.609991571482412,0.117567534686157,-0.0455611850776217
"7095",0.624081593229482,0.118031053413879,-0.0359452055861395
"7096",0.671734352843144,0.136768156867598,-0.0238046076181904
"7097",0.664107322691865,0.0998794097705074,-0.0682586567793306
"7098",0.670747540490792,0.0883102552752087,-0.0549444922229074
"7099",0.640448022751098,0.109887663150934,-0.0107763927358299
"7100",0.585117804962189,0.0505399408173344,-0.0505533455672877
"7101",0.641453906627079,0.108581306145071,-0.068360010223738
"7102",0.657408205982393,0.102543548481593,-0.0177012030851713
"7103",0.626565320955194,0.109034906006091,0.000142863401715182
"7104",0.672371962863622,0.0692996049737988,-0.0152087959368538
"7105",0.635287320806585,0.0694984963502907,-0.0599619490774098
"7106",0.575145147268217,0.100518072393487,-0.0543631931233003
"7107",0.686645484237859,0.119273084856032,-0.0645238825146753
"7108",0.632926471286147,0.0962880663245584,0.00674350588712291
"7109",0.651429590639884,0.0487687346576272,-0.0440749470450189
"7110",0.597188539019324,0.125677903207898,-0.0582409681309067
"7111",0.671512544122539,0.0932503698636309,-0.0320707088044604
"7112",0.623217082772061,0.0501631674989191,-0.0543212237382012
"7113",0.590034396997179,0.0682689448303832,-0.0246122616256902
"7114",0.657219221270349,0.136386443272706,-0.0561993568175104
"7115",0.659085501592402,0.0771252155910941,0.0219252408386062
"7116",0.632117198962949,0.0976405326554051,-0.0511176000500645
"7117",0.609949906369198,0.0653454896370219,-0.012542617922031
"7118",0.625702962647616,0.107055171473552,-0.0501946554645877
"7119",0.65989529673809,0.123314827273334,-0.0195761119140889
"7120",0.685644378097005,0.0922238646394121,-0.0456312197528391
"7121",0.653518963630709,0.103652722769805,-0.0200976620873676
"7122",0.601478988784754,0.0781077564360272,-0.0437657039659941
"7123",0.567513731278292,0.127789670554521,-0.0479146038358739
"7124",0.634128489240572,0.0951372068101283,-0.0123686088642687
"7125",0.617542702867863,0.0942134062740616,-0.0449891186292757
"7126",0.671486654501802,0.0721695261136953,-0.0181708710618062
"7127",0.622905135029375,0.0643781446879596,-0.066588700653867
"7128",0.694485406490244,0.126358230661237,-0.0532930347347262
"7129",0.605746182983377,0.105578897930011,-0.0741407862419893
"7130",0.657162486736475,0.0772562374004141,-0.0643601794685176
"7131",0.62904294176587,0.103938894038136,-0.029638456162183
"7132",0.60369826948637,0.0799054173980974,-0.0376037825826307
"7133",0.639743913165437,0.0849939392924475,-0.0331248287411648
"7134",0.628508500770904,0.0906061346876989,0.0183507033781243
"7135",0.674965894218791,0.13876944787045,-0.0347403000085412
"7136",0.605213351515124,0.0872909960857272,-0.0251884026816544
"7137",0.641400539665491,0.0843286647600459,-0.0497009646998217
"7138",0.660180210515726,0.0655638056104421,-0.0182005088214643
"7139",0.650292431802601,0.0815195866277246,-0.0452756987087172
"7140",0.583319738342794,0.0257121240360533,-0.0220510492199336
"7141",0.587179962530081,0.108076911575652,-0.0296394052798923
"7142",0.650329477383319,0.0972673519736925,-0.0576390715650932
"7143",0.636395330294154,0.111220620932223,-0.0273294658897107
"7144",0.585982228577253,0.0851878077192638,-0.0558209506145731
"7145",0.66906505256691,0.135953834937402,0.000847466778810396
"7146",0.630169343699431,0.0726271076081759,-0.0364435800319372
"7147",0.623811302842394,0.111037673647795,-0.0567269490685315
"7148",0.655398829343545,0.0888289042128657,-0.0624949070492414
"7149",0.567039654276649,0.0907677590273707,-0.0428631304781046
"7150",0.612068946579795,0.0832492131223998,-0.0536283921550883
"7151",0.544895011964499,0.0692387225793334,-0.0464042070964498
"7152",0.587660852677662,0.131177600838958,-0.0336788969875806
"7153",0.66612211929286,0.126549594109437,-0.0393157847172173
"7154",0.622659190883773,0.0781189621184911,-0.0662696046153986
"7155",0.607163464073159,0.0551196451609962,-0.026342005588668
"7156",0.645604710016792,0.0924838652580883,-0.0628856684548005
"7157",0.641411813445751,0.0852483469364929,-0.00771636517991782
"7158",0.648014243705149,0.071135792479807,-0.0399309396788462
"7159",0.603418604693823,0.103205221044242,-0.049681931102533
"7160",0.624320045757184,0.107275798650896,-0.0322155039214242
"7161",0.689799604957937,0.070543124732044,-0.0530957477533179
"7162",0.589513994086027,0.105523957008236,-0.0303571772867049
"7163",0.562589406674902,0.0983683191284302,-0.039836332566762
"7164",0.561184180236425,0.12165176034064,-0.0215791013147786
"7165",0.660600337847254,0.0753091112122733,-0.0328399948665907
"7166",0.602722062926786,0.0593104828743053,-0.0217423353703404
"7167",0.697810179676353,0.117737107270821,-0.0676348266286946
"7168",0.592865907127488,0.068804000422147,-0.02227898155798
"7169",0.622553532038602,0.0818002045189523,-0.0483716280636033
"7170",0.603102912208171,0.116618981870342,-0.0511924933841977
"7171",0.636482608845161,0.0923310841961973,0.0039047729799791
"7172",0.634240674397027,0.0537936339753428,-0.0479969702990378
"7173",0.609193055770824,0.0508148908878012,-0.0330605614613405
"7174",0.643057099714917,0.0802803268989945,-0.00264132312689958
"7175",0.651567937601163,0.0911845864828934,-0.0231547490038868
"7176",0.609132937721946,0.102021057704548,-0.0361538549012735
"7177",0.650105024600907,0.0933854008964832,-0.0224888551881606
"7178",0.619821455284731,0.0712188540659044,-0.0283955856337214
"7179",0.654651053482162,0.0639940483154477,-0.0423161339241796
"7180",0.544987520532698,0.0985715880509866,-0.071580303986479
"7181",0.614203369235056,0.0875053408950784,-0.0529606352430836
"7182",0.643669045098296,0.0817767992207618,-0.0129569786711466
"7183",0.604513804246382,0.100144355352909,-0.0446439728229966
"7184",0.608377823860932,0.0929273914472336,-0.0381108716880375
"7185",0.659289356103726,0.0912232931517061,-0.0530800347211432
"7186",0.636692383286849,0.0999358814911392,-0.00493841502266523
"7187",0.587514175460591,0.140605920696674,-0.06139243606168
"7188",0.628712996591745,0.099522086385105,-0.0547384146544562
"7189",0.690899777434467,0.141892105616631,-0.0177287123617624
"7190",0.633741739195837,0.059313538362916,-0.0376629086941172
"7191",0.61546470819215,0.109638310075934,-0.0193328284087251
"7192",0.603723676237188,0.104795657408834,-0.0120419525446271
"7193",0.627990871900071,0.125761994516833,0.00108147771760176
"7194",0.65581928222352,0.115525508485452,-0.0194358498695031
"7195",0.609500921197986,0.0823667219085773,-0.0385487825337882
"7196",0.674927704413289,0.0551643951774323,-0.0624568718137062
"7197",0.662870082815405,0.0773176953980027,-0.0884042297082779
"7198",0.598665538098501,0.0928483250768533,-0.0156306531098273
"7199",0.636481981267301,0.0832908918992626,-0.055453518239849
"7200",0.629309376565476,0.107149113206766,-0.0327231190547383
"7201",0.653671037772589,0.116331599180866,-0.0371144414568475
"7202",0.606589201908015,0.10330832629802,-0.0174148846422645
"7203",0.60460325808419,0.0719863819881378,-0.0453577654478393
"7204",0.594376401822558,0.0832904971133856,-0.0608030377516196
"7205",0.631468465939965,0.087042238256557,-0.0174142806503348
"7206",0.646602991236392,0.0777321688847165,-0.0268700319004974
"7207",0.635194313901548,0.0821716004630993,-0.0392364997563086
"7208",0.662356476833385,0.0840377409282831,-0.0716409407100819
"7209",0.626196845038621,0.0974587375068856,-0.0166040370356834
"7210",0.595055930304684,0.0873146646355739,-0.0397577461496538
"7211",0.655465518495462,0.0717700009463356,-0.0475538007180578
"7212",0.629060034682076,0.0586013697020909,-0.035415716190628
"7213",0.645593096012586,0.0904732318838125,-0.0318161805130697
"7214",0.663696203724765,0.0889761074837132,-0.0422559139381712
"7215",0.577885339861765,0.116845761786298,-0.037827836391502
"7216",0.679740172944689,0.102809390925146,-0.00426808582876527
"7217",0.620521092544669,0.0818748014979112,-0.0215891949273535
"7218",0.615191730520308,0.0626631072762329,-0.0359766143183718
"7219",0.636413017554469,0.0829848759147105,-0.0446112546584091
"7220",0.597982050812084,0.11495426459747,-0.0334376628683515
"7221",0.62638367009579,0.0847379165169279,-0.0205575864101614
"7222",0.665222357343374,0.109890485792298,-0.0297148572351044
"7223",0.631926597414882,0.0983521888743917,-0.041309670302822
"7224",0.617359626515927,0.0820358526358347,-0.0681840877566144
"7225",0.650533480280093,0.113752237654617,0.0102415849489337
"7226",0.652646149391382,0.0671812132027684,-0.0236793762039859
"7227",0.598823143177789,0.0836033769514282,-0.000515925097465765
"7228",0.672442194692602,0.0881312623257717,-0.0131901462523933
"7229",0.638448558139377,0.0729284567634998,-0.0679442616319873
"7230",0.642705224831911,0.0876709085231928,-0.0178480549613151
"7231",0.633010229900098,0.0710481500523854,-0.0477241092512081
"7232",0.624606998338261,0.0663954496117923,-0.0109805296734929
"7233",0.609367318836994,0.106478511814747,-0.0628942079098886
"7234",0.612023067730099,0.0626878248748364,-0.00223764522791117
"7235",0.65456347355722,0.0925856731150454,-0.0798415815593389
"7236",0.662150660493216,0.0757693377994997,-0.0567514633104984
"7237",0.652852845360464,0.0977968905481635,-0.026996655068159
"7238",0.582804690303426,0.117011986358666,-0.0367290392394824
"7239",0.642026369322214,0.0924641506019024,-0.00607038796406763
"7240",0.674304573581236,0.110208032602923,-0.0442372678773117
"7241",0.60963310652838,0.0835929834981356,-0.0426170560010512
"7242",0.674226674131801,0.0912249714861407,-0.043248275594316
"7243",0.667335147492965,0.111143224438932,-0.022540114750981
"7244",0.624404896041564,0.054018956742341,-0.0447579686762616
"7245",0.630844714828882,0.079641604687151,-0.061002266579916
"7246",0.598643471179803,0.082482983607547,-0.0332677296655496
"7247",0.658563299481226,0.0829301678648901,-0.0185486701767003
"7248",0.647863823068304,0.0824595923418863,-0.0492356618682475
"7249",0.715032738173025,0.105882191252047,-0.0377160714242209
"7250",0.630219256974234,0.0711733870739151,-0.0591346210584093
"7251",0.605124749769789,0.0993262720205888,-0.0728426040665932
"7252",0.631848859884464,0.112513395229567,-0.0344854351538757
"7253",0.626388778665836,0.0935774027386131,-0.06784801679764
"7254",0.633717853686073,0.0608237322108479,-0.00268412152907808
"7255",0.616795778329473,0.0852366824404092,-0.00894515586954569
"7256",0.581830204793515,0.1077539286381,-0.0194435293660271
"7257",0.577273213496293,0.0763141522323977,-0.0361585073943339
"7258",0.602509220407039,0.0918443912785951,-0.0253828953993287
"7259",0.578646948954429,0.0691177731185249,-0.0470911663796184
"7260",0.63469179772325,0.123301409371541,-0.0269762834495651
"7261",0.579188106334658,0.0542882073622021,-0.0428161062383866
"7262",0.648979819413863,0.0841040632742,-0.00850339269347079
"7263",0.5943832472488,0.114310713875171,-0.00429876180586836
"7264",0.587692664117499,0.080781724561972,-0.0473063720578831
"7265",0.644744834272247,0.086700889531481,-0.0382922244725691
"7266",0.658619444990648,0.0769121874097297,-0.0087325080805679
"7267",0.631981550346854,0.0863399436856278,-0.0806891274311113
"7268",0.629562404475006,0.070036258449373,-0.00967487030639536
"7269",0.649901243332378,0.0983133912180536,-0.0368083959509247
"7270",0.642671897781399,0.0941392683535488,-0.0471297571446194
"7271",0.64381173098277,0.0492097455347446,-0.0330313780883655
"7272",0.619896218920769,0.0922215586092847,-0.0510279032718734
"7273",0.659331151187994,0.0818460988959818,-0.0406596218458705
"7274",0.618972943618845,0.0851763948871028,0.00411491999978761
"7275",0.617003765046263,0.102649677218434,-0.0308799672283956
"7276",0.641006016671327,0.0908387053294429,-0.0584945185525806
"7277",0.626432982440989,0.0929607472648328,-0.0521763683288422
"7278",0.607483029691016,0.10166025414175,-0.0109781651385051
"7279",0.663870337569489,0.0673824151104951,-0.0664747831140853
"7280",0.630061188465698,0.0846173120410189,-0.0227328197412318
"7281",0.62011001345115,0.108126075302186,-0.0351141577800642
"7282",0.63956231659549,0.066119790413169,-0.0435020572216972
"7283",0.689856976464252,0.104776638939803,-0.0483834504721621
"7284",0.630274007930132,0.100340148911539,-0.00431773037837949
"7285",0.643142345292886,0.117586430239389,-0.0155120246684125
"7286",0.625232725483814,0.0787588185685589,-0.0659827897631811
"7287",0.643410339236848,0.113402922067265,-0.0533443328278002
"7288",0.617740339637189,0.117361374172121,-0.0442157086858073
"7289",0.626004078152671,0.12226956338197,-0.0108524083145994
"7290",0.61155383285031,0.068598362763535,0.0240533110542076
"7291",0.640321179613001,0.0963921805714277,-0.0386239382027157
"7292",0.628594953685834,0.0737509274164678,-0.0375369768387243
"7293",0.654889407152543,0.130128553833189,-0.0363622402074886
"7294",0.635068338792715,0.109816845161863,-0.00861448596081147
"7295",0.622248962222856,0.089092438752503,-0.000722670541928351
"7296",0.592652479723071,0.115856284333979,-0.0234089057705602
"7297",0.634738584649053,0.111716629153363,-0.0440478460369712
"7298",0.646085453968367,0.0821200877442299,-0.0375874045541732
"7299",0.589464577725173,0.107038222648458,-0.0168983105240567
"7300",0.634624576173694,0.119533962321158,-0.0403835125260669
"7301",0.616628488183256,0.0874780512970377,0.00339909953671427
"7302",0.688404801777371,0.108045743440701,-0.0112720987294158
"7303",0.629613550178318,0.103755316723785,-0.0388085746365042
"7304",0.671772435819199,0.0963597494737305,-0.0382501790192209
"7305",0.665788703924774,0.0722002424213791,-0.029014155508199
"7306",0.604788637004471,0.0955571307162418,-0.0142985194367594
"7307",0.639226612157126,0.0871662212399486,-0.0401870375259191
"7308",0.62679176756583,0.0656877653171041,-0.062532134079667
"7309",0.629468325401995,0.108688921573735,-0.0135498456953732
"7310",0.59356968360315,0.0654563314406701,0.00538759082322452
"7311",0.629315242709702,0.113482046030286,-0.0353271100102578
"7312",0.669914333970132,0.128324251033119,-0.0206322412327646
"7313",0.624455592727582,0.0833337771002726,-0.0397392971898773
"7314",0.625160786191949,0.0780417937606922,-0.0175266660753745
"7315",0.603345586946164,0.0933651297768306,-0.0817280054460574
"7316",0.634416132973784,0.112260645602698,-0.047171310856865
"7317",0.63827811243492,0.112268148698988,-0.0544062475395564
"7318",0.593964979875844,0.0794968023482015,-0.0336934386157381
"7319",0.597920609061985,0.0793318746875805,-0.0453921429331305
"7320",0.677331696288075,0.0902934295882813,-0.0203277093873266
"7321",0.663127143348242,0.108796777920912,-0.0541292141478723
"7322",0.642721970704296,0.0670741424304091,-0.0657442274601646
"7323",0.652622640970802,0.10108540194251,-0.053218283891096
"7324",0.629870519461008,0.100833686377554,-0.0217961267966464
"7325",0.590034280529022,0.138160173716795,-0.0660360256757468
"7326",0.67448263970078,0.107275644540215,-0.0192550945189099
"7327",0.666986876170054,0.116470064811063,-0.0654068777373372
"7328",0.641171364643754,0.121527626416245,-0.0344954657150623
"7329",0.602873182392412,0.0819737657657631,-0.00788441869449797
"7330",0.644267808166925,0.105456750469785,-0.0366162998318398
"7331",0.647677427995277,0.101528255866071,-0.00970617473907602
"7332",0.619840357657502,0.12046494936665,-0.0167699574008578
"7333",0.61680591778469,0.0861738315252303,-0.0176641679200317
"7334",0.638222035214964,0.100304920342647,-0.0267562144421767
"7335",0.647042593468315,0.0799087918558878,-0.0194750451806713
"7336",0.662126258873378,0.0957503159773743,-0.0184664819520757
"7337",0.660422888073626,0.111659023941273,-0.0829206945075672
"7338",0.596969670621658,0.064529363582781,-0.0102647633842434
"7339",0.642020548163546,0.0538386353538946,-0.0165551971741905
"7340",0.617845610201574,0.105826663767444,-0.00946856222975615
"7341",0.681108469653237,0.117944695714512,-0.0467839536862244
"7342",0.659952339993953,0.0836776851601696,-0.0486814897039391
"7343",0.593446376255504,0.132368584759761,-0.0150370139439211
"7344",0.569420640160383,0.111371386269928,-0.0338492929282211
"7345",0.675426704233113,0.0706193487321688,-0.0533375965513068
"7346",0.647873681051024,0.0827125368107676,0.00233044813536062
"7347",0.614546620484171,0.0580420445587621,-0.0112482765624109
"7348",0.639105619784154,0.0846620128655369,-0.0408433786640756
"7349",0.632501955424804,0.10156223869913,-0.0455677724748344
"7350",0.590492428780027,0.115670042434022,0.00437154444509332
"7351",0.61373274157214,0.054369787116953,-0.0440732636856706
"7352",0.594352489065089,0.123402922059054,-0.0388053123977582
"7353",0.607579751425763,0.113255574708989,-0.0471382290293711
"7354",0.59734228044085,0.0845507639614664,-0.0235642922632406
"7355",0.691968061484594,0.0736248239873495,-0.0343915840788729
"7356",0.641670036849483,0.138297918255881,-0.0480726636058183
"7357",0.590474067844843,0.104184293901421,-0.0192806416001676
"7358",0.625170511029387,0.085110454731198,-0.0419056961244452
"7359",0.641313455621332,0.0877353166757649,-0.10296548608593
"7360",0.630636780439706,0.0679077790921874,0.00285227865815429
"7361",0.615622801404791,0.0654023959847953,-0.0639237331868409
"7362",0.635796518471253,0.107270481694447,-0.0443094633490019
"7363",0.547948597065595,0.0818653042767284,-0.0591629262860493
"7364",0.655833809084743,0.137996476886159,-0.0388302422496107
"7365",0.626822812418641,0.105572368635923,-0.0460397042509051
"7366",0.620664131967858,0.0766601232097333,-0.0186268708564516
"7367",0.667947374196472,0.138830406716511,-0.0380124168425479
"7368",0.596642306300987,0.106213434144468,-0.0542632109168786
"7369",0.654169422376684,0.0899462284091028,-0.0222794777871725
"7370",0.672429709668058,0.105370235125105,-0.0373702026642409
"7371",0.646787963835629,0.100099993614097,-0.0545246163279264
"7372",0.575549369214094,0.073310310116834,-0.0429590037531266
"7373",0.565725924234388,0.0622076402189354,-0.0699036258288138
"7374",0.659472407991185,0.0812431263471611,-0.0176388705735379
"7375",0.671053562706823,0.113336120774521,-0.0463688688477642
"7376",0.633389267313446,0.0735347805019338,-0.0244766678330169
"7377",0.679772343116369,0.0830254109237835,-0.0270937504005667
"7378",0.595485629973901,0.0866824678799324,-0.0329286225412742
"7379",0.643000614724946,0.0613414777787358,0.0099749033599625
"7380",0.607766148537902,0.103288902066554,-0.0470389944700537
"7381",0.593593678542173,0.101640538976981,-0.0451828051779385
"7382",0.642622449101331,0.110475918712671,-0.0522171127124601
"7383",0.615986770817668,0.0943996048306384,-0.0703516345314716
"7384",0.675091824084436,0.0881080780282416,-0.0465792997130781
"7385",0.603952023101562,0.0692454664662031,-0.0346061363312827
"7386",0.639417891828122,0.0603654651990847,-0.0111569446211147
"7387",0.602459442009857,0.118713327779945,-0.0335337273306266
"7388",0.616290502988284,0.119725111039649,-0.0223547312939471
"7389",0.658946956705597,0.100748189463883,-0.0202565649998437
"7390",0.628448768055782,0.0760284440975858,-0.0456842721763467
"7391",0.661673392694081,0.11596230193792,-0.0738429633000353
"7392",0.63761018000545,0.0935847711226788,-0.102162025961355
"7393",0.613509428887894,0.103800881875789,-0.0361728928718685
"7394",0.627920545426325,0.0854019447123011,-0.0393481595174221
"7395",0.661786667367799,0.0513220858288016,-0.0458860616495614
"7396",0.647195013005913,0.0626906752026646,-0.04997133978296
"7397",0.636629764294089,0.0787985420688357,-0.0872774430869839
"7398",0.662982663047295,0.0612441626697043,-0.0389585466814895
"7399",0.593133243103996,0.11205256363291,-0.031691338275766
"7400",0.644781929681396,0.0818715236595442,-0.0441734513069222
"7401",0.656847074257341,0.12427545724552,-0.0355401834226567
"7402",0.649829463740549,0.100630944673192,-0.0103853036516606
"7403",0.66412644638214,0.0962952105313939,-0.0192549566658594
"7404",0.665212486697735,0.0874043123554921,0.000896595574229345
"7405",0.65540000289732,0.084875819613312,-0.0385587421759221
"7406",0.631241892853275,0.079922772600243,-0.0332360033666685
"7407",0.637147440826844,0.0901344754125204,-0.0623794257779586
"7408",0.636442800763327,0.118263423157471,-0.0428948783189053
"7409",0.667826001029861,0.0743699745794787,-0.0503164067768266
"7410",0.633141503049148,0.103990865698611,-0.0520505068509279
"7411",0.622255333310513,0.0922417717908939,-0.0122330835875368
"7412",0.683260291078488,0.133295778301632,-0.0334018533338429
"7413",0.649345530213259,0.0839646704763686,-0.0326267543865857
"7414",0.659514173224189,0.0778200542193001,-0.0312440804644503
"7415",0.645925848122998,0.137491029477583,-0.00914093086195145
"7416",0.662604721360955,0.10801622220068,-0.041444703797425
"7417",0.644138557236994,0.0776168142576105,-0.0261547574036871
"7418",0.679227791717531,0.0811148597755996,-0.0596964610363247
"7419",0.671671202693397,0.0951452717272603,-0.0685472266750926
"7420",0.64758276218137,0.0768703272256761,-0.000502450726565157
"7421",0.656472504923808,0.0881802484169975,0.000765595676291919
"7422",0.576129251444181,0.0780635060023313,-0.0288775349860788
"7423",0.664725557547432,0.0878885550750937,-0.0864633070229724
"7424",0.640271088341236,0.116373288816422,-0.01958641252602
"7425",0.655146504333115,0.117550401195043,-0.0488793380737548
"7426",0.642309627776127,0.0693945798579332,-0.0400661858755708
"7427",0.620155764798057,0.0971022687615827,-0.0487199354353776
"7428",0.63024952792128,0.0961605795346397,-0.0471243099840903
"7429",0.632758703543946,0.0995942966340149,-0.00657410169377389
"7430",0.611531932210624,0.131925365800484,-0.0170926518692789
"7431",0.666112843950364,0.0777697652139238,-0.0357282489353456
"7432",0.571288640756365,0.0741663325023654,-0.00980129693440759
"7433",0.583491181984284,0.0739139201789682,-0.040869049834659
"7434",0.682048945888984,0.125095053499781,-0.0183003385957936
"7435",0.61737951833555,0.0580667804338897,-0.0360087097591879
"7436",0.631223268586332,0.103474404458437,-0.0404508998990009
"7437",0.657552308503006,0.110615505410436,-0.0460528852597469
"7438",0.64502871035056,0.114505959000993,0.00113009440184745
"7439",0.704978939540068,0.123141091708907,-0.0630735574771849
"7440",0.704783372274636,0.112472046536042,-0.0479852678788026
"7441",0.599469008513897,0.113754558787244,-0.02016808964764
"7442",0.684573919287466,0.0670597047455874,0.00841161751146061
"7443",0.616651506147215,0.0759325725519899,-0.0230876292927789
"7444",0.60400326086472,0.0501299103247625,-0.0162499204300083
"7445",0.682126686602709,0.100690256083364,-0.0594744128511465
"7446",0.626449395087696,0.121593391952173,-0.0312625254543935
"7447",0.632358448902004,0.0576482445233994,-0.0510629443148445
"7448",0.652916571523935,0.104039188880904,-0.0265002156100578
"7449",0.681873237755137,0.101681412158596,-0.0227205143123695
"7450",0.594709136213967,0.0809609614888828,-0.022646206559985
"7451",0.67724801461963,0.0966596973998987,-0.0201990608195432
"7452",0.652188250739976,0.0540555067196528,-0.0628392109118063
"7453",0.68208466440707,0.0931356044586927,-0.018770237882392
"7454",0.602311592713211,0.0829270033110677,-0.0531335819722342
"7455",0.595833191545316,0.0434564961566867,-0.0690319144473328
"7456",0.636531917868171,0.100375393925128,-0.0544230170458475
"7457",0.616485037233022,0.100853566049066,-0.00672945807539855
"7458",0.676389215557641,0.132206347663366,-0.0452224340536278
"7459",0.626616928390703,0.135354000034523,-0.0317385653735131
"7460",0.626499667381306,0.0848834919608419,0.00117873328831072
"7461",0.640734040415882,0.092001942489572,-0.0528447703296251
"7462",0.63017735701,0.0732015695187819,-0.104848904779953
"7463",0.601128592656539,0.0888089545538992,-0.0590861952744888
"7464",0.627123366131175,0.0976275632104487,-0.0274412461490966
"7465",0.655176147058422,0.0401447888832147,-0.00975762983427279
"7466",0.569004841781686,0.0427267439556517,-0.036354726495747
"7467",0.635043532856605,0.0748784475462931,-0.00709705165082865
"7468",0.639509943022082,0.0790378747585418,0.0304042815588036
"7469",0.614019785952101,0.0870644986160413,-0.0417283658467744
"7470",0.592504922843362,0.0989758031738005,-0.0256113062974169
"7471",0.658614031353389,0.0908641861330584,-0.0486584822286675
"7472",0.588964799574634,0.102188116063733,-0.0392274720114847
"7473",0.608253338150831,0.0955895176708465,-0.0396487424797994
"7474",0.628952581310259,0.147901079201049,-0.0139674097112977
"7475",0.707983552783556,0.107823179557458,-0.0866269219251886
"7476",0.58430934413889,0.0556548716446928,-0.0250097816144344
"7477",0.654933134995573,0.0866025594619569,-0.0750145507085007
"7478",0.585398223755881,0.0719139493416354,0.00617781083337026
"7479",0.626658594341786,0.0619470078304857,-0.0580722836902665
"7480",0.63319100344519,0.0786633951170464,-0.0149981040314114
"7481",0.626139912224113,0.06268119930832,-0.0371305004540681
"7482",0.690876410370053,0.097200779703418,-0.0436690552067835
"7483",0.626621888150748,0.0598422512734582,-0.0118279305675226
"7484",0.595465367345132,0.10040955783958,-0.0356598048527471
"7485",0.637719020838529,0.0824907478745594,-0.030995722321232
"7486",0.625435153317012,0.130032567601199,-0.00944399066778639
"7487",0.585807616426734,0.0907767241805541,-0.0437563430926015
"7488",0.623669459347911,0.0717701933221786,-0.0319882346204219
"7489",0.642220186482531,0.136499881771742,-0.0103747873040449
"7490",0.582827170907431,0.024008951061778,-0.0419556121727955
"7491",0.644669502846292,0.0716184896678916,-0.0363257574745627
"7492",0.623362474680527,0.0992638729235011,0.00977973154883961
"7493",0.595091072305415,0.0712954892307582,0.0225556063955588
"7494",0.668283131863656,0.10867632823139,-0.0234235103614968
"7495",0.633840957350295,0.116708153683661,-0.0464945993071661
"7496",0.646133798646438,0.0248104467309135,-0.0375799144573794
"7497",0.634468466891201,0.0988147342960829,0.00131892969869802
"7498",0.639485829723631,0.0744203225990554,-0.0453498384060452
"7499",0.694757727216094,0.122976223941135,-0.0425157262585717
"7500",0.638157032636032,0.0861771492894389,-0.0476375099062306
"7501",0.613675777524427,0.126802994188581,-0.016985046562605
"7502",0.606557908632665,0.0959684586672023,-0.029364078697014
"7503",0.646389214707882,0.118829618939071,-0.0556283316660232
"7504",0.671086167406557,0.073067683365095,0.0195122506736651
"7505",0.573983721113245,0.0660520079861179,-0.0368641163521222
"7506",0.649785131863997,0.0980804454629982,-0.0548495807640713
"7507",0.706579235924329,0.134376331656339,-0.0473925885054035
"7508",0.637693198170469,0.0546833333808717,-0.0370818091659093
"7509",0.607705808295221,0.0945066917851143,-0.0325024783899023
"7510",0.636032776912447,0.0438760633474307,-0.00697388874918255
"7511",0.600773366799826,0.0792224861838152,-0.0534157742508703
"7512",0.698954954827257,0.109876162529781,-0.0961827124571296
"7513",0.63009477071679,0.0761333806593612,0.0131499532607404
"7514",0.668222778219415,0.0714695097389837,-0.0523254319528067
"7515",0.648459752857131,0.091880070494914,-0.0317117462856845
"7516",0.623332133598999,0.061620889713032,-0.0173006329149377
"7517",0.641777099896531,0.0992284890905137,-0.0331655420090679
"7518",0.637596810556472,0.13353422437012,-0.0437445499967283
"7519",0.607715035337944,0.116445828248181,-0.05570352342842
"7520",0.587137552371604,0.058975652884536,-0.0215802049198154
"7521",0.634812544707879,0.106145816705123,-0.0505616363101935
"7522",0.608257550574027,0.108712435077794,-0.0402114483681172
"7523",0.60979261638243,0.0959537977838556,-0.0447651776503514
"7524",0.643661594770852,0.0910703749960012,-0.00590913604139172
"7525",0.629851882094248,0.0916616266202135,-0.0677579712422934
"7526",0.618508674220493,0.0765997884200082,-0.0340501446146661
"7527",0.660570028819812,0.103408226484918,-0.0398550146717854
"7528",0.666571884685226,0.0690810573499767,-0.070544799065297
"7529",0.650480363635012,0.128260192715749,-0.0289300604640574
"7530",0.686322158482443,0.110906140985869,-0.0184897085605123
"7531",0.646289757239163,0.134746998778768,-0.0169901763994968
"7532",0.624205027198075,0.0799471993960672,-0.0317534152138365
"7533",0.62257951406144,0.0656590954846508,-0.0315198085662384
"7534",0.628910040978402,0.112060722245144,-0.0664496579318777
"7535",0.648672930607391,0.100530041419406,-0.012318578156721
"7536",0.569032624765172,0.0884065531394261,-0.0532883847118061
"7537",0.62271165456113,0.111428941134888,-0.0603303993570325
"7538",0.661067201062028,0.0802345177961463,-0.0267333783282898
"7539",0.627941785081956,0.116896704977135,-0.0493030820058754
"7540",0.63502465836085,0.0611077152707195,-0.0249205737909369
"7541",0.610271544067107,0.0960868199383912,-0.0460773236147998
"7542",0.641053188409352,0.100716473889034,-0.0293582611424342
"7543",0.656635092699967,0.116216299624552,-0.0556239900699985
"7544",0.669040136462424,0.0977331997643188,-0.0128763173016772
"7545",0.585927833751244,0.0965219418934149,-0.0157103380373722
"7546",0.640895531492535,0.13375871255649,-0.0669537394175865
"7547",0.600445854715596,0.0803827152439484,-0.00384266504178928
"7548",0.563415632116595,0.0774955582618306,-0.0247055789057029
"7549",0.618704882222817,0.122600814370369,-0.0415400141503266
"7550",0.621269050661431,0.0764579130939364,-0.0153112358762138
"7551",0.669930872523212,0.0651460688737462,0.00203760055749228
"7552",0.621487564716356,0.0994551517221211,-0.0553900702629145
"7553",0.620207992368437,0.0891668263529613,-0.0341856977290644
"7554",0.562655222319359,0.0761891866203384,-0.0174520056188705
"7555",0.634498788598194,0.0620416917291433,-0.0258004500068331
"7556",0.711248454505172,0.128408465909,-0.0374474623198752
"7557",0.617833430841689,0.0973242361991253,-0.0463854650730107
"7558",0.650970759993434,0.0851107503258201,-0.0427059892425584
"7559",0.605831470431397,0.0893689282772924,-0.0362338050964327
"7560",0.630962273115291,0.121569856886577,-0.0186692429464756
"7561",0.604691603936218,0.111164026066973,-0.0336704329309334
"7562",0.621452730180722,0.121977069758188,-0.0461595929330116
"7563",0.635097107963013,0.0811796834390132,-0.0258116036049397
"7564",0.658058430209893,0.0821324985815404,0.00846805684655804
"7565",0.685672920370565,0.113501606246847,-0.028256651308485
"7566",0.658462165692325,0.0948203167386173,-0.0678583054640632
"7567",0.62752812781632,0.0541841460595678,-0.0018930567519624
"7568",0.670264168854785,0.113256108859735,-0.0132676199311806
"7569",0.600193518952661,0.109670714120003,-0.0393089020846748
"7570",0.655876517540089,0.106631583759603,-0.0442824914053699
"7571",0.646383446696785,0.0602685135545787,-0.023221777427621
"7572",0.592005865903674,0.147572834640861,-0.0759049308392321
"7573",0.610844177731377,0.0566591101488372,0.00134679092413311
"7574",0.653044685438492,0.0873028320013273,-0.0512722704018413
"7575",0.610937480475643,0.0845548729984126,-0.0338972277643622
"7576",0.698255789347257,0.11240979649978,-0.0398510330381474
"7577",0.639312488366929,0.119485652814028,-0.0304865990944063
"7578",0.650790824797795,0.0958321774992666,-0.0421657078639047
"7579",0.582741675156084,0.0739324879641401,-0.0393155117182576
"7580",0.623759255153628,0.0799054627661725,-0.0562708338845214
"7581",0.647155498553481,0.0321571939782206,-0.0306953034887838
"7582",0.630735430760853,0.0952131360093703,-0.0357393890392272
"7583",0.59216278916303,0.0666076741341756,-0.0810049253497736
"7584",0.621821473863322,0.0699294812463069,-0.0288042292913753
"7585",0.582306262685806,0.0722243199388085,-0.0575403725496814
"7586",0.615420839162692,0.0690157846034752,-0.0462519351005895
"7587",0.638407451897807,0.0816495132919808,-0.0325285407380041
"7588",0.599120187003079,0.0560390843785332,-0.0450532020607977
"7589",0.630232544029068,0.0941650225476591,-0.0504295604261344
"7590",0.61424108524941,0.0664099457962512,-0.0148537637839669
"7591",0.624592937899373,0.0649507021562679,-0.035425295539776
"7592",0.665842360421263,0.111218484678977,-0.0978344148216223
"7593",0.639523130264077,0.132673665429672,-0.0201514084197774
"7594",0.632653521446707,0.0847338492578268,-0.017349772110352
"7595",0.585062328943752,0.0809319371693713,-0.0476288727327764
"7596",0.541739538670097,0.108439473559003,-0.0681676311757671
"7597",0.647738110259727,0.0770251395846359,-0.0411149912797099
"7598",0.670462133006171,0.108831076964367,-0.0391276670438035
"7599",0.661123959471612,0.0869002836748738,-0.0697786159421672
"7600",0.639202315043942,0.0989552723454898,-0.0462849824735439
"7601",0.588237578086715,0.0793047905163025,-0.0595534936093827
"7602",0.652519212861179,0.105928234224025,-0.0488362337844073
"7603",0.647035105065112,0.0996966094774488,-0.0292940837562893
"7604",0.649323530257622,0.128493276759405,-0.0167040189281007
"7605",0.630951651504553,0.0963082283062585,-0.0280056524127635
"7606",0.60448437870016,0.126775578362846,-0.0378433410520116
"7607",0.634983493172828,0.118225102248085,-0.0706257968332358
"7608",0.671544801352242,0.0624116706208714,-0.0186990133690757
"7609",0.596891247155009,0.0921186623585262,-0.0109195564704997
"7610",0.656745245649246,0.0894584565638303,-0.0266557032098446
"7611",0.646019998846056,0.11968265250789,-0.0346633610189208
"7612",0.603284526518339,0.0677585540163739,-0.00825067911110014
"7613",0.572533847974016,0.0919527588526462,-0.0825908982954919
"7614",0.615739118042004,0.106057038253739,-0.0441666998335216
"7615",0.626273673996009,0.0879611345315738,-0.064075280848247
"7616",0.637045495636394,0.0931951995770164,-0.036432779710069
"7617",0.647134865469463,0.15073684908358,-0.00592884674365471
"7618",0.614262597769357,0.0589928788004173,-0.0601058725680531
"7619",0.704809107131809,0.113312034501907,-0.0167251395322757
"7620",0.656328427156851,0.131856355669288,-0.0578796926061346
"7621",0.625257131379675,0.090340780990855,-0.039977965845303
"7622",0.637774979735515,0.0851479518877163,-0.018650938992179
"7623",0.566537602992199,0.127072512912629,-0.049306395231814
"7624",0.649605542812382,0.104286073081568,-0.0141109665005011
"7625",0.627265938203814,0.0551617293804568,-0.0198392374960278
"7626",0.65747338665856,0.0952703250410944,-0.0118998993062518
"7627",0.637544500095964,0.130962447929126,-0.0218645984264067
"7628",0.631066717494636,0.109571360433522,-0.0467644674641811
"7629",0.65385824895978,0.093734310277427,-0.05217439525391
"7630",0.697049456189322,0.13173147839553,-0.032460354249773
"7631",0.614444397060599,0.0834104537522671,-0.048306261707728
"7632",0.622257966940769,0.05923904222924,-0.0239265554751668
"7633",0.643314044468143,0.0695620170294775,-0.0442923134796711
"7634",0.591712143076681,0.0576053644358143,-0.0159796399298524
"7635",0.631462037846877,0.0593918452521425,-0.0458112725347987
"7636",0.57015960235915,0.120568513753115,-0.0480349104552051
"7637",0.670814161977001,0.142437419319216,-0.0669789061052927
"7638",0.61886898972377,0.0523073228839414,-0.0379890010816774
"7639",0.682099152658971,0.105157534444895,-0.0571342260638056
"7640",0.630229606899138,0.11061680208131,-0.0330979755405225
"7641",0.637011693466188,0.103006565273052,-0.0136612490423842
"7642",0.611200098989495,0.0800566299064065,-0.0333800597311354
"7643",0.669466139126134,0.105845269660199,-0.0547259571308734
"7644",0.60706610729051,0.10278832608445,-0.0490819811744488
"7645",0.647469255950987,0.099446962209468,-0.0194602555100871
"7646",0.649763883161182,0.0884133687593163,-0.0510797086514389
"7647",0.677118795144401,0.0771208617300016,-0.0202587267420034
"7648",0.640428811345187,0.0807196314948493,-0.00223535115447013
"7649",0.693484157083323,0.0792806192212942,-1.55267504655734e-05
"7650",0.625622782259784,0.059199592586408,-0.0307743360785333
"7651",0.650052602409475,0.0827436269033343,-0.0222816521542462
"7652",0.605829418003583,0.0658613216536102,-0.0373560135972234
"7653",0.704929816238018,0.10934513600863,-0.0431726373080195
"7654",0.661411164721468,0.11346078467391,-0.0610342264968012
"7655",0.64490312883952,0.083183516094871,-0.0329818755127754
"7656",0.631065956883019,0.0694759185485237,-0.0140647206047018
"7657",0.660657285998408,0.106494886687677,0.00398463398410823
"7658",0.659679117946001,0.100771480416206,-0.0571412012369237
"7659",0.683827565036361,0.119347677392025,-0.0653446065886741
"7660",0.640455007463962,0.101273174175517,-0.0658461112883424
"7661",0.630863082808338,0.0790301874902654,-0.026395619782661
"7662",0.632153863892371,0.158895888076478,-0.0184696181101575
"7663",0.638558766851896,0.119850756899864,-0.0350657807901495
"7664",0.661405656576709,0.0909033752864494,-0.0443900024415061
"7665",0.643868700539313,0.0775958865536464,-0.0648044854657363
"7666",0.642967311793503,0.112087536411141,-0.0250320625789928
"7667",0.707181356695862,0.0979770860685645,-0.0166772906260426
"7668",0.635495617514751,0.131063660278999,-0.0458306162246307
"7669",0.654711849265814,0.0779020798052197,-0.0776896256509141
"7670",0.605969637428626,0.0571346175356671,-0.0347651458067563
"7671",0.60735670835032,0.113574841855816,-0.0448384399347816
"7672",0.617315924100312,0.0618563220217658,-0.0211519842290903
"7673",0.653062364612289,0.0914571619786238,-0.0672480655140948
"7674",0.661268084103977,0.0903056368226023,-0.0452301982419224
"7675",0.66278516746915,0.0881420885806437,-0.0101572690515873
"7676",0.685012127613132,0.0904767961466538,-0.0752390889696888
"7677",0.636137650195559,0.0809109667887543,-0.0445057296923966
"7678",0.642005501664669,0.119528015162787,-0.0469042929868645
"7679",0.611214894808527,0.106591929297135,-0.0858523033001912
"7680",0.606116097974068,0.0853675494006429,-0.0139514646374869
"7681",0.638608550625437,0.0937443729285352,-0.0294278231549761
"7682",0.653924931990846,0.12328375450575,-0.0279348429066671
"7683",0.655424439667484,0.134366631978158,-0.0234241721938022
"7684",0.628318077002889,0.0863196084723561,-0.0491104748623528
"7685",0.648204759715373,0.0873526345736658,-0.0469179015826579
"7686",0.681683174746372,0.0871918116720774,-0.0178039384047023
"7687",0.64490102629269,0.0959147540589299,-0.0397085065303352
"7688",0.599274098308249,0.088894548794969,-0.0183443093196508
"7689",0.608396324550906,0.10699801647439,-0.0188665355913123
"7690",0.56543517206515,0.112834513448667,-0.0251715638266413
"7691",0.64170773529003,0.13161191343134,-0.0646881903505765
"7692",0.576012262480621,0.0457159741060511,-0.071043219718642
"7693",0.677969639740336,0.0737025984953228,-0.038678228695644
"7694",0.666415432387368,0.0906523861546616,-0.0579085459288335
"7695",0.614506719256671,0.098859101699834,-0.0685629381378016
"7696",0.671092224209194,0.0608844228479239,-0.0289445947059131
"7697",0.643131194273775,0.134641786326537,-0.0289510535717335
"7698",0.615931722794181,0.0472458819721404,-0.0442193168947896
"7699",0.648411524243629,0.0969099523993881,-0.034493942109348
"7700",0.609609087000348,0.0613647691646665,-0.0667912709426892
"7701",0.656590032228596,0.08091672071147,-0.0468768483405321
"7702",0.618369185386695,0.100431034815622,-0.0363955600999152
"7703",0.605112912678033,0.0636674227584414,-0.0259443415090747
"7704",0.586338142706556,0.0851267790649264,-0.0501329345333163
"7705",0.601585480137617,0.12370323443687,-0.0490987122322751
"7706",0.58279235493704,0.0570359420275172,-0.0616191227469409
"7707",0.694173025239143,0.107857357344301,-0.0354978573217909
"7708",0.623349285146871,0.102819086020012,-0.0338142745777441
"7709",0.655707356023022,0.129984644992847,-0.0135923262784572
"7710",0.590147593801953,0.0527955625179784,-0.0444625197479843
"7711",0.633343321105481,0.0961090908258532,-0.0223542777510594
"7712",0.661572670065146,0.0871042962404079,-0.0532860870883947
"7713",0.612298062004963,0.0968332926941643,0.00384150528177252
"7714",0.596366511627786,0.046676771036098,-0.0161613361716311
"7715",0.667162894847692,0.118348435948989,-0.0281316266496011
"7716",0.62959170414214,0.119929331205205,-0.0233939584117225
"7717",0.598644873594846,0.0924955324971279,-0.00939776755358487
"7718",0.610140754734461,0.116341091994814,-0.0342651169673932
"7719",0.612172234268332,0.0988113439323612,-0.0296858583385251
"7720",0.65080384509167,0.112935716013956,-0.0535649812449857
"7721",0.635798583704195,0.0961705755711016,-0.0184801527677407
"7722",0.624661900599078,0.102890212383737,-0.0696142517144026
"7723",0.637070883302791,0.110198478999147,-0.0290984300828112
"7724",0.60974594255585,0.102085025969474,-0.0759278255632465
"7725",0.635247102454433,0.105283538433647,-0.0472376627490363
"7726",0.601268819825306,0.0524122072239756,-0.0496137365914944
"7727",0.58842717843367,0.0719119667746224,-0.0319873427015857
"7728",0.607528112935102,0.0862101771701291,-0.0418774097497051
"7729",0.643854390640788,0.0922685448011904,-0.0248337728751033
"7730",0.625723846997138,0.0819475943096522,-0.0515029130177639
"7731",0.620516746238793,0.0720273809223364,-0.0193152689466055
"7732",0.65821242133125,0.0782093788559592,-0.0532724281249452
"7733",0.603253680982673,0.0613585756854333,-0.0297066953108031
"7734",0.57354557062727,0.0975099691811241,-0.0610229509776374
"7735",0.661779770331782,0.117836220434098,-0.0264343681136757
"7736",0.620681017811029,0.0724872801354251,-0.0158322482117345
"7737",0.614015441090231,0.0641855812827946,0.0037612728878882
"7738",0.60140677151872,0.0678183632195951,-0.0428511677633016
"7739",0.565197260556257,0.119233292121118,-0.046836199670084
"7740",0.593318435564484,0.0675036713673774,-0.047391845424407
"7741",0.632242272203643,0.067697091433346,-0.035962816019565
"7742",0.658505883999896,0.105027721725364,-0.0467245461115375
"7743",0.627109648861668,0.131329802801133,-0.0207064402203918
"7744",0.676625736264205,0.085341947875584,-0.0354599243640046
"7745",0.617655264068373,0.10638796666452,-0.0230729047264536
"7746",0.628649411366237,0.0868474443579519,-0.0273967841417977
"7747",0.636537331260773,0.112499755212798,0.0106671840450975
"7748",0.644346078683878,0.0618906721151707,-0.06208582784218
"7749",0.647300424775285,0.0902541602402453,-0.0635910325093615
"7750",0.589161225728035,0.095259489228934,0.00958422737899987
"7751",0.677429665967103,0.0703148158160608,-0.0535370897176446
"7752",0.638695282652934,0.102228637298758,-0.0303423637111736
"7753",0.591783559719733,0.0766922653670719,-0.00379944749041055
"7754",0.64423421260922,0.131251474198459,-0.0275367880594111
"7755",0.640013125182601,0.10897784959674,-0.031121166851856
"7756",0.592555471568009,0.0466301568841095,-0.0499258252540044
"7757",0.665520216841954,0.107505213243144,-0.0177604503578406
"7758",0.604403154357735,0.0900288151768185,-0.0837023742953062
"7759",0.628979826481682,0.0847435467106134,-0.0609162820031491
"7760",0.582809350298074,0.0973140862464553,-0.064373749645804
"7761",0.600128605933822,0.0647900254587538,-0.02263954363488
"7762",0.665127593123495,0.0878133715728131,-0.0216729312921815
"7763",0.66198215124104,0.117970651816198,-0.0237239263613342
"7764",0.58881654480252,0.0934463802327236,-0.00386415619004412
"7765",0.649277769642415,0.123028568157053,-0.0296836102893194
"7766",0.586426187707706,0.109260258704366,-0.00911454287628912
"7767",0.621438359348014,0.0701018283147504,-0.0336342384563653
"7768",0.607780509063949,0.0758823866492561,0.00384019148825441
"7769",0.641367778895467,0.107834825842834,-0.00745111834039176
"7770",0.633432822523078,0.0808538085751666,-0.014196037269887
"7771",0.647340800567272,0.0975789786688627,-0.0359445047997018
"7772",0.661577401156418,0.0775935912793108,-0.0314415147090698
"7773",0.60015754129236,0.0725274432987585,-0.0027020672027085
"7774",0.64004448368038,0.0916520805554195,-0.0681590225187082
"7775",0.582833626584522,0.0594391825810565,-0.0594980782711391
"7776",0.647237253440519,0.0934782811093805,-0.0301597339891545
"7777",0.640721570916814,0.0829529256559616,-0.0519280698267277
"7778",0.636300456981856,0.101776719321368,-0.0372512756565857
"7779",0.655964093655654,0.0987105965217896,-0.0400626422376828
"7780",0.620878092978655,0.0522723431764151,-0.0256499208286501
"7781",0.62253747307844,0.0943311281002365,-0.0313292263145094
"7782",0.606575852202611,0.0918795363674486,0.00661838748349271
"7783",0.650492179819469,0.0873527009491558,-0.0440821527924384
"7784",0.612607660594523,0.066523111954782,-0.0517805791794242
"7785",0.597924313503062,0.0854514660757952,-0.0385107598314346
"7786",0.596654582755256,0.125737572932042,-0.0254592951074472
"7787",0.62786757529395,0.131536642183845,-0.0111236050673021
"7788",0.690373931780539,0.096340496176081,-0.0412143407686369
"7789",0.642770838067885,0.102147243462104,-0.0449845737510115
"7790",0.658723639495629,0.10912086649348,-0.0402843260971404
"7791",0.592465667086002,0.0733703335444298,-0.0708473107487419
"7792",0.629025339570234,0.0777318475955813,-0.0266500743838741
"7793",0.633493735166368,0.0978851939589428,-0.0213483455253533
"7794",0.65215369156277,0.114235279810213,-0.0486526029452059
"7795",0.640025294459837,0.0842093622411604,-0.0511425426010224
"7796",0.667760156204074,0.080033922059861,-0.0261654378872946
"7797",0.616995675758928,0.0199016164406082,-0.0454981424800685
"7798",0.648637484709359,0.131048472175269,-0.004858808174184
"7799",0.682863079858865,0.0565813847201825,-0.0109738103486302
"7800",0.650815981670362,0.091440802805391,-0.0657781066304118
"7801",0.670108295794898,0.0916673224472539,-0.0398268861367978
"7802",0.653391177150609,0.12296413737822,-0.0673545626022919
"7803",0.616579259170558,0.0871984598351547,-0.00940517944980285
"7804",0.654610543286893,0.0932315098605235,-0.0374056767942851
"7805",0.616606577213779,0.128692018291791,-0.0254335316864992
"7806",0.603269544345942,0.080737086927887,-0.0233446654935433
"7807",0.652899577462152,0.0792001145019754,-0.0335675985810328
"7808",0.672739366337204,0.0763741792146655,-0.0224692661652283
"7809",0.604348835211756,0.114547210355851,-0.0127396500121171
"7810",0.625070017347386,0.111170825812874,-0.0148736345615181
"7811",0.642947278318918,0.0592830521148914,-0.0327252278771011
"7812",0.618783339839336,0.0953557348004302,-0.0440816658448814
"7813",0.661275109416862,0.100732758701893,-0.0280834464077833
"7814",0.668863527818321,0.117273462224566,-0.0790652875085516
"7815",0.606851074809787,0.0694990769615032,-0.0410305929192883
"7816",0.635069093734804,0.114469162845098,-0.0267183223016643
"7817",0.655942665700371,0.124639668797717,-0.0162526891422782
"7818",0.643454892920924,0.086520738713696,-0.0642244972357754
"7819",0.645096767960776,0.0651259657186024,-0.0444629762821208
"7820",0.617881140778983,0.0875805751297681,-0.0640648403051974
"7821",0.661219281315974,0.131453707164256,-0.072657500557858
"7822",0.650952068340038,0.134034334852275,-0.0133930329032269
"7823",0.66190823809648,0.137545028692047,0.015882752476636
"7824",0.602255008697791,0.0503913077834941,-0.0626748704887558
"7825",0.62724960329966,0.0763856248502695,-0.0821083366923401
"7826",0.642805375024764,0.0531256157246129,-0.00727272873893699
"7827",0.591373325966759,0.124899191630852,-0.0580785079129695
"7828",0.61207294640423,0.116659366898898,-0.0376028468574963
"7829",0.6800930426195,0.107031750916727,-0.0440469832386006
"7830",0.66887637428728,0.0774001676177936,-0.00837991352258525
"7831",0.654189480189559,0.105487409779357,-0.0198289776424491
"7832",0.609731695090379,0.0756281070580222,-0.0163739490134587
"7833",0.635842204113363,0.0980113881949161,-0.0264702325060606
"7834",0.642042757991212,0.0660643029594535,-0.0559819376029102
"7835",0.613760438604758,0.113565246393175,-0.00142455485596404
"7836",0.60179007468048,0.133022320653061,-0.0439403647180037
"7837",0.600740296054463,0.0683097934817338,-0.0426083015316542
"7838",0.63177405905849,0.0755780571734336,-0.0761796112861217
"7839",0.605391273129703,0.09146346718573,-0.0512973308161956
"7840",0.586471719833106,0.106034319684179,-0.0601933270024304
"7841",0.611196984764763,0.0826459811908898,-0.053641319419468
"7842",0.654042785955067,0.0868114025067667,-0.0508959222310936
"7843",0.640008434725715,0.0914067942248333,-0.0331993982817319
"7844",0.651073428742103,0.095293549357679,0.00204480676461944
"7845",0.682206014161916,0.0677930910441819,-0.0230008306713213
"7846",0.611696291988818,0.0775444679534819,-0.0485328850788689
"7847",0.68311115761837,0.0803914299979407,-0.0557945424171388
"7848",0.616021484441424,0.0495567067921245,-0.0497956344659948
"7849",0.631856207354765,0.0578292110091737,-0.0084104743551963
"7850",0.598271222155192,0.153321863891798,-0.0322432129030757
"7851",0.592450887093237,0.0951560357626898,-0.0562952363168652
"7852",0.64412403029509,0.0677898563927581,-0.0529914034649956
"7853",0.651130661243677,0.10557406433346,-0.0341515842574329
"7854",0.645919880117744,0.0956966076189533,-0.0625885301784699
"7855",0.619365084600394,0.135600996990051,-0.0519683256490151
"7856",0.645831742637305,0.101393184778645,-0.0681687568026868
"7857",0.643239681291205,0.0976349457395117,-0.0370328128147481
"7858",0.688528675935421,0.0912310503764957,-0.0582981184283365
"7859",0.634462547194001,0.08343036230806,-0.051158447848958
"7860",0.66175066638456,0.0966539086575453,-0.0195847334614945
"7861",0.593835699644026,0.0923097816829839,-0.0652069169573132
"7862",0.601713534426641,0.0957282565441072,-0.0462397445314384
"7863",0.607276817174633,0.0932668214647654,-0.0362537135591826
"7864",0.649670372627787,0.100213639029244,-0.0632173221944676
"7865",0.64356142430315,0.0813968770861613,-0.0437381837833386
"7866",0.631791876491873,0.0956662080705916,-0.0614030543987336
"7867",0.60726067219703,0.0900083069898961,-0.0207426085165626
"7868",0.605321516914104,0.0969833445886806,-0.00220584934748454
"7869",0.599026194856515,0.091461524096797,-0.0717185519888073
"7870",0.610236930532357,0.0918258567306613,-0.0149709214525371
"7871",0.648049920072036,0.099035748463876,-0.0691208284404823
"7872",0.60594137684143,0.110580034614779,-0.0231795739136612
"7873",0.605317395685046,0.0532812835050778,-0.0639408604724401
"7874",0.669191060548566,0.105016217004037,-0.0119115149256422
"7875",0.617084058039689,0.0991134977336165,-0.0177437657398543
"7876",0.672041206457036,0.048307861045322,-0.0362437617556297
"7877",0.636144027148391,0.0609809488179556,-0.0490843643226733
"7878",0.62428562191535,0.0617423215925093,-0.00383707892956184
"7879",0.587013069843863,0.0564856544374859,-0.0160820570396274
"7880",0.606514073582603,0.124254658904725,-0.0704932951940413
"7881",0.618935751580371,0.0712956176678756,-0.0382268520166209
"7882",0.630456426904559,0.115677807788025,-0.0478107802599944
"7883",0.607088141040286,0.0806426795781591,0.00167378989890681
"7884",0.610533478014278,0.0689712844079867,-0.0110766933182225
"7885",0.618663808189865,0.0840842475654003,-0.0706851616226847
"7886",0.608113531787823,0.0901302414823184,-0.0702445982838036
"7887",0.639608458711012,0.0511188048076314,-0.022451855532779
"7888",0.66137499077073,0.0988272046695866,-0.00545821529142584
"7889",0.666170616102493,0.122117197385819,-0.0342797359626107
"7890",0.619616842446256,0.096086349231126,-0.0726735089364301
"7891",0.620411547297442,0.0766122768708696,-0.0228873502326141
"7892",0.6414563835045,0.0663798715444723,-0.0340352681607247
"7893",0.631387248131491,0.0729145342454708,-0.0500210717151182
"7894",0.61427725263483,0.105517938112412,-0.0516511147640913
"7895",0.651494465666735,0.107607274854316,-0.0828887483409909
"7896",0.63992308775926,0.0887195747395159,-0.0871448930259246
"7897",0.598060370971844,0.0882304637098808,-0.0257365250514674
"7898",0.661240730178354,0.108192404682948,-0.0545533347505555
"7899",0.655366571806709,0.0632407453082953,-0.0690612670671716
"7900",0.640051717225171,0.0699641005541483,0.00043200576120947
"7901",0.622853542763043,0.0541510152525712,-0.0553511408835204
"7902",0.630407709444919,0.0918830207710696,0.00237342364727474
"7903",0.662564330667173,0.142505839785132,-0.0107392190684657
"7904",0.608033148861982,0.118135726622226,-0.0316171858685333
"7905",0.629716894218547,0.118985634207077,-0.0213322647429222
"7906",0.583648793355093,0.065461409050662,-0.0301274681552781
"7907",0.599125608454248,0.090497363411203,-0.0719268235934477
"7908",0.580007477256563,0.100877120164416,-0.000459429098293662
"7909",0.64335331379375,0.0559773695954908,-0.074704486399795
"7910",0.642106162720493,0.0909462671112581,-0.0594860852879313
"7911",0.592572254512465,0.0679624069364037,-0.0563120960379349
"7912",0.582109475282161,0.0968549233951098,-0.0474316291629749
"7913",0.66075043995526,0.145853694245135,-0.0705404794062599
"7914",0.607676486251565,0.0516935999794399,-0.021054230069837
"7915",0.589003796752118,0.0936266366456784,-0.017208695472028
"7916",0.601190961207159,0.0417189930652629,-0.00450089604034745
"7917",0.625947288018032,0.0765455011119179,-0.0601292945891407
"7918",0.584314765067651,0.115341645118262,-0.0193984197602799
"7919",0.60518336840807,0.0863393222796914,-0.0786996330642948
"7920",0.588712975035993,0.11172795403614,-0.0449474430997769
"7921",0.656011684272658,0.0719556067322105,-0.0396575896940664
"7922",0.631044539765458,0.0883427099645459,-0.029279394376738
"7923",0.60983582985483,0.115092992564484,-0.0142219280604408
"7924",0.651395431063361,0.0949452609469351,-0.0280216178045276
"7925",0.672682301930542,0.111410902519617,-0.0352050708430086
"7926",0.622749048598162,0.0755332744758446,-0.0440961965931861
"7927",0.560012996482394,0.0610485090535586,-0.0344873382349008
"7928",0.598792270296282,0.119261673419623,0.013089490553687
"7929",0.61424365985568,0.0931667307007278,-0.0343004062810925
"7930",0.656226848783523,0.082706971032376,0.0169219330160216
"7931",0.652048919788799,0.0732624535721101,-0.0608811616406829
"7932",0.632897412346005,0.126058061672335,0.0152246228287717
"7933",0.611166281519592,0.0557308103173076,-0.0278960768946314
"7934",0.635032528470321,0.0922084380186868,-0.0541389222579046
"7935",0.579565841720818,0.121378607901451,-0.0628773620187479
"7936",0.666267270223351,0.0734628642843012,-0.0343146786666641
"7937",0.630121853141522,0.0712801501411121,-0.0264524321397055
"7938",0.629473817404872,0.0755080229599748,-0.0400481571331368
"7939",0.623541301100951,0.111589791323552,-0.0486866150468265
"7940",0.628308259747961,0.0904693593640387,-0.013002641101777
"7941",0.604225423121245,0.111312540738101,-0.0637041235664685
"7942",0.644804453613607,0.103876776503973,0.0119396127464769
"7943",0.605036758245747,0.0830249131870995,-0.0161433906024118
"7944",0.598421811381527,0.0887180894811324,-0.0555171769493199
"7945",0.612704380565751,0.0608225556101531,-0.0314701596171952
"7946",0.609174004642867,0.0710872690694514,-0.0530673986750377
"7947",0.634186294163838,0.122372618982048,2.6785429049693e-05
"7948",0.614545846513288,0.0991799201172909,-0.0763615317240653
"7949",0.682705571245901,0.101302574928443,-0.065335896880673
"7950",0.607100400188281,0.0774256845489388,-0.0478553992887659
"7951",0.640895911888133,0.0732271618282588,-0.0368952033464941
"7952",0.697567448300344,0.10582437453029,-0.0201392682997465
"7953",0.643625815992757,0.114489195168106,-0.0461093937647747
"7954",0.633687546626785,0.0782353553166049,-0.0443206562429001
"7955",0.642871993708665,0.100762845705804,-0.0241165999115059
"7956",0.684593409344276,0.111072698288575,-0.0272798237614875
"7957",0.605194941781702,0.134396133731571,-0.0303076944233037
"7958",0.637481532911281,0.115810565855939,-0.0281390379267817
"7959",0.592571893433834,0.0878986717305731,-0.0421061678576113
"7960",0.651198397438725,0.102986339919225,-0.0499899135953754
"7961",0.626435045865132,0.0977493349524786,-0.0221992154580587
"7962",0.666550160085839,0.114504822230357,-0.00699134707380712
"7963",0.689329499400525,0.0939515935249391,-0.00817118821125995
"7964",0.634183192263819,0.146463906672307,-0.0304961608163028
"7965",0.611972792378512,0.116751370675188,-0.0423522969314689
"7966",0.647885461953736,0.101969080145433,-0.011949229379839
"7967",0.597466669966766,0.107540855319464,0.00504761474316576
"7968",0.632605813760142,0.0526921681204815,0.0047365590048515
"7969",0.626329292657858,0.0896491775394294,0.0187126641432277
"7970",0.637831747354004,0.111909569149185,-0.0318408915275286
"7971",0.61657914320152,0.0987033062533013,-0.0383942804845435
"7972",0.591298227867052,0.111680446173937,-0.0630290897763058
"7973",0.64922307042483,0.145413509919722,-0.0356465178972417
"7974",0.643551770334525,0.114202713730867,-0.0354110338160572
"7975",0.632229426357995,0.0974681933247991,-0.0595608899070831
"7976",0.674574803023078,0.0968462263795536,-0.00580431000259973
"7977",0.639388822333063,0.0803629508422849,-0.00323504174888127
"7978",0.65439411621791,0.0391006396134215,0.00387610074944055
"7979",0.650523789992299,0.0789786273531084,-0.0370020787103344
"7980",0.597277807665721,0.0878245709607988,-0.0109971482653806
"7981",0.631384437764052,0.101935301483565,-0.0343775888545837
"7982",0.641433057360461,0.106897305999621,-0.0466753272319579
"7983",0.628504853671863,0.0758619711991329,-0.0927916805789097
"7984",0.615833518569296,0.0718890687112378,-0.0597834869410303
"7985",0.585355469179002,0.0881171160969714,-0.0386490090888319
"7986",0.629540037059374,0.0696353072290482,-0.0851986548215658
"7987",0.609553636542176,0.114235882262223,-0.0119452358374687
"7988",0.565224239863092,0.0948209230534233,-0.0398907814896781
"7989",0.658717982314442,0.106666008204871,-0.0564509492151758
"7990",0.65043654702509,0.148852381023318,-0.0546103789815273
"7991",0.638636743322119,0.120822635370415,-0.0348663835707777
"7992",0.669394401825964,0.0901636437133889,-0.0541090059191937
"7993",0.630985599949674,0.0443960483462075,-0.0506791132952149
"7994",0.581680117694371,0.0886869271454464,-0.0280962007330831
"7995",0.617799423334245,0.0776931006258883,-0.069800253836231
"7996",0.665172070334841,0.0789651678928192,-0.0327305153485826
"7997",0.65902564802612,0.141163374137307,-0.0559962338858477
"7998",0.657612431144571,0.13550222044023,-0.0109898760348791
"7999",0.631679123948868,0.079904939524686,-0.0373964404368125
"8000",0.600991344548019,0.0991106911657511,-0.045262867353093
"8001",0.590164631503295,0.0739583186865339,-0.0452980953510748
"8002",0.603766497094804,0.082821430812705,-0.0511038240382119
"8003",0.61739552300773,0.0664147422914978,-0.0753039677924364
"8004",0.655683741358477,0.0862267798938714,-0.0209155072320677
"8005",0.597240515692485,0.046979505066832,-0.0715157075341536
"8006",0.594461989060745,0.101474720578125,-0.00289267672944949
"8007",0.594921017940498,0.0728422919900512,-0.0438385973865455
"8008",0.632864414835757,0.102950838475096,-0.0256835290020464
"8009",0.653258007641203,0.0737743205439475,-0.0440351040787399
"8010",0.63321463076513,0.0970958552594552,-0.0397719882407049
"8011",0.681072144793347,0.0840087403162242,-0.0509463409824711
"8012",0.659732116164413,0.0971377989939595,-0.0645359493681343
"8013",0.633632463087361,0.0890541939416976,-0.0532913998638237
"8014",0.584225293266523,0.0819562414969498,-0.0724960973421968
"8015",0.655211219587985,0.0914886978033246,0.00820235973377986
"8016",0.591721746301402,0.112776282719705,-0.0536747223877826
"8017",0.628307130664013,0.101321021288045,-0.0915766149042277
"8018",0.611341587750895,0.0668771430018532,-0.0491156542450549
"8019",0.629688254707963,0.143997745588138,-0.0524411569653326
"8020",0.634074773065904,0.0973831974156761,-0.00930000743305196
"8021",0.669187248799353,0.0438949526674739,-0.0115559193242232
"8022",0.654531223231876,0.138594628084273,-0.0182328644567788
"8023",0.649906056467172,0.113185788548846,-0.034337889857836
"8024",0.643336351223929,0.0819148755921102,-0.0322769925246372
"8025",0.609935906374352,0.110896032421933,-0.0244700656419257
"8026",0.60907490109316,0.118963598702208,-0.0483741878733776
"8027",0.603284363389288,0.0616553813411635,-0.0370834957587446
"8028",0.567084314589853,0.0598590766582973,-0.0450393371720299
"8029",0.622181136330441,0.0664630683797002,-0.0245269983886299
"8030",0.625929622989086,0.0523547175578248,-0.0364584012433426
"8031",0.656598613232109,0.0827923892962227,-0.0670515613096634
"8032",0.653345760420912,0.0887594663844813,-0.0289156487225638
"8033",0.635156234949475,0.079607059959626,-0.0283462383851901
"8034",0.614638815339533,0.056220634883067,-0.0520002354078917
"8035",0.625513901650361,0.0728279111624514,0.00380835971007387
"8036",0.615158136692239,0.0776535759711537,-0.0387591545754465
"8037",0.661676749421466,0.114826016096171,-0.061758212750161
"8038",0.667294760460799,0.105902444755521,0.00046243357327997
"8039",0.619858579780529,0.0770886251565716,-0.0143407940293423
"8040",0.598902549447223,0.107625512769103,0.00137720005277716
"8041",0.657396441482388,0.0914884453292755,-0.0476130211262216
"8042",0.63144731781814,0.104684092302011,-0.0365767179501679
"8043",0.624341740533652,0.0684886574151311,-0.0330914632037982
"8044",0.62913701344338,0.0846437170585101,-0.0297397644390585
"8045",0.60882083127019,0.101212918507064,-0.014963642322759
"8046",0.630674978609068,0.114605155320845,-0.0536051584837933
"8047",0.628763608232027,0.0366084495906118,-0.000987644759125113
"8048",0.653020807618638,0.097262649406698,-0.0309025874049363
"8049",0.677694676310542,0.115507353593134,-0.0490756553274293
"8050",0.583000294772661,0.066263322097251,-0.0515373983174336
"8051",0.665729510641852,0.0795484281227415,-0.0655020904843787
"8052",0.675294797842904,0.110308367864089,-0.0677770528189382
"8053",0.615678711808702,0.0784471717729143,-0.0412004732210385
"8054",0.648488573998954,0.059472418208234,-0.037862355787722
"8055",0.64762175103074,0.113648874996391,-0.0631005205165199
"8056",0.651337842546691,0.109744968370966,-0.00675996119209106
"8057",0.658083017969015,0.102576699211686,-0.0183078523752798
"8058",0.648026940443774,0.109025703861062,-0.0438464587195287
"8059",0.604541493905738,0.0657867587572426,-0.0530817382396099
"8060",0.604017050341351,0.0982069510322283,-0.0193065067836255
"8061",0.604056006949294,0.075623032942002,-0.0117997790775625
"8062",0.622283902315835,0.0803678578143736,-0.0284565624599092
"8063",0.629340927790877,0.0711322447536707,-0.0430933539057291
"8064",0.635658264676081,0.0360452551757653,-0.0792271585673779
"8065",0.615559844742566,0.142277979402241,-0.0299106217262268
"8066",0.632062643770222,0.102553963208211,-0.0396096314826202
"8067",0.614225362603267,0.039918873630545,-0.0538328945890217
"8068",0.636048695251605,0.0961112111702842,-0.0704703879267662
"8069",0.605245749513442,0.0967611807375787,-0.04842093418355
"8070",0.590935997433362,0.0727566869366092,-0.0324183725622578
"8071",0.597429476139102,0.0993196562572071,-0.0330646970299751
"8072",0.66178301765317,0.0998620505922393,-0.0147221684340173
"8073",0.63124208308637,0.0852798327874411,-0.0580841627484244
"8074",0.584957423195055,0.0599902736816492,-0.0445468937811433
"8075",0.614066884297138,0.105264246758927,-0.00661950848470004
"8076",0.535564696720946,0.0686707199986879,-0.0339636087089457
"8077",0.645616951513648,0.0935333637802476,-0.0362102502116376
"8078",0.62521217351255,0.0965590707441512,-0.0531600411722539
"8079",0.596203353405259,0.0723997637408962,-0.0272269390815395
"8080",0.659103905130887,0.101645480479206,-0.0386939114521949
"8081",0.614114991152785,0.123524240771129,-0.0178807164753785
"8082",0.613875826618798,0.0464866410867336,-0.0481569100741893
"8083",0.580021696538746,0.083377560567681,-0.0498500643599746
"8084",0.619371198075219,0.0735981208186361,-0.024141323102362
"8085",0.683470389885282,0.0935879823956489,0.000574966958694488
"8086",0.566395249612897,0.0989468448203634,-0.0662930744329352
"8087",0.612989691322492,0.0715426286423382,-0.037075984558822
"8088",0.731602446474562,0.137653699524513,-0.0391944092056597
"8089",0.637098345855331,0.0887325924433366,-0.0291854474598639
"8090",0.64084882910816,0.0685177285059105,-0.0121120407067296
"8091",0.655336784061812,0.12134217623249,-0.0322046379270978
"8092",0.593287218144808,0.045989822328423,-0.00329162393177408
"8093",0.643669237273984,0.0635077052862142,-0.00777127706704461
"8094",0.6784331013432,0.115753176592406,-0.014359628478022
"8095",0.626086687969048,0.114093282837455,-0.0552283803700799
"8096",0.663668606665381,0.0853531169195807,-0.0252215004591866
"8097",0.652241546749026,0.0920555060837633,-0.0463503556644305
"8098",0.607833548135669,0.118226729184511,-0.0404130068977255
"8099",0.601512863410003,0.091644740303452,-0.0294831829836175
"8100",0.679280932813235,0.0800580788462504,-0.0528413937280437
"8101",0.652578808133264,0.106661526938185,-0.0699502360203359
"8102",0.689268115745206,0.0780043095985081,-0.0640305835949465
"8103",0.619070950799919,0.104456472081436,-0.0372997977337559
"8104",0.569723123755972,0.112158662572991,-0.0259029465128592
"8105",0.613619823596655,0.0699400288205307,-0.031675867404567
"8106",0.63705274082555,0.0607203877003931,-0.0168393531931264
"8107",0.624678019664218,0.115610868117499,-0.0642226256255801
"8108",0.615194481180607,0.0962356656700477,-0.0540350966419517
"8109",0.639673695195121,0.0838127761775829,-0.0240916969127989
"8110",0.615123459059163,0.12527998213936,-0.042131067228161
"8111",0.590744606585838,0.0571040348465187,-0.0438667378524888
"8112",0.596985286492916,0.112316592815784,-0.0564116529460626
"8113",0.593542548059755,0.0874445353909027,-0.0190553777955027
"8114",0.67323755099621,0.103126354296012,-0.00400722084050865
"8115",0.649790938176847,0.0971430262539213,-0.0504161645966043
"8116",0.606946846033008,0.112872650149417,-0.0639255201568276
"8117",0.630941311351398,0.0664123887497007,-0.0357156552341274
"8118",0.621502947920515,0.0846288796152425,-0.0476682629714262
"8119",0.669897090317896,0.0616115757745457,-0.057319796221389
"8120",0.640228137175575,0.0914356860805855,-0.0412498553856877
"8121",0.63594921328295,0.11850209404916,-0.0369325327914406
"8122",0.632112690038311,0.0846717812870533,-0.0705512617404937
"8123",0.618732672617405,0.101776607189898,-0.0428961269495113
"8124",0.613826774164847,0.134198460842301,0.00930643445776475
"8125",0.641446279333625,0.0803556707318595,-0.0196113887505351
"8126",0.64521681651689,0.114528700497662,-0.0497801220396806
"8127",0.620028433908015,0.0711735480019413,-0.0247981058109699
"8128",0.639221765751968,0.0876078594126839,-0.0307265448138587
"8129",0.614246168888484,0.0850727463163337,-0.0362077767297484
"8130",0.600674986885035,0.083286433072524,-0.0485022392124171
"8131",0.68357786228381,0.147762351164414,-0.0565904526068739
"8132",0.674770742106547,0.111933227011145,0.00593733034354
"8133",0.656169210751261,0.112065885976809,-0.0295351775000701
"8134",0.702517090469155,0.112460250002283,-0.0206944378042798
"8135",0.619913877227949,0.0709110619250433,-0.0410099519205789
"8136",0.627292693325927,0.0879383188707671,-0.0213227974412332
"8137",0.633257566026617,0.0555677147379822,-0.0333294737574241
"8138",0.565572432549781,0.102838898282321,-0.0495104929657349
"8139",0.610950168503509,0.0691257208346808,-0.0472090606444381
"8140",0.631045853134609,0.109002041334212,-0.0585313620682858
"8141",0.678143655618967,0.0873865669937534,-0.0516752412809119
"8142",0.646430245935566,0.0952413019454971,-0.0570642375617373
"8143",0.656056422077937,0.123196041599957,-0.0170795245534108
"8144",0.626291909586899,0.114785441762128,-0.0285210574956603
"8145",0.654299461913301,0.142782093058489,-0.0424801329645779
"8146",0.658954412627828,0.104210130073292,-0.0669009074037932
"8147",0.62551566014718,0.109312829842265,-0.037307313525342
"8148",0.603671044536858,0.116943028688447,-0.0207853008954191
"8149",0.63615939500916,0.126363873695606,-0.0360300828170285
"8150",0.658192008764924,0.111094754360216,-0.0268426401105472
"8151",0.675040680866619,0.0980531711784734,-0.0188627071845715
"8152",0.687418680741872,0.107497794908703,-0.0720203311288664
"8153",0.594384280660622,0.0699985182735126,-0.0124849418769785
"8154",0.6849050799196,0.115343035625199,0.00308408479914254
"8155",0.643663233909561,0.0820884697475125,0.00758069726501296
"8156",0.591644405840567,0.130790083090417,-0.0738865793711833
"8157",0.580936657231004,0.131266962387582,-0.0307665508893211
"8158",0.607614925183577,0.0752519301907197,-0.0486247684359664
"8159",0.63312904520028,0.0930173196245542,-0.00484131568247886
"8160",0.563144865374968,0.0848458844113868,-0.0573112438588838
"8161",0.582169190580434,0.0481254435553373,-0.0137846746173508
"8162",0.633245898852989,0.120414819546504,-0.0687239011743497
"8163",0.696354072988634,0.0720371352400121,-0.0342175108141971
"8164",0.629522627115098,0.108763077309183,-0.0950432621596145
"8165",0.595838181289895,0.0799518958520536,-0.0484071008453821
"8166",0.617630860579077,0.100182630195188,-0.0536102135578569
"8167",0.592502447277478,0.108657063502995,-0.0681704571992429
"8168",0.644107600933018,0.0824634679569691,-0.0517474485118041
"8169",0.597055559047024,0.0556780594946742,-0.0385493548774232
"8170",0.612207256877102,0.0532092741268047,-0.0563722930127989
"8171",0.630436479047093,0.127044836933897,-0.00336294347767185
"8172",0.639746593680482,0.0741832345921688,-0.0421956351285864
"8173",0.649497901780033,0.0548013504919022,-0.064554196543309
"8174",0.627924325864447,0.0889848135176051,-0.0479543452595941
"8175",0.642079192808316,0.108332918160961,-0.0465985064953658
"8176",0.626398260655165,0.0811828045897997,-0.0362996987937922
"8177",0.635045808893533,0.0863010234801471,-0.0250454374240093
"8178",0.668857845425057,0.0956870567166367,-0.0147138406367066
"8179",0.653932784767992,0.104526409894598,-0.0521296579050134
"8180",0.627448849589973,0.0856817710473489,-0.0543172037212539
"8181",0.608676403396141,0.0839503395509565,-0.0850080731395085
"8182",0.62306448695329,0.0889805867381939,-0.0338828108117474
"8183",0.634880064125791,0.0882166169867653,-0.034144279144576
"8184",0.61518390947032,0.103295998595895,-0.0553961063793386
"8185",0.583514950357201,0.127105079132507,-0.0341271764669594
"8186",0.605354068119229,0.0763650604919545,-0.0160511989366679
"8187",0.648595600839173,0.102758473330695,-0.0042053484912488
"8188",0.629682075700116,0.0678524696638052,0.000392090578438052
"8189",0.605018128038718,0.0968503463571094,-0.0776756959013394
"8190",0.648401647833071,0.105567099102379,-0.0302655260051292
"8191",0.617076456684951,0.110834222455691,-0.0103943785013896
"8192",0.601938950385461,0.0838235661138949,-0.0242477128475305
"8193",0.628228689492646,0.0530404789246471,-0.0362286664608567
"8194",0.639145544722709,0.11840906305285,0.0126050613401987
"8195",0.606535298484556,0.0994557329273272,-0.0696720994301742
"8196",0.614347427740374,0.0749757301131136,-0.031725328673867
"8197",0.640215199888224,0.0905922467971261,-0.0699533421253765
"8198",0.610104698599975,0.0946541118068833,-0.0660718030756206
"8199",0.667340324320838,0.11184558816538,-0.0422702642250318
"8200",0.649319256805036,0.126060247441971,-0.0570392233303338
"8201",0.594824425379336,0.0860937101958295,-0.0355608091157249
"8202",0.643248606929679,0.0565388496768829,-0.0266692316012968
"8203",0.647589891213925,0.104347644347264,-0.082054634605795
"8204",0.605630613077481,0.0615752120176005,-0.042784967114194
"8205",0.636902934705656,0.084886836221746,-0.0252105546018115
"8206",0.642901702264244,0.0919949600356572,-0.00528831726821171
"8207",0.633221054427272,0.117360088192901,-0.0440202979923357
"8208",0.659869727403475,0.125592486868861,0.0120601321705326
"8209",0.620383287869943,0.107326102859001,-0.0454930810199285
"8210",0.620634552495297,0.0618262311454519,-0.0509531503419251
"8211",0.602956414800408,0.0814803127779308,-0.0196928796123866
"8212",0.607921883844334,0.0859724559450308,-0.0153759926904012
"8213",0.628268283640318,0.0746908279348155,-0.0338234921385298
"8214",0.61054803580493,0.101223188583669,-0.0150081807417863
"8215",0.703546342646303,0.0963440950400441,-0.0335538159722918
"8216",0.625908064488678,0.086691343505246,-0.0456411931022258
"8217",0.625112828220437,0.147713831715444,-0.0214108042603164
"8218",0.61189377024926,0.104047977447474,-0.0613190505174482
"8219",0.659151924940504,0.066038169042043,-0.0355453121914361
"8220",0.642731221310277,0.0615101563060641,-0.0466100298669853
"8221",0.646580007230901,0.0571268250523791,-0.0657599466455194
"8222",0.646329208452344,0.105380811643488,-0.0326265626205699
"8223",0.642834563076342,0.127416505435045,0.0095318020785792
"8224",0.655731885511181,0.122304698663047,-0.0246698018123382
"8225",0.65335966582746,0.0870430973629606,-0.0615428267548537
"8226",0.653544307878732,0.134287939720979,-0.0478753233949739
"8227",0.702281336957378,0.125476008816296,-0.000461115780728438
"8228",0.60023024931724,0.0914843282019188,-0.0435656166669333
"8229",0.645557241650095,0.0839089518621733,-0.0255408451660942
"8230",0.568442906058015,0.0775491532242619,-0.03545558609127
"8231",0.606307381885223,0.0993575633013784,-0.0322198852318232
"8232",0.645218832467759,0.0640594614594462,-0.00741402729120111
"8233",0.723192884839755,0.0942186128290921,-0.0556262249423308
"8234",0.628260285216577,0.0956468024242014,-0.0373189812963911
"8235",0.607698469080307,0.114637838551636,-0.0346241529172732
"8236",0.603856700397423,0.108258648768572,-0.0570918346175494
"8237",0.667494250139404,0.085173433192333,-0.0055667837334046
"8238",0.675907153323109,0.0895730880486245,-0.0337963728778618
"8239",0.661250809649419,0.0794957370587079,-0.0381581504953086
"8240",0.60882596806041,0.10228732359229,-0.0724225523254408
"8241",0.653859542883581,0.0659584648364269,-0.0940644571828976
"8242",0.644471258899042,0.120907388614961,-0.0441996913314461
"8243",0.662178202010765,0.0830943308655256,-0.0134999372197657
"8244",0.655144898949895,0.123530001792397,-0.0324714366458127
"8245",0.613709228794636,0.106243858939951,-0.0723218386943951
"8246",0.641831640988707,0.124241522759572,-0.0307406345793339
"8247",0.570121715963397,0.0877921816866225,-0.0136576197973984
"8248",0.666681253792844,0.0832777337491589,-0.0216795975508287
"8249",0.675590873368351,0.120037052964148,0.00395036566994528
"8250",0.664605214133702,0.0763392926199103,-0.067532185116582
"8251",0.671377798764087,0.101399950811017,-0.037758550146987
"8252",0.645469374106277,0.0900576050446681,-0.0656502295489463
"8253",0.632817808438212,0.112668104226812,-0.0277428620737926
"8254",0.62408813687831,0.0997980761712923,-0.0488469839143746
"8255",0.679386767610671,0.11668699274599,-0.0442737189301895
"8256",0.651843434630264,0.115455100810398,-0.0667750067681403
"8257",0.640967459765848,0.0746317750553907,-0.047387782405109
"8258",0.660412882814894,0.0896438678712593,-0.0608688855041693
"8259",0.625891694652565,0.118842426406218,-0.0163122494224204
"8260",0.618899852329034,0.122049638580385,-0.0750943912556143
"8261",0.647662587582331,0.0672842067769955,-0.102159508249884
"8262",0.612002684832384,0.0792178454276983,-0.0146319501782561
"8263",0.640758292833215,0.117205528068427,-0.0396989897569602
"8264",0.652466712309668,0.0915054964664837,-0.00651139900994575
"8265",0.606290564375216,0.094367004639945,-0.0381583532324038
"8266",0.661074218070456,0.118532321082901,-0.0058651557617243
"8267",0.553987441563632,0.0443095380103998,-0.00781866762592508
"8268",0.591311136252207,0.0906602892060448,-0.0675504694033386
"8269",0.593928829038178,0.0874289149295073,-0.0167905600657888
"8270",0.640450379067033,0.112052180813598,-0.0845038846428994
"8271",0.595873119688772,0.08281296266052,-0.0549493082801941
"8272",0.65726766521643,0.12277421727549,-0.0393763364771917
"8273",0.63258642685191,0.128403452589893,-0.0363957413652503
"8274",0.659247999695806,0.130834122790713,-0.048805070658079
"8275",0.586692787391976,0.0829541883199719,-0.018166055494192
"8276",0.650998973260911,0.0779611545606947,-0.00778918148382607
"8277",0.668063796374939,0.116130596165176,-0.0187523670504911
"8278",0.609184626785032,0.0643262637872486,-0.0124828387979324
"8279",0.646380826508343,0.105837952416892,0.00127132985604873
"8280",0.604659182402984,0.111332170338236,-0.0467729739923396
"8281",0.617942564208877,0.0882150208909479,-0.0509462991851806
"8282",0.640397632108218,0.0791862488147568,-0.00745703383347698
"8283",0.683187034556042,0.111698486471615,-0.05726272144194
"8284",0.615069158003752,0.109929252911061,-0.0449588871088628
"8285",0.681483469941077,0.102539806439904,-0.036153347050865
"8286",0.640635749262381,0.111822648696666,-0.0280123674636451
"8287",0.603708521200637,0.11853527263307,-0.013950588356886
"8288",0.670594145818062,0.122259035630593,-0.0475648747062332
"8289",0.581458822584835,0.0719133894648799,-0.0564245072163848
"8290",0.620780126906668,0.109235686277802,-0.0248296456329111
"8291",0.656140481885307,0.102255480306874,-0.0601031018400633
"8292",0.65340419257971,0.103290576610381,-0.0264203043253621
"8293",0.605845340145443,0.0600780447895286,-0.0254199772061588
"8294",0.640162035052021,0.0620654539742765,-0.0516411874055112
"8295",0.631549368443077,0.0474174303326444,-0.047248874812782
"8296",0.674282945300134,0.104481549444715,-0.036413626466954
"8297",0.593331986291959,0.0926755993396645,-0.0147214100897495
"8298",0.638098434603694,0.0876123438270691,-0.0405754077863117
"8299",0.623715800409674,0.0748679162948806,-0.044239959599002
"8300",0.630944523873837,0.093378065593067,-0.0403069351897904
"8301",0.64865394178389,0.0923085331989129,-0.0152817981137226
"8302",0.674907510983774,0.0818997515459775,-0.0346493358267452
"8303",0.667228823907156,0.109193144224323,-0.0255212453645556
"8304",0.634426750209389,0.0905027445543628,-0.0427463657783261
"8305",0.673097588811834,0.0799843411631903,-0.0560041885552825
"8306",0.623472776431513,0.104074820204912,-0.0284359250798872
"8307",0.623385147029565,0.0680855354550741,-0.0584104666923679
"8308",0.61365512065303,0.0737081338261082,-0.0336183922627601
"8309",0.611789007642894,0.087067173895732,-0.064844320090539
"8310",0.632939265826774,0.103157167812248,-0.049537002034521
"8311",0.634828711009669,0.0861975274360317,-0.0336188355419953
"8312",0.621326188966065,0.106962184209781,-0.0358897283867761
"8313",0.558918443456291,0.132342920437479,-0.0465579791150663
"8314",0.640432233435833,0.0589983800642758,-0.0425500855690746
"8315",0.645689370416566,0.120244865172476,-0.00795776799173841
"8316",0.637548599465261,0.129071764532671,-0.0613825687880904
"8317",0.609272773191606,0.104910291841059,-0.0400163562280426
"8318",0.611073609913855,0.130550151248706,-0.0479174756886062
"8319",0.646129944087099,0.0959760013005421,-0.0210176543973228
"8320",0.631486767218131,0.117888717065281,-0.0542952000456272
"8321",0.645619388478108,0.0571710206618748,-0.00748386873174229
"8322",0.643043423799145,0.091798219218862,-0.0420796585654125
"8323",0.638737698151178,0.101707604133874,-0.0220814013248305
"8324",0.614724225710296,0.122833464421377,-0.0309413450040619
"8325",0.692560306706693,0.108791345764891,-0.0182809693258851
"8326",0.659940153837464,0.0693759425880609,-0.0197953440269161
"8327",0.635751000996251,0.107835466736463,-0.0241238415140524
"8328",0.586529571391616,0.139228664046979,-0.0265175595649712
"8329",0.649168294055309,0.118496703683439,-0.0654730254173956
"8330",0.661514969035198,0.102126256645144,-0.0321398242446701
"8331",0.613327801770746,0.119951017379827,-0.0496337191106494
"8332",0.644014959176053,0.0914398696921781,0.00863109083070733
"8333",0.67003162263509,0.113033638883805,-0.0934336255856217
"8334",0.601406738554066,0.0875551255779988,-0.0191180300530139
"8335",0.685887609901379,0.0441650079487056,-0.0257348987970358
"8336",0.635027747871542,0.080422551817813,-0.0584342057609603
"8337",0.604637951253437,0.0519942051148418,-0.0550381755784383
"8338",0.62180847906439,0.0782925732720433,-0.0110786862134236
"8339",0.650128285138123,0.0910527012674895,-0.0308407812985488
"8340",0.607485258156944,0.0921915224997305,-0.0144824945362392
"8341",0.601203280453874,0.104137278084087,-0.0156681762018563
"8342",0.604190104232778,0.102540483776132,-0.0308302822586458
"8343",0.62527420078479,0.089094216148252,-0.0475402898416805
"8344",0.639621523985303,0.0968532704715588,-0.0400421924011288
"8345",0.623589092360208,0.0864126950005446,-0.00811135747813665
"8346",0.55071551793754,0.0651967228270636,-0.0543944528322927
"8347",0.618052685853514,0.0834363793914902,-0.0558455077440404
"8348",0.667775302919493,0.106622292646464,-0.0334989927440366
"8349",0.624655025193353,0.0849205676100557,-0.0379163030978041
"8350",0.634285096670562,0.0939805093102107,-0.0171508627621278
"8351",0.5958257349238,0.104005520966347,-0.0857373705552245
"8352",0.593486011630935,0.0897575085287862,-0.050616655701809
"8353",0.60432777828532,0.0854310407061622,-0.0378706675189919
"8354",0.67272859571939,0.100429495239462,-0.0580869291761776
"8355",0.571338744278339,0.098595190597803,-0.0498884104765009
"8356",0.661941727759583,0.0668800020095941,-0.0615162912923228
"8357",0.624001730606693,0.0989553180493321,-0.100494462652786
"8358",0.618717186977402,0.0739849497848035,-0.0349655168803208
"8359",0.68225518876202,0.0688282357140909,-0.00698154189960144
"8360",0.714900311038193,0.113054494860743,0.0143226934988652
"8361",0.617405243592237,0.0594628593422915,-0.0341523038508998
"8362",0.611414663453533,0.0754374887340514,-0.0204639000095349
"8363",0.631051934047843,0.0908192524637942,-0.0704834206990688
"8364",0.607946995664221,0.0552782426218551,-0.037942843842588
"8365",0.645637748396142,0.0803467736733585,0.00155177200323334
"8366",0.608139570469957,0.0711442069388222,-0.0603924926558282
"8367",0.662071211285468,0.124644738801131,-0.00961480210384765
"8368",0.615685326343295,0.0920892553219014,-0.05336499323132
"8369",0.639195586796868,0.0659361398065824,-0.0550408600153648
"8370",0.64729598098751,0.138841954303844,0.0070758707199907
"8371",0.637080664396158,0.0795519649721114,-0.0255807453256839
"8372",0.624444800096042,0.0867601700632609,-0.0412405770358515
"8373",0.671725782463325,0.0803244408044165,-0.0440014534464052
"8374",0.639648003159174,0.0973791011040278,-0.0424739824114627
"8375",0.634358896013465,0.0756048214223767,-0.0673920859479928
"8376",0.617160330777289,0.0366638544781312,-0.0399464635367254
"8377",0.643752481430371,0.11200674492515,-0.024983813732998
"8378",0.634641801260368,0.0514995444346343,-0.0613581660352483
"8379",0.634315608809787,0.108095990269817,-0.0128847744902903
"8380",0.609646473205145,0.129510421890671,-0.042099641615998
"8381",0.628834930542028,0.124319184307209,-0.0557331331455897
"8382",0.622502398657628,0.0934742718323223,-0.0339519991918065
"8383",0.586904940306625,0.065304220433253,-0.0319475651325066
"8384",0.631083292518006,0.0448032817225639,-0.0388638119679275
"8385",0.634632138068524,0.0744207969131576,-0.0370683463452131
"8386",0.631553193320767,0.0849380705482616,-0.0450743901348024
"8387",0.583635153985587,0.097030802620752,-0.0552032990391508
"8388",0.625100669570259,0.114200204202883,-0.0433679764420421
"8389",0.62321632640997,0.0916501349095044,-0.0118745798768135
"8390",0.646690836158305,0.105443849032774,-0.0121216862999608
"8391",0.621115586813192,0.0935316029299562,-0.0485250447030002
"8392",0.621561391022842,0.0905710737314925,0.00128485564361842
"8393",0.646515931996641,0.0983369827649054,-0.0407888715077332
"8394",0.667395247324669,0.0739845489463732,0.0075041521433637
"8395",0.66405851497567,0.101184555880657,-0.0155876923412248
"8396",0.643178966850501,0.124550258683001,-0.0353583552271588
"8397",0.628295705397461,0.0761419854051757,0.00442792992958199
"8398",0.607512389291746,0.0872804801218528,-0.0342925113884637
"8399",0.591644743231123,0.108981812597623,-0.0457436475296199
"8400",0.65287346259767,0.0867333274018702,-0.0586353168835078
"8401",0.637458942206699,0.0545056192296179,-0.0434433086538608
"8402",0.631253186092503,0.0863567730049313,-0.0268059986970739
"8403",0.62902619548663,0.0967527240364834,-0.0668290799405438
"8404",0.64228123033547,0.111767752553548,-0.0422632024551526
"8405",0.662993760012863,0.0771524746243931,-0.0319488919030188
"8406",0.649078255172348,0.0988445765255617,-0.0251147239153361
"8407",0.653220518877327,0.0571810480442536,-0.0441850332909702
"8408",0.642531014602702,0.0713773103491816,-0.03306822283432
"8409",0.675068067221791,0.072693811302463,-0.0413912734753121
"8410",0.629531343696435,0.0608187746689451,-0.0305987258647455
"8411",0.583466330050611,0.100421771778462,-0.0240466071170074
"8412",0.615973299851603,0.0913155315259134,-0.0315154454662683
"8413",0.646346476892894,0.0913669347008284,-0.0376631841336527
"8414",0.644215884042438,0.102132219937662,-0.0595557163604351
"8415",0.659806215083823,0.138025206771546,-0.0395990328002718
"8416",0.55635759892374,0.0361181923922155,-0.0404811657405004
"8417",0.6320891887248,0.0735008056598435,-0.0255149680529524
"8418",0.610440812820858,0.108859885916486,-0.0342838038901184
"8419",0.577856191075364,0.0847802443980036,-0.048303148510204
"8420",0.597798041278016,0.0776613404203395,-0.0372174047779785
"8421",0.626901411099762,0.0694541100258917,-0.0159243513521536
"8422",0.621406067795777,0.0912435390162829,-0.0379712552227862
"8423",0.655590662607274,0.117803822280229,-0.0192212355975109
"8424",0.613646376989248,0.0955282748110954,-0.0244636976561189
"8425",0.652658392104111,0.117992478031656,-0.0365588866301715
"8426",0.641004962954692,0.109377773926866,-0.00651475251501748
"8427",0.660613220873549,0.0728035571857143,-0.0737546996920415
"8428",0.582791324576347,0.0767618835859776,-0.016161970917179
"8429",0.601119885359413,0.0890894378099589,-0.034059786622289
"8430",0.596982046913421,0.120081959399147,-0.0564742437855326
"8431",0.639465185184782,0.0502113438929857,-0.0102441766047066
"8432",0.603444252507423,0.0955596561237859,-0.0578286602842169
"8433",0.653747128898806,0.104710807813352,-0.0265405520512779
"8434",0.638802025935079,0.109453090168109,-0.0668402746049321
"8435",0.628476506798366,0.0856979512357603,-0.0247393510435685
"8436",0.66326173762735,0.112469994757359,-0.0724468799924549
"8437",0.650504167661723,0.093693652087956,-0.0294001516694666
"8438",0.658653803590825,0.109372017456776,-0.0308509202782592
"8439",0.584363231592966,0.113126426065498,-0.0617807799993652
"8440",0.626481690314402,0.0971931037107095,-0.011661992680022
"8441",0.646932660416754,0.0935184806499003,-0.0488082948716633
"8442",0.594659908670661,0.0359447237741884,-0.00880284813031276
"8443",0.594559397350351,0.0830525221034135,-0.0172394103294822
"8444",0.619951161467981,0.0707112454534749,-0.0422691328910741
"8445",0.639301013635598,0.0743163965650432,-0.0113810321682966
"8446",0.612715553475434,0.0734673591428475,-0.05132573501505
"8447",0.617968289308236,0.0679789901452407,-0.0392720892587756
"8448",0.627903942682711,0.104321197762981,-0.041071391841599
"8449",0.631335060605864,0.107266338359058,0.00816763031329148
"8450",0.64184783685775,0.094341270592265,-0.0100311520563742
"8451",0.578910179165367,0.104760214241045,-0.0369177299222054
"8452",0.596953908324823,0.12362252485736,-0.0368920714781517
"8453",0.637390707435032,0.0468970708437079,-0.0471757493269201
"8454",0.65810704952779,0.090350571372965,-0.0330311553099227
"8455",0.656752771350152,0.103250257616652,-0.0124053651423294
"8456",0.686598829057223,0.100574256388285,0.00343493112872163
"8457",0.623753434042068,0.0818366310552611,-0.0276588755523759
"8458",0.624455633865068,0.0462677502297918,-0.0375382952366672
"8459",0.641764824619582,0.123260823303691,0.00704265351416328
"8460",0.597123101569701,0.0739804468767904,-0.0162651499327593
"8461",0.641203082512568,0.0801472571134423,0.000323641336287109
"8462",0.657770073080813,0.0896822553263854,-0.00972618267978063
"8463",0.624230001542288,0.0956474537874053,-0.0330603849924234
"8464",0.594183180730631,0.0697967525048488,-0.0629518916019895
"8465",0.613616231622842,0.0646447234200612,-0.0496068958518403
"8466",0.635339954115526,0.0962336466717429,-0.020977698856649
"8467",0.642540679439671,0.112204969269407,-0.0719776417581143
"8468",0.588499213418033,0.0726515283007106,-0.0152272311743156
"8469",0.659521993139859,0.0828199775704794,-0.0607245943646356
"8470",0.641374989389965,0.0448161737529754,-0.0060949014935103
"8471",0.598624336739504,0.0531739655145882,-0.0407720985965566
"8472",0.610351965419083,0.101694402540565,0.00386880452182529
"8473",0.716330034319424,0.091382577630154,-0.0335874099727709
"8474",0.615770873925515,0.080237552158749,-0.029446388989854
"8475",0.618717410359599,0.0515558074425006,-0.0537213697320132
"8476",0.634693778390756,0.124244415655033,0.00808943186839718
"8477",0.649972966994511,0.0780312041225527,-0.0633436685527974
"8478",0.624701338049724,0.0656404604481947,-0.0579918755944002
"8479",0.588576413199433,0.0685151741504665,-0.00923643469121224
"8480",0.619572901654531,0.112968355629842,-0.0693730574494488
"8481",0.580185186604944,0.0541064598692872,-0.0548764998662193
"8482",0.615694809075504,0.0790608264602616,-0.0312135257982495
"8483",0.633534408803015,0.12026989884671,-0.0491568444707274
"8484",0.703180467552753,0.122648261372396,-0.0417884084145364
"8485",0.602549282743335,0.0717514482628762,-0.0184393282249242
"8486",0.604486317274573,0.107692326457741,-0.0132535469811579
"8487",0.654138007106813,0.0907177577820801,-0.0289573995184343
"8488",0.679748269720483,0.0765519339177612,-0.027211334734519
"8489",0.645956060713318,0.0668144243175124,-0.0263369732159725
"8490",0.647755646340121,0.068196198223979,-0.0183503069063745
"8491",0.641514607779584,0.0835234593675455,-0.0111069702866095
"8492",0.589777373989002,0.0761634472957603,-0.0270159964023818
"8493",0.597070558801376,0.0733921234990423,-0.02107535970341
"8494",0.622227965295449,0.0907929429026391,-0.0203959535651993
"8495",0.655523432787313,0.103602876711629,-0.0486106900472923
"8496",0.617838905627124,0.0782540696416754,-0.00821656944281456
"8497",0.657488162067928,0.077746332308701,-0.00886744494959819
"8498",0.619500463009426,0.0874537279916819,-0.0366079127565625
"8499",0.656998769315366,0.111565837259921,-0.0630785629289019
"8500",0.612179695891035,0.11199580022106,-0.0684618271924341
"8501",0.626299823537028,0.0968266101783039,-0.0548324685084436
"8502",0.657149497613631,0.0830872174872316,-0.0496046887157228
"8503",0.639235085631789,0.0711863672011256,-0.0697607397658547
"8504",0.593302286245658,0.0569597554011359,-0.0598686046179413
"8505",0.627495033988037,0.115837422556635,-0.018233481666417
"8506",0.656234535655279,0.0516020461785087,-0.00807328348860663
"8507",0.564911977553736,0.101604968876742,-0.0516497127051003
"8508",0.64574770706999,0.0868792736155541,-0.0347789700359621
"8509",0.682742209052288,0.080538321637673,-0.0524897356019978
"8510",0.668674082819279,0.0819974681222432,-0.0524256206184656
"8511",0.609557011251246,0.11316009584755,-0.0476388759003627
"8512",0.583585432865779,0.113676545132034,-0.031233077739629
"8513",0.682713218595879,0.0546611389082646,-0.0324442368280592
"8514",0.609407703109077,0.0810199846729025,-0.0605135090346627
"8515",0.624435443220059,0.112463422354004,-0.0453869820122145
"8516",0.624959531475743,0.0912888452648518,-0.0194479284067759
"8517",0.692615899827923,0.0993449753835028,-0.0262461443256046
"8518",0.640019685589944,0.0845355598054736,-0.0259688548449465
"8519",0.637621716616022,0.088304691121048,-0.0349866884076198
"8520",0.653647167860991,0.112888855921276,-0.0350545456596144
"8521",0.622564542371378,0.095187947944125,-0.0511277555159416
"8522",0.650195127418282,0.131119064348087,6.66705004908133e-05
"8523",0.59295770953214,0.068384378148925,-0.0312886733016076
"8524",0.628200230331196,0.0883753420518107,-0.0272434888114737
"8525",0.618604350627618,0.0599675580272565,-0.0448709345904011
"8526",0.643451937390357,0.0876600430882829,-0.0675132178339106
"8527",0.670265692442878,0.085398278163906,-0.0448319725933297
"8528",0.613265418007869,0.120393031919958,-0.0462479259557324
"8529",0.610710689824823,0.0901437053189802,-0.0508129967734238
"8530",0.628137428380455,0.0928498603222106,-0.0325409051332444
"8531",0.641604457981075,0.0736451973089841,-0.0607771267371934
"8532",0.631172616837905,0.117170302759236,-0.0300629861852512
"8533",0.627427044435323,0.104969443023733,-0.0110603147497787
"8534",0.643957046966291,0.129043219486094,-0.0611994651482994
"8535",0.598339822095129,0.0857281540053662,-0.000700882230842872
"8536",0.682369956513538,0.0893194109053087,-0.0509907311124012
"8537",0.672480256406462,0.0807334903454377,-0.0353635800054289
"8538",0.626007487666756,0.0905320693242682,-0.0257447399611595
"8539",0.633587993283754,0.0952606231659682,-0.0104866838638969
"8540",0.624634590651183,0.0613991682368463,-0.0478493040152703
"8541",0.600599424791217,0.0912008784234184,-0.00763147037421689
"8542",0.650923528412864,0.118677814916612,-0.0482744313203364
"8543",0.647608877764768,0.0642757052899063,-0.059754761006719
"8544",0.592859678790054,0.0636433165312184,-0.044421902772876
"8545",0.681642936379516,0.0879649775802459,-0.058751467472772
"8546",0.612479087940831,0.0899875782766959,-0.0738938072904687
"8547",0.675657149859525,0.108462948450106,-0.0667657666047754
"8548",0.683669154740787,0.0697111063292682,-0.0439472917912127
"8549",0.621464749102061,0.0849196747046775,-0.0249373984157973
"8550",0.658208461447672,0.131616240443976,0.00289365001130823
"8551",0.611280567992114,0.077154428847972,-0.00379666809088648
"8552",0.575145380987888,0.076850380402744,-0.0533414897517295
"8553",0.617189455369195,0.0886330885798092,-0.0342884355879634
"8554",0.63856789867307,0.0899465007401312,-0.0604734285179795
"8555",0.628764843547136,0.0912252943235789,-0.0549978065779616
"8556",0.619663914068965,0.116385272745264,-0.0113713381766181
"8557",0.635297306609632,0.0875599397663254,-0.00316901488461922
"8558",0.635352904487816,0.0647921447761956,-0.0196988813094217
"8559",0.630585502519727,0.106590233155993,-0.00250135216371342
"8560",0.663624804384376,0.125917436883455,-0.0289658035615496
"8561",0.590339003471396,0.0765489001093819,-0.000515207239958307
"8562",0.637378210768653,0.0613010261254885,-0.0288691850581997
"8563",0.616247750864806,0.114982983032918,-0.0432580442416422
"8564",0.673534411079087,0.135867137632046,-0.0274542878514062
"8565",0.600452355454711,0.0850684237054603,-0.0283457252269678
"8566",0.581268944664455,0.0458648221209542,-0.0316639182223653
"8567",0.626076159099005,0.101970372976279,0.000160006831829762
"8568",0.637158865064083,0.0762869673304848,-0.0184114653710995
"8569",0.593086936305422,0.0540240893788719,-0.0172720981538165
"8570",0.629838481619672,0.0746005744245876,-0.0267933266688211
"8571",0.615059718448785,0.0788558754135382,-0.0097136675892483
"8572",0.645891874193648,0.0947355725602594,-0.049946436234357
"8573",0.665842413018769,0.122199748152135,-0.0100420037411742
"8574",0.631107769682934,0.0953151386751407,-0.0778795981298714
"8575",0.668987796134885,0.110246298430441,-0.0438496961411495
"8576",0.630296863347975,0.0861247115873777,-0.0485364387956558
"8577",0.622764554791289,0.0742966826845839,-0.0438338708711388
"8578",0.622678506177279,0.13271103776136,0.013459346507708
"8579",0.620190139147139,0.121313422514231,-0.0696226470897665
"8580",0.649114689801398,0.106343024918349,-0.0167765611598867
"8581",0.615926511611834,0.102650701334033,-0.0329245899220319
"8582",0.641828639821849,0.11311016557841,-0.0188365545404199
"8583",0.587865583191782,0.078065272086183,0.00452368578585418
"8584",0.623657065261986,0.119154246814561,-0.0431482534071289
"8585",0.584164938632597,0.0812658308596128,-0.0136176668783816
"8586",0.600210704184216,0.0950793994592994,-0.00952038638079451
"8587",0.602591319622424,0.104011626210795,-0.00350432241459666
"8588",0.63163025334449,0.129305674137569,0.00435544662267625
"8589",0.643398924609153,0.0510011742212476,-0.0178578295065191
"8590",0.67527752637627,0.104728398198168,-0.0149707052056835
"8591",0.644916581224112,0.0948342008383743,-0.025893081377707
"8592",0.609267686956884,0.0442676585161538,-0.0559525251317704
"8593",0.660817998062527,0.098589757409925,-0.061242024955227
"8594",0.629058457498854,0.0900821177086939,-0.0202085848699796
"8595",0.651410358422201,0.072545805771629,-0.0651568798260874
"8596",0.623554140004671,0.108243548290053,-0.0604589901797908
"8597",0.643947242800973,0.0841991936157139,-0.0727924048303593
"8598",0.606247005308939,0.0845761762665606,-0.0226639002522562
"8599",0.614611030661939,0.0729161403119588,-0.045672414601417
"8600",0.64292962585686,0.102605308171158,-0.0302181215466867
"8601",0.588921365917872,0.0476093937327266,-0.0222810084641586
"8602",0.650414001987684,0.123514596079674,-0.0381706683357582
"8603",0.643498199009555,0.0847167177577249,-0.0469375761246358
"8604",0.599232953576107,0.0755719217540351,0.00509771960207848
"8605",0.61480765186285,0.0949975583509482,-0.025756829134884
"8606",0.639409694053735,0.108418506109998,-0.0609530521393819
"8607",0.632710392145295,0.118164179812051,-0.0657745149293848
"8608",0.63068315138182,0.0833091135934282,-0.0241218037497222
"8609",0.66388968379488,0.103164174294183,0.00890461898789065
"8610",0.612869530781666,0.0720011833192943,-0.035066422385152
"8611",0.638882954033382,0.0867263054280731,-0.0554938559464032
"8612",0.677771456247545,0.106205874980934,-0.0301817735800938
"8613",0.599992963688753,0.0216729058229022,-0.0819396871761406
"8614",0.615003178491001,0.107391183973951,-0.0174657343564798
"8615",0.643945824508673,0.121914438856739,-0.0723539720821768
"8616",0.661138876580435,0.111829871074909,-0.0846771546252722
"8617",0.618097633878728,0.0701988602422793,-0.0488998817791909
"8618",0.642163876513073,0.119691520822521,-0.0785037835514288
"8619",0.60055696881078,0.110364091064131,-0.00916688316490161
"8620",0.698165742215097,0.100133009814975,-0.0320272635673794
"8621",0.605199496962789,0.0659450767819447,-0.034687205159615
"8622",0.562973661067606,0.0753488892659597,-0.0196836881294103
"8623",0.616692566966725,0.0902675068069878,-0.0409833043740921
"8624",0.58746481084565,0.114616691224532,-0.068557382288939
"8625",0.620872552720778,0.120790019654409,-0.0245436572397176
"8626",0.653432740102625,0.0948467002387905,-0.0346194395767122
"8627",0.607805935790361,0.120861345841733,-0.0509341882788125
"8628",0.616462895836842,0.10122465465662,-0.0600040252330772
"8629",0.623620461735893,0.0357359627214214,-0.0236305579900709
"8630",0.643473792069843,0.0868622277605577,0.0167833157580844
"8631",0.580095378162407,0.0911190629611005,-0.0632339383174683
"8632",0.632835414750569,0.116988994761153,-0.0441343219858622
"8633",0.632206297488604,0.106583928573061,-0.0264623225085782
"8634",0.618831604619551,0.0788189988746444,-0.066870746998578
"8635",0.635995403233987,0.0602644724786455,-0.0283473203050966
"8636",0.661826267139011,0.0664666992137279,-0.0397825001457823
"8637",0.639671947576336,0.0970781161513645,-0.0627441567324041
"8638",0.624265799872045,0.095367459239883,0.0128992187329
"8639",0.622735547145991,0.0922844255851675,-0.0568570133830104
"8640",0.623769029943579,0.0968672038678852,-0.0208329556147845
"8641",0.605096820924407,0.100920176327397,-0.0554703915670926
"8642",0.617770602464153,0.110496216933884,-0.0270710021281971
"8643",0.619831883336317,0.0834137933461988,-0.0325730789158198
"8644",0.661042064434432,0.122325317401743,-0.0501637593653864
"8645",0.595241861402891,0.118638007280267,-0.0704556399450262
"8646",0.614150240828638,0.0984443785260894,-0.0234399878842305
"8647",0.668413114033158,0.115543446756376,-0.0116222266331574
"8648",0.641866418638203,0.0479159939066805,-0.028000894019114
"8649",0.662872504744042,0.0618714480096962,-0.0318072523592378
"8650",0.557043806249408,0.0611544186889204,-0.0236665916821495
"8651",0.5976699123334,0.100843728291035,-0.0355795056609905
"8652",0.608946944984363,0.0505673100544107,-0.0403041048579898
"8653",0.600193670363611,0.101357657211506,-0.073209614212372
"8654",0.613418572574875,0.101839985996732,-0.0606164250737491
"8655",0.68053036222184,0.106795960454478,-0.0536132426690629
"8656",0.627845868301078,0.1029389832797,-0.0103129384055314
"8657",0.636393977435825,0.115306776426366,-0.0355668989999129
"8658",0.61293723756319,0.101903428825424,-0.0633932046384249
"8659",0.627075345338282,0.110534464810781,-0.056672743988096
"8660",0.657878443395103,0.109475944189732,-0.0458857121089194
"8661",0.594072415430196,0.10361907277693,-0.0359991297324293
"8662",0.619982715124694,0.0811397449903645,-0.0569662516255879
"8663",0.64680445608423,0.100523444868197,-0.0411676877526372
"8664",0.613530659032605,0.0502545549973454,-0.0340844332931274
"8665",0.609388678892083,0.109199075828079,-0.0134706152141824
"8666",0.661277710236416,0.110328121193775,-0.0131258105774173
"8667",0.607380230203504,0.0773621066144296,-0.0778456827606237
"8668",0.647156886123317,0.0963946912953017,-0.0280479980812523
"8669",0.621573317630998,0.0764862152645455,-0.0488132190250332
"8670",0.629309276160603,0.136300977543862,-0.02890528230645
"8671",0.654428750279249,0.0712137019215656,-0.0557273540875714
"8672",0.60556996169159,0.0342617871585007,-0.0666617042975828
"8673",0.635738322251474,0.0931412686747115,-0.0341491732289081
"8674",0.595324272011724,0.0430958535282328,-0.0416585734452449
"8675",0.575879620894231,0.0826012958111124,-0.0239035769418546
"8676",0.647959616120256,0.129847722031152,-0.0162328357831302
"8677",0.673800927824527,0.101374389584874,-0.0373322002375021
"8678",0.668237508381098,0.126829299455539,0.00319764868468506
"8679",0.600943046646556,0.117681166980286,-0.0103636691524086
"8680",0.633827404482685,0.0704285607167175,-0.0165781913336049
"8681",0.595017663165329,0.0719596809633027,-0.0586259803746624
"8682",0.661160408428882,0.104506370046099,-0.068498772662614
"8683",0.595839292053694,0.0783700688622451,-0.0482726765813432
"8684",0.620117573541559,0.0844870129174158,-0.0615947308027825
"8685",0.645843089563854,0.117535557417645,-0.0319063533237744
"8686",0.610196339303969,0.0707397601428703,-0.0311548818513789
"8687",0.622412944815743,0.0950733081959877,-0.0639683491853646
"8688",0.579324165326017,0.115533246462407,-0.0507602966447358
"8689",0.631405897709986,0.10157563281825,-0.0693594951511207
"8690",0.64736886772966,0.101680039821463,-0.0327150926441626
"8691",0.673137381537492,0.124709739316513,0.0395975379984057
"8692",0.624075000314004,0.0765079562482137,-0.00517962511366411
"8693",0.64360790680576,0.105878380373626,-0.0307268693389785
"8694",0.639848845472304,0.0964369559357732,-0.0349095461416027
"8695",0.661064529184354,0.0800737730938424,-0.0331830841769016
"8696",0.627513225749632,0.099250988751346,-0.0519835107385398
"8697",0.630340703639795,0.120337676439089,-0.0549498533599438
"8698",0.67555542530721,0.108263141584885,-0.028849802086418
"8699",0.621647819899857,0.070900672891451,-0.0216821264347312
"8700",0.546314945158061,0.0635311678149316,-0.0704668398100627
"8701",0.58595842814599,0.105833461586361,-0.00741870070509483
"8702",0.598055617725188,0.068359168072261,-0.0272358503209546
"8703",0.615475340463008,0.0743618953763248,-0.0505739362985011
"8704",0.596082902091019,0.103504904398385,-0.0486456316449322
"8705",0.610626243637755,0.0712010017422486,-0.065684019867211
"8706",0.623203221533721,0.0860733751744456,-0.0499197299710742
"8707",0.622703827391386,0.0780460474891053,-0.029343500231551
"8708",0.621413794615095,0.0936770883407875,-0.0260521577360485
"8709",0.67127927042501,0.0967146423110914,-0.00813294099008404
"8710",0.617325434366434,0.0755331820773687,-0.0122930075026284
"8711",0.606108852366804,0.054023749727622,-0.0346867088913957
"8712",0.672622886156234,0.0866971302044594,-0.00595487763735192
"8713",0.646136095761425,0.0854630344046824,-0.0283648109084817
"8714",0.653191825231986,0.114727040227807,-0.0671229799130854
"8715",0.633390066813707,0.0761122881796399,-0.0163154153875165
"8716",0.643641496387002,0.0766300600379389,0.00294497018168581
"8717",0.636637732384736,0.108508316801522,-0.0847432320858175
"8718",0.625779486386905,0.0897816792006013,-0.0468059155139396
"8719",0.659000316076129,0.0995537071768455,-0.00290864336279779
"8720",0.62539484542794,0.04228921955051,-0.0578967553696905
"8721",0.624427598602241,0.115762138947518,-0.0735538233391586
"8722",0.641628218297052,0.0879816337996444,-0.0500459182900084
"8723",0.596643801907736,0.0582396891310123,-0.0472527104386001
"8724",0.589600393790202,0.0663925195919469,-0.038262570383059
"8725",0.636715614600987,0.129297304186164,-0.00571632102420516
"8726",0.637973343666607,0.0466696873225065,-0.0546643410381596
"8727",0.615582067787873,0.0604317954208413,-0.025589553801489
"8728",0.68265224745207,0.0906559643888869,-0.061640667854206
"8729",0.641357323299186,0.0766859333487094,-0.0129699595616817
"8730",0.6560590041001,0.0823521602811059,-0.0388229916831844
"8731",0.560835880726986,0.0734595697700877,-0.0596377816506793
"8732",0.617959846022897,0.0969109559622275,-0.0409067184992047
"8733",0.638233533483252,0.114827106000886,-0.00553888652198351
"8734",0.591994395343405,0.043851575120142,-0.0352142579468804
"8735",0.6410158779702,0.0502870259805553,-0.0453060374371175
"8736",0.586320149594676,0.0858829405184965,-0.0228350909533565
"8737",0.644526187658623,0.104435930765976,-0.0331333833967856
"8738",0.646699919429726,0.107233549728987,-0.0420462936666892
"8739",0.65257600417915,0.0928023595141315,-0.0716677304649149
"8740",0.634898981048522,0.0870360958397127,-0.0557950821052297
"8741",0.693313649603682,0.100419541060997,-0.0406339076931331
"8742",0.613842437338484,0.0422226423137341,-0.0163902915363362
"8743",0.601844245943904,0.0962235839375588,-0.0438824869231143
"8744",0.6701525226187,0.100608262113124,-0.0214911343436101
"8745",0.644068089430636,0.138368716111828,-0.0831557954235827
"8746",0.650493558155376,0.104692392855349,-0.0625174713641101
"8747",0.614625561846529,0.0768869579313541,-0.0455609735071299
"8748",0.646544643094734,0.0955748334880527,-0.0789332967612299
"8749",0.633677711071774,0.0623116544708029,-0.036015351361609
"8750",0.609556865212307,0.104752086668236,0.00132410654311557
"8751",0.606053272511482,0.128863988153972,-0.0322934736882978
"8752",0.63147411766467,0.0705014689433693,-0.0313772379378777
"8753",0.609289171619971,0.0551759914872974,-0.0601589888946382
"8754",0.632174645755272,0.0820654648900396,-0.0528072962102847
"8755",0.626817982308956,0.095115938073465,-0.0457846693833971
"8756",0.625017681992611,0.0988253146634957,-0.00331288217162968
"8757",0.627673920615809,0.0801609619516233,-0.00121590465557547
"8758",0.620502624113057,0.138262027401662,-0.0302239790335219
"8759",0.59184256442544,0.121927578683065,-0.0378407465412329
"8760",0.672464120587682,0.103651450479151,0.00193711298018886
"8761",0.571621037847256,0.1041620429835,-0.0467822998258112
"8762",0.660492757680371,0.0967702007454145,0.00840025149107577
"8763",0.627040347043206,0.102867919724012,-0.0347349629544025
"8764",0.672250853304402,0.110885414861309,-0.0250339396837285
"8765",0.55882346175419,0.103395925752711,-0.00606877482555616
"8766",0.652626630167716,0.0991552532447015,-0.0714890856084026
"8767",0.541248475426742,0.0837665896589196,-0.040269926735293
"8768",0.642202715877458,0.127026778730009,-0.0376635956336137
"8769",0.603782428514338,0.109560535864898,-0.0285502064249934
"8770",0.670800877962835,0.141381082523925,-0.0277249381879318
"8771",0.628435955230437,0.0686638012955735,-0.0493553401743317
"8772",0.590935719678538,0.0662906167730915,-0.0778171455435296
"8773",0.615720900142252,0.0767641697141685,-0.0163208224231458
"8774",0.597473123030496,0.0941378643336772,-0.0373073547417357
"8775",0.679232803361791,0.0896066339791737,-0.0419872985847498
"8776",0.649184368115996,0.0817918927662761,-0.0598531299733332
"8777",0.684110056710185,0.107749660103781,-0.0239712551438545
"8778",0.63936484469982,0.112015047290685,-0.0280749856639643
"8779",0.646914566754542,0.135746666109068,-0.0401668059394591
"8780",0.637727495732088,0.105443787812915,-0.0184779185546791
"8781",0.595885523005769,0.117613759777967,-0.0477426520092292
"8782",0.628254642599567,0.0677004236497285,-0.0484848796549644
"8783",0.678186139940226,0.080368000191689,0.00634690458289171
"8784",0.602693722370601,0.0827378460365551,-0.0451786431025388
"8785",0.643353434878855,0.0809770554420058,-0.0423273508208633
"8786",0.636890239221643,0.0985171775823526,-0.0173478653972937
"8787",0.599680282124295,0.0862980388077887,-0.030261031961076
"8788",0.639028681097646,0.0907857104194431,-0.0421952680978131
"8789",0.630614967661157,0.117039641114378,-0.0649525186786634
"8790",0.650484700658718,0.105278795833847,-0.052348619074992
"8791",0.595262718522249,0.0842576681189098,-0.0639867096551254
"8792",0.611429033073197,0.0984256389765188,-0.075836751688932
"8793",0.647659149366171,0.120239300221039,-0.0507692507514026
"8794",0.670139727345617,0.0938635665124472,-0.0402585865275746
"8795",0.608664783582733,0.0863487544377004,-0.0480172636995349
"8796",0.641339217605877,0.117879285528902,0.0349788470199401
"8797",0.659252863126143,0.110509604590774,-0.0458956883707668
"8798",0.685425262012966,0.0991676168600853,0.00127002679421812
"8799",0.594781391562279,0.0927616203672098,-0.0343834288060166
"8800",0.632050137951667,0.0486981106610293,-0.0633745736603091
"8801",0.645165319627509,0.105818619822972,-0.0388860378760757
"8802",0.648068373781942,0.0359300529529376,-0.0573375006351577
"8803",0.594641713406162,0.066663406262728,-0.0181227891841609
"8804",0.604861975517973,0.092603127631689,-0.0375115065312729
"8805",0.586746047244307,0.0703049361062044,-0.048695671251817
"8806",0.637928967999798,0.085002924655852,-0.00795197785802603
"8807",0.659741505412367,0.0989309784779346,-0.0548668226469129
"8808",0.659789921304851,0.115039027252701,-0.0404069972163402
"8809",0.675528874298837,0.0836622455793332,-0.00552029351277838
"8810",0.627856108990966,0.087393554554255,-0.0732696441854269
"8811",0.645213752654518,0.113560990576455,-0.0464416340538157
"8812",0.62097328689599,0.0804340819789317,-0.0334007138703
"8813",0.659024890457755,0.0842510922290224,-0.0756942280761982
"8814",0.658560764670113,0.102493140130713,0.0340701786826617
"8815",0.61336538488394,0.0718249912685509,-0.0198514544522473
"8816",0.628556326335797,0.12908664305574,-0.0280206076671701
"8817",0.620491208435446,0.0767963625856954,-0.0439421868599496
"8818",0.590629348820676,0.0755096439596007,-0.0267298530742847
"8819",0.679273988510306,0.12675988994084,-0.0286679674271828
"8820",0.630855756924222,0.0648492279459081,-0.0762602367309494
"8821",0.667131636061483,0.0634538630082791,-0.0388401106674841
"8822",0.665663200394664,0.105916794398227,-0.0785374521363226
"8823",0.638239908966658,0.132466324808373,0.00377488103942659
"8824",0.636865735036676,0.0879211422714023,-0.0393337702499918
"8825",0.663546054436731,0.0684185833355077,-0.0412458615671548
"8826",0.626005559034221,0.0825476059941311,-0.00925088069668542
"8827",0.638838092216543,0.0744674394009308,-0.0503867827112998
"8828",0.644963220099122,0.121183724257059,-0.0334735058315597
"8829",0.664132888216984,0.0986453497791616,-0.0369923144551342
"8830",0.584370704108058,0.0544734580205743,-0.0336168563404269
"8831",0.661461493809976,0.0734481974440635,-0.0111011467297865
"8832",0.638279862327581,0.120089778828615,-0.0441715124470757
"8833",0.629284823768879,0.0960383621723784,-0.0655326041484148
"8834",0.613746162811881,0.0660371061467192,-0.0754971883472783
"8835",0.64479845580277,0.0891384369478582,-0.0256990829753994
"8836",0.630723994341843,0.0914268582970387,-0.0415115689362954
"8837",0.641848736865617,0.10294949613479,-0.0143304385869966
"8838",0.598837056209832,0.0857276514576299,-0.0366882032124694
"8839",0.620501641635784,0.125815200179301,-0.00316384638422317
"8840",0.620807640866739,0.0896776310322593,-0.0344335012169436
"8841",0.654794262163527,0.123110920922992,-0.0293179946469771
"8842",0.638420990435266,0.120884688018332,-0.0128596610681213
"8843",0.619887362113573,0.126873358216956,-0.00400423166556767
"8844",0.595517259412127,0.088473575075959,-0.0395476639548155
"8845",0.574238361296131,0.0793704339671718,-0.00366096384033619
"8846",0.590586096279346,0.122895630890982,-0.025529256476367
"8847",0.673646226293043,0.0843839557376514,-0.0311597921297702
"8848",0.652752791720258,0.0991919114810398,-0.0426288975447022
"8849",0.619667659031047,0.0947141812188036,-0.0328218218196926
"8850",0.6333453204103,0.0843226811167042,-0.0161566222448614
"8851",0.679970038606295,0.121638886597387,-0.0362000358200096
"8852",0.639223925037198,0.127525779592972,-0.0537148422016313
"8853",0.60329907418971,0.0760516904352877,-0.0830349774171449
"8854",0.622170799320514,0.0751534510487698,-0.0400605544089268
"8855",0.62021593481456,0.0981768806974719,-0.0488735784753474
"8856",0.581403018730162,0.0898396869765646,-0.0229254589073479
"8857",0.605592675425285,0.0852694016575049,-0.0117038864157705
"8858",0.596162447333109,0.0772701630293228,-0.065703012713205
"8859",0.572311472252902,0.10975315291482,-0.0273806142211974
"8860",0.624776758412442,0.0923564724185357,-0.00876910005131408
"8861",0.605037240738114,0.0843847975727077,-0.0305032934020363
"8862",0.655674936481756,0.0891419061598824,-0.0318331823809282
"8863",0.59690823051532,0.086942708210692,-0.0403137730988423
"8864",0.657905111970922,0.0831263845659066,-0.0594377386079118
"8865",0.609280230540247,0.0668281948575319,-0.0383739864688761
"8866",0.652581102475399,0.0987162465762344,-0.0576048970516204
"8867",0.618978124642595,0.0708561718273332,-0.046866127229809
"8868",0.646335024906549,0.0789653875646367,-0.0572687761479999
"8869",0.650002412918526,0.108538471319269,-0.029595134221542
"8870",0.647467119652026,0.0979984022538983,-0.032549228745453
"8871",0.648731246499025,0.0785120533995285,-0.00127599789659169
"8872",0.624368864536152,0.0668297138717264,-0.0240558325549978
"8873",0.639455713005291,0.0936557711407213,-0.0731686947813225
"8874",0.685716977525291,0.0774135413595408,-0.0272311598139223
"8875",0.578345088823494,0.0871170782831394,-0.0542874436715615
"8876",0.632271160737684,0.0840610883336741,-0.0710905303896155
"8877",0.684917912901104,0.0902474678477879,-0.0446556651196228
"8878",0.663379927625707,0.0644030185689642,-0.0500187666766962
"8879",0.637315406874457,0.113550720333188,-0.0256848826644644
"8880",0.664893365942743,0.139087430508959,-0.0383762492188614
"8881",0.625656033568375,0.0764718672014711,-0.0407050167361353
"8882",0.631525295726278,0.0929484765846176,-0.0299387280149709
"8883",0.598200808228713,0.105807816293325,-0.0625061569159771
"8884",0.61943147758396,0.0947474829203765,-0.0498203001634419
"8885",0.610520666173536,0.0756015692548214,-0.015291948807554
"8886",0.617800412670573,0.110723364411414,-0.0227045667052274
"8887",0.622064115788916,0.0512029424397831,0.0205807668368737
"8888",0.638032901196735,0.0812825282374711,-0.049244133400394
"8889",0.663515972035057,0.117285555780224,-0.0105905278195204
"8890",0.625821794593066,0.0945681224741529,0.00235439926072365
"8891",0.644280257745492,0.0818822182351653,-0.0258756070949638
"8892",0.63374177316467,0.106412221734573,-0.0535171927644667
"8893",0.646597670457623,0.0557048905396994,-0.0566798654339836
"8894",0.640511809731196,0.0769840974775752,-0.0588111992459177
"8895",0.58559595884112,0.0381136609739674,-0.0466464065007615
"8896",0.601954928099204,0.0709379339359462,-0.046592984683698
"8897",0.605878046837994,0.0695183741299909,-0.0128882747189924
"8898",0.59853281762873,0.110865443852065,-0.0551223344494352
"8899",0.62766065676119,0.0934256471747201,-0.0344247469126765
"8900",0.648372457060389,0.0895993297034375,-0.0262994373666684
"8901",0.604861362778966,0.0497553204766551,-0.0688822813349451
"8902",0.625480805138186,0.117556874195244,-0.0286914225853572
"8903",0.614397590083714,0.084392561998818,0.00284854952309636
"8904",0.649571072684826,0.15125273747585,-0.0553178590162832
"8905",0.620061558674924,0.0577921958851554,-0.0530906837737203
"8906",0.619863636225571,0.0995924580272844,-0.0238207850732712
"8907",0.587481659470545,0.060223902287763,-0.0443542215463886
"8908",0.624093637480583,0.0746813060850042,-0.0278259817044641
"8909",0.611722211564621,0.0874387625327293,-0.00707880197504433
"8910",0.602534551074639,0.118554782162986,0.00180165616990853
"8911",0.649352459532501,0.114065528735497,-0.0612659131349781
"8912",0.645827212362516,0.0755218893273904,-0.0160924590117165
"8913",0.631440465933805,0.0816416250540795,-0.0674193537556003
"8914",0.679300866774561,0.0742950447467541,-0.0751928944548246
"8915",0.639120775158159,0.0944702742818234,-0.0401977033025763
"8916",0.626908709163986,0.11694968679021,-0.0482404500533808
"8917",0.609053180655827,0.0855990886328643,-0.0578686374211244
"8918",0.658408629545437,0.0828887486540755,-0.0597837719952301
"8919",0.645047452308172,0.100379858816834,-0.0403185875182956
"8920",0.617650598634476,0.0856366931767139,-0.0417395146827163
"8921",0.623551137773633,0.0899603719196486,-0.000188070368758293
"8922",0.657299516235557,0.105344585692777,-0.0181312054474252
"8923",0.668455813030599,0.11725735982081,-0.0238888415770828
"8924",0.608381474486792,0.106929215447766,-0.0428286909184805
"8925",0.674581821140189,0.0769344439944584,-0.000451724206896452
"8926",0.627587952280123,0.123671846954441,-0.0146250751391949
"8927",0.687010800203731,0.0934983097767648,-0.0364716460967172
"8928",0.604392460051779,0.0712842629575623,-0.0722006032015377
"8929",0.588957360169349,0.0769157555358905,-0.00932776927686231
"8930",0.623221158012244,0.0847181475706535,-0.0604470925325169
"8931",0.589825466605719,0.0675716412492126,-0.0181581638491555
"8932",0.617357657768487,0.0767199668809714,-0.0689842419011987
"8933",0.680864987058277,0.121519380258918,-0.0378215477356497
"8934",0.609805756355894,0.11362332547512,-0.0781893134719934
"8935",0.683287482319453,0.105451753165847,-0.0488945547011787
"8936",0.632533056169556,0.10047367050553,-0.0492062549805184
"8937",0.577297690496974,0.0951264860608762,-0.0757846233888763
"8938",0.649724558838108,0.0799052460356569,0.0051721607949905
"8939",0.674918457334906,0.0878429148836845,-0.0461418840658876
"8940",0.668655233059011,0.106944434898284,-0.0409210207595513
"8941",0.588592047071622,0.102540997112891,-0.0553044469973947
"8942",0.649721471365544,0.0837391165363193,-0.0428109903958047
"8943",0.636421367518239,0.0692835407065319,-0.048420217281005
"8944",0.636786685973109,0.0862058563604764,-0.0288270204052667
"8945",0.686066841243241,0.127615350642906,-0.0194304087933388
"8946",0.668739375317487,0.116761392407594,-0.0225848943980622
"8947",0.636108432561906,0.0753684445049727,-0.0680159519088677
"8948",0.648986212639595,0.0798821473447945,-0.0623378057892803
"8949",0.694079054941315,0.125381662977563,-0.0226051291969066
"8950",0.65676397992928,0.0661437566617988,-0.0150368871219267
"8951",0.612857082250132,0.0590762363358224,-0.0508065810948655
"8952",0.622586949293348,0.0990758715839877,-0.0448716683042044
"8953",0.603367704730867,0.079275431848328,-0.011704554263336
"8954",0.64978167188187,0.074198404201246,-0.0383551288532726
"8955",0.65595501558626,0.0786315728924468,-0.0121417129281939
"8956",0.606690400113446,0.111256703993997,0.0140853385591828
"8957",0.570271513637879,0.0498887746760082,-0.0596276443488711
"8958",0.674011552953876,0.106167049430416,-0.0681941576501287
"8959",0.640498804498033,0.113086157171225,-0.0520972685512673
"8960",0.581403238037336,0.0735559743292836,-0.019001824473562
"8961",0.586326441118131,0.057409679568815,-0.053980637843176
"8962",0.653781825594945,0.0766217955680328,-0.0247118346021701
"8963",0.577143495034386,0.11729967232126,-0.0314270623529372
"8964",0.622891989933952,0.0850027303234559,-0.0613907304572608
"8965",0.583901129118859,0.0548754595089779,-0.0666009444620273
"8966",0.639854657370181,0.14294502135251,-0.0010612468616143
"8967",0.611689486020884,0.0821416869022939,-0.0610677773478464
"8968",0.630820623092212,0.0926328275564426,-0.0121893961679856
"8969",0.664250808289498,0.125918196020451,-0.0484873826876824
"8970",0.667763276195493,0.123357634487648,-0.0545036173921726
"8971",0.598191743482928,0.0533438144868076,-0.0205455617336895
"8972",0.663108626924073,0.114505478749544,-0.0066777080040034
"8973",0.606734205988314,0.123907559295989,-0.0311466149436125
"8974",0.67795917698964,0.0947316275773429,-0.0389188011814941
"8975",0.643227600355734,0.127580692134509,-0.0610738645917478
"8976",0.599287666808233,0.0534314004267,-0.0311081013079866
"8977",0.626848791419476,0.0987615306977061,-0.0449939915257332
"8978",0.615101653050947,0.0657959396342403,-0.0332255157897713
"8979",0.682294987973455,0.108384914746916,-0.0327750049200965
"8980",0.655673051263261,0.0936108530788409,-0.0236763348231199
"8981",0.596226384541776,0.0969655325606281,-0.0362729584754709
"8982",0.673610252121121,0.0989616619935285,-0.0445384236554624
"8983",0.620156586297332,0.105027313838618,0.00593362485866705
"8984",0.653793386133835,0.0851177030908497,-0.0325539258640098
"8985",0.652383942798301,0.0885361991812109,-0.0382769363269187
"8986",0.627826667931698,0.0942818701924088,-0.0281033883374692
"8987",0.656507688040072,0.0736524960489161,-0.0297282671986718
"8988",0.700534676308918,0.0873696244804393,-0.0199170205034172
"8989",0.678230248577401,0.09512487810263,-0.0490207719373685
"8990",0.633931438361607,0.0906328844101156,-0.0203914507783665
"8991",0.731812551065306,0.141672849138085,-0.0492769744336518
"8992",0.644281910288798,0.0783391305818092,-0.023130412148659
"8993",0.603644743388607,0.0970387175157147,-0.0496018803089347
"8994",0.616605570880009,0.107183139640848,-0.0164514504486004
"8995",0.600166787839961,0.076319504514628,-0.0126370412256245
"8996",0.597684293848988,0.112293405521615,-0.0179356616287817
"8997",0.607804945853129,0.0919742933077589,-0.0360472003380692
"8998",0.655218694289185,0.0804541900511574,-0.0570882495587032
"8999",0.635862957112889,0.0948921277486231,-0.0059211599289503
"9000",0.64913516729325,0.110799566411982,-0.0256957741668558
"9001",0.64640253263761,0.0913240931223988,-0.0227247578696407
"9002",0.62645432564703,0.0541338177529489,-0.0318834449006454
"9003",0.61536700414666,0.123747411346977,-0.047178777984639
"9004",0.684874966756554,0.135979227878106,-0.023057783224249
"9005",0.56686325708106,0.111805657488401,-0.0455006048838858
"9006",0.625040366011512,0.0805989593037469,-0.0674699143536358
"9007",0.642425685798626,0.0822715069355534,-0.0749011618418008
"9008",0.634117470810611,0.0909696361446022,-0.010998419089899
"9009",0.655710049000252,0.11269076460123,-0.0189066621317997
"9010",0.644785942563868,0.111528627283193,-0.0827377318139043
"9011",0.636881344357564,0.104759244287294,-0.014425393488345
"9012",0.604044273207843,0.0702177429806937,-0.0749042728628521
"9013",0.669830774096553,0.0666309337447804,-0.0120668823206615
"9014",0.648651178533737,0.0891121282481247,-0.0269695090040961
"9015",0.673322142473408,0.079017344859364,-0.0378118785063406
"9016",0.643600122622974,0.115208085112951,-0.00871256814405469
"9017",0.623456493958271,0.0834974456498789,-0.00037398678880271
"9018",0.657973691124807,0.0521973322890743,-0.0472194367315358
"9019",0.622025092694228,0.0783026654725041,-0.0607447440479525
"9020",0.675688777327986,0.120779250732782,-0.0169645830860901
"9021",0.584666660073469,0.0850954694241024,0.0015975716241482
"9022",0.639842462159056,0.0951797019427977,-0.0871594572951506
"9023",0.586187080328062,0.0805232869019416,-0.0355713117636146
"9024",0.658160229680504,0.122402876852879,-0.0184535924082892
"9025",0.648583274926477,0.0994783016578538,-0.016229474998152
"9026",0.610164710067544,0.0888660161465148,-0.041915469537123
"9027",0.613028554286312,0.0988439170971218,-0.0704405986866967
"9028",0.594848310349513,0.101928254144959,0.0063360015534673
"9029",0.626295964428072,0.125907234917885,-0.0310603474597449
"9030",0.610640607163251,0.0607548420196498,-0.0317463933559949
"9031",0.639125233620369,0.0806585482559876,-0.0287055323102012
"9032",0.621136765906723,0.0906939675133655,-0.0158494141588852
"9033",0.624949373605089,0.0644523621189217,-0.0626805506240915
"9034",0.652227120645834,0.0483245241671062,-0.0606392272655073
"9035",0.613111030850463,0.0703855105622521,-0.0210190927953089
"9036",0.581040257772894,0.0748686239742147,-0.0351399827297168
"9037",0.591127961490384,0.0570485942752915,-0.000259346257128396
"9038",0.649327145794805,0.121619582330999,-0.0030287817121411
"9039",0.578096726364874,0.0735885496181236,-0.0409447197819228
"9040",0.638455980993878,0.0597084755356141,-0.0264157406073901
"9041",0.650086654304158,0.105260638284406,-0.0409206064703882
"9042",0.663610034360495,0.0898195931990849,-0.0336095194181809
"9043",0.588116910996255,0.106765191253248,-0.0367808924994145
"9044",0.602574198158108,0.0779629024457938,-0.00442151638944167
"9045",0.66013433506678,0.0915575391637811,-0.0274809463919089
"9046",0.578080260398667,0.0499287778973663,-0.0646011854364804
"9047",0.651738852569437,0.0920423726853038,-0.0300390846644624
"9048",0.588412200918184,0.112050215451362,-0.0232402138112828
"9049",0.612583358849384,0.105048849557973,-0.00499340678896218
"9050",0.649862182318003,0.0848937467303315,-0.00877326003772128
"9051",0.679464334310076,0.102820221857676,-0.0226293944505222
"9052",0.63097722353892,0.0947184332723096,-0.0397365045863084
"9053",0.668074293479423,0.123311488477896,-0.00719428428435392
"9054",0.628965715281537,0.0757361711751893,-0.0377963060548009
"9055",0.631844331805453,0.098159663130576,-0.027653527830616
"9056",0.659312359274432,0.0968654933139618,-0.0355666822419031
"9057",0.554066177815323,0.108202603950304,-0.00433100581010405
"9058",0.678571781351325,0.119073508081584,-0.0489569085530026
"9059",0.626593342951937,0.0550813087079175,-0.0505836385264958
"9060",0.606801524080714,0.105878499720248,0.00522821484351792
"9061",0.623391478118997,0.0709953942231992,-0.00220461205278912
"9062",0.601942913334872,0.108638947312418,-0.0470112994103087
"9063",0.66146397513974,0.108820405815567,0.0138798564131049
"9064",0.626159848152689,0.0660958606817045,-0.0483989087475896
"9065",0.643994774432976,0.0681287917701414,-0.0623849396784207
"9066",0.651488690075718,0.114400964379585,-0.0727439575260738
"9067",0.625381262451078,0.0756292397104264,-0.0752356644809136
"9068",0.61768327297052,0.100807544728069,-0.0443248959428081
"9069",0.665741235485797,0.0823981183490403,-0.048928530481662
"9070",0.625405295404711,0.0725599064812892,-0.0402662888626736
"9071",0.607831222219828,0.0949017621043524,-0.0180126757476745
"9072",0.598417817403653,0.114069877762677,-0.0164121929967626
"9073",0.611957113072501,0.0952849088576432,-0.0211312503421481
"9074",0.652580694260093,0.0778929632979707,-0.00731148272763326
"9075",0.668423990248635,0.0965483938588568,-0.029231242952881
"9076",0.584469447100231,0.0723385670072739,-0.0179976882331383
"9077",0.64581898069157,0.108564279920058,-0.0462783316962543
"9078",0.612804177691332,0.0882053416385703,-0.0159852079090098
"9079",0.660828454393634,0.078398277364115,-0.0310882598130015
"9080",0.6628237270181,0.0663395903285806,-0.0352296195275739
"9081",0.641974208674363,0.0904297634718022,-0.024743506192312
"9082",0.616197134330951,0.0699288185237848,-0.0213169362803059
"9083",0.598837511773991,0.0717171263558748,-0.0643274547513404
"9084",0.601102961153297,0.0371688505289911,-0.0845160816140329
"9085",0.613788706659525,0.082302090437025,-0.023545077063121
"9086",0.674898700015944,0.103446171535155,-0.0613283966960121
"9087",0.628440269924229,0.11112947350569,-0.0379242899627394
"9088",0.637197777237787,0.119351591125935,0.000214382758411451
"9089",0.650465901662269,0.0643128569339486,-0.0314624105929285
"9090",0.638779763990817,0.0821982973782704,-0.0523237691828892
"9091",0.598906762678593,0.0992458084576135,-0.0423705235086024
"9092",0.612707327158075,0.0757133581327074,-0.0361603000488994
"9093",0.647781127440811,0.0730686954191314,-0.0498732627103715
"9094",0.649648975484451,0.11346386588221,-0.0129059136567058
"9095",0.615647965657471,0.070774621744097,-0.0395352828662449
"9096",0.62063756641736,0.0959182782463865,-0.0435685637832633
"9097",0.5970247151633,0.0929871518500792,-0.00241597622228635
"9098",0.622405479293044,0.117467889812122,-0.0383895115872403
"9099",0.669548243597775,0.105278495305843,-0.0520497525428503
"9100",0.629021268112397,0.101263949482319,-0.0538837459180353
"9101",0.636655072978169,0.117551814518283,-0.0418722595227145
"9102",0.62466304904132,0.0646932121488671,-0.057547660563672
"9103",0.668227942722728,0.0953568451659365,-0.0391170480082171
"9104",0.604547588212729,0.106271517638966,-0.0158110066291481
"9105",0.596607839586576,0.0629520056283629,-0.00536457812603006
"9106",0.648145307493396,0.122373341610869,-0.0591214247049639
"9107",0.617675438087425,0.0655226299762401,-0.0292128492647099
"9108",0.607081862428158,0.103031086488684,-0.0352427459202924
"9109",0.556281800500587,0.082012744519671,-0.0450266637749926
"9110",0.648412246579549,0.120722351754247,-0.0331234105811614
"9111",0.680128660738445,0.0926089370074099,-0.0445581099414518
"9112",0.618299317025446,0.0990301389741358,-0.0184423903212352
"9113",0.65157362332668,0.0438394350171799,-0.0425080763023022
"9114",0.62557819042719,0.0918320716533794,-0.079476425738927
"9115",0.690123639806622,0.121085383049352,-0.0638495768946536
"9116",0.588225990746048,0.0969204523827111,-0.0293771025205406
"9117",0.622577336547867,0.0870538759344405,-0.039238350288017
"9118",0.600588428936851,0.0749662480144265,-0.0480238071283236
"9119",0.648306747411231,0.0535875688570071,-0.0432127331066491
"9120",0.643546998287292,0.111289433715573,0.00136490103206009
"9121",0.621724657793963,0.0628634340506237,-0.0366892475884885
"9122",0.64200356814121,0.106663524576586,-0.0606886936068689
"9123",0.62537353844797,0.0864211490928671,-0.0606156377370246
"9124",0.623333325550594,0.101642260603091,-0.0415391540824004
"9125",0.617429504079451,0.0679866289963337,0.00473173474896051
"9126",0.603828888217501,0.054617996856045,-0.0754871602949775
"9127",0.663275919192768,0.0996421346312415,-0.0523934201378038
"9128",0.61344050991379,0.117712856662814,-0.0534411702680531
"9129",0.633304410440299,0.0808098285839223,-0.0362533037371054
"9130",0.659279330668374,0.110202384712083,-0.0161438529016097
"9131",0.632932168500745,0.0786305553572114,-0.0191758233121332
"9132",0.642099059928035,0.135401821501693,-0.037678554889669
"9133",0.610510102187966,0.0956827376983042,-0.0604649032373163
"9134",0.648252855934281,0.0881112254019091,-0.038070716388787
"9135",0.59646908407744,0.0875009580051768,-0.0348736975734198
"9136",0.591604415238798,0.0529891679082144,-0.0548496749533718
"9137",0.658660463290956,0.112595782510635,-0.048515741246491
"9138",0.651704199627834,0.117205011552306,-0.0301204328384513
"9139",0.631828561342154,0.108535023143312,-0.0503593231596249
"9140",0.593742332119865,0.0642784034436076,-0.000589669962144164
"9141",0.663260436997775,0.0587671200850166,-0.0404438708601327
"9142",0.677448601461493,0.11136654423718,-0.0183965445860368
"9143",0.621535459152876,0.108384288118544,-0.02821873852037
"9144",0.623727659537156,0.0875525942268353,-0.0511449850760409
"9145",0.638610120782748,0.0777364540118157,-0.0432647867938474
"9146",0.64759749818057,0.0944472056410384,-0.0341097349533437
"9147",0.648696048587042,0.0827639727873153,-0.064343595036104
"9148",0.621720400853713,0.0952465719002121,-0.0692294458821702
"9149",0.595974135904174,0.103352556694705,-0.0505345045731756
"9150",0.648717544458107,0.0828121570005293,-0.00607595573989479
"9151",0.632338526571755,0.0934459638348991,-0.0389375530115691
"9152",0.579636826547845,0.0764993030129471,-0.0180592757959288
"9153",0.554358416926419,0.0646668960451851,-0.0648700243340657
"9154",0.659221646069776,0.0961515064349847,-0.0119244072146722
"9155",0.600392579545767,0.0922096346504907,-0.0548787929605432
"9156",0.57504347960698,0.0553000648731665,-0.0540012780462247
"9157",0.6155262049742,0.10783287327757,-0.00576118311181171
"9158",0.603439421554612,0.0896294353852692,-0.0544148006603274
"9159",0.643853886642324,0.114244219671552,-0.0303447389941852
"9160",0.641974358806336,0.0864224798359434,-0.0343569159740153
"9161",0.640752820935724,0.0583936776296963,-0.0340016266253668
"9162",0.676549128614929,0.123296518490576,-0.0222994159083729
"9163",0.621104351331316,0.139679697137182,-0.0186344443302016
"9164",0.62932535749239,0.0944444148519058,-0.0904424296048638
"9165",0.576835225791764,0.0743050769612466,-0.0412140313099404
"9166",0.679534069338151,0.063364825728459,-0.0671851537174344
"9167",0.685902552462232,0.0813267772231758,-0.016797746304916
"9168",0.680391018441472,0.141829252159366,-0.0870136569334424
"9169",0.627593665283617,0.106876917395591,-0.039036829743162
"9170",0.653263128257988,0.118342776933896,-0.0481002486720981
"9171",0.659912603974968,0.0453703563529398,-0.0246500682497815
"9172",0.623141860571546,0.10554425888235,-0.0484573310692447
"9173",0.628219800715954,0.0630052343759054,-0.0586309967758705
"9174",0.604391644096353,0.0860228652887143,-0.0100398785360118
"9175",0.64566245519815,0.112409266899086,-0.0383362070597007
"9176",0.581053998167796,0.084550946909609,-0.0696736451832274
"9177",0.646795313305899,0.0662360449378965,-0.0461879139543582
"9178",0.633886538964629,0.0714287325138035,-0.0429084052247406
"9179",0.643201834106012,0.0861962659760156,-0.0257968075397902
"9180",0.615667309892793,0.111541307681866,-0.0202834221433146
"9181",0.609041451921925,0.099669333433887,-0.0477708402557765
"9182",0.638822524663348,0.0842753406130397,-0.0243243718443582
"9183",0.614805512448386,0.085719082801227,-0.0776331283725224
"9184",0.648088947639178,0.138678835789277,0.0164839503716652
"9185",0.615145940361221,0.0758830812132334,0.02448967595893
"9186",0.616127048251956,0.0661304930999511,-0.0208748862984775
"9187",0.620990040290652,0.0730155189974756,-0.0573999647777653
"9188",0.615925798034423,0.083444332547835,-0.0668056363602068
"9189",0.631211228976897,0.0773389043442884,-0.0253590438470485
"9190",0.703857858410941,0.0917256025496348,-0.0439566026515327
"9191",0.649454790881433,0.111709589432686,-0.0223600520477667
"9192",0.649779730578722,0.0841876862055674,-0.047511174687885
"9193",0.664501988050033,0.125790944796606,-0.0392113578337177
"9194",0.617132683253622,0.0982154704004822,-0.0387100854838594
"9195",0.672259363674655,0.0921321465970962,-0.0357461106208521
"9196",0.600431919979152,0.0979167349063484,-0.0114259608982786
"9197",0.634644297899348,0.153528709476593,-0.0536646371889319
"9198",0.643998905825976,0.115609455200409,-0.0376558438546411
"9199",0.585241433700572,0.0833942970758723,-0.0677394753664572
"9200",0.600042987814977,0.0656636358798178,-0.0207518679244562
"9201",0.561732887037301,0.0933280348163758,-0.0458425951680163
"9202",0.639234245952566,0.0993736711178488,-0.047376549858838
"9203",0.659476967933267,0.0585050726634057,-0.0153651966194728
"9204",0.624891870006653,0.0366437566668132,-0.0462669356969933
"9205",0.667374600611109,0.0753248638466076,0.00200858213014116
"9206",0.656605952496826,0.100270234902969,-0.0335182840199479
"9207",0.670335806895879,0.103373745163897,-0.050079592424982
"9208",0.602350496102691,0.109907604581451,-0.0480017386261341
"9209",0.610971375507179,0.12684943338378,-0.0771971964973186
"9210",0.620700934609782,0.0964050421892216,-0.0917436099720133
"9211",0.661402766275907,0.0787679960458256,-0.0418751117998093
"9212",0.655467758513692,0.0925490205621893,-0.0215622399976468
"9213",0.688579921189273,0.0914976333389661,-0.0682920316964805
"9214",0.583616770537172,0.143911444122298,0.0181601124785942
"9215",0.649091783632737,0.0920289110773114,-0.0729876256347258
"9216",0.694164203350949,0.132033573118514,-0.0345002532727795
"9217",0.603096946771192,0.0895177151041315,-0.0482296052140558
"9218",0.609452932019095,0.071374089783175,-0.064829566950263
"9219",0.66074124972697,0.0853070788393008,-0.0408161267394322
"9220",0.660231570619068,0.129295764463964,-0.0225697916563599
"9221",0.640786887878433,0.0849312769277192,-0.0218369458338951
"9222",0.629079669637038,0.102605616727329,-0.0495164906063889
"9223",0.638975339493973,0.123955691224718,-0.0267663932224316
"9224",0.682645172709054,0.107382419927598,-0.0410448858190083
"9225",0.608029706251026,0.132232723108814,-0.0340613901218498
"9226",0.678358659090758,0.141266699573574,-0.0525375342648945
"9227",0.626343755129262,0.0716947468138315,-0.0554766936670243
"9228",0.617514304341523,0.130866609492931,-0.0744713626895192
"9229",0.627671994653442,0.0965210938292596,-0.0295412347684477
"9230",0.606085461278459,0.103327892772192,-0.0312855250012934
"9231",0.611413732486963,0.0875883004623986,-0.0331180535791658
"9232",0.630725984373274,0.0951167088310079,-0.0288702887101597
"9233",0.650622781314595,0.0698918113561576,-0.0393928694861908
"9234",0.634707903020988,0.111049722375945,-0.0584894829079332
"9235",0.593064478653107,0.0830045209377228,-0.0606581287501296
"9236",0.661410702591987,0.111552225423843,-0.0189741787494881
"9237",0.612853083274261,0.126052992642984,-0.0417214236983699
"9238",0.624578954144119,0.104883598505101,-0.0415628851245394
"9239",0.641106325563398,0.0841271446346825,-0.0153200389233108
"9240",0.667022536431089,0.067541543140001,-0.0344811093875095
"9241",0.667560215697923,0.103774753635398,-0.00793036981413358
"9242",0.631621694014853,0.073764745543969,0.00888613634273448
"9243",0.6272226421947,0.0538936355230363,-0.0753133030557632
"9244",0.610438086902548,0.0576302924165773,-0.0632310068201962
"9245",0.636401436800055,0.0983733815523316,-0.0340655351729305
"9246",0.626702391401265,0.0883211119569826,-0.0404262457439589
"9247",0.606351736158124,0.109150060057576,-0.0182769927801379
"9248",0.602235064544505,0.101256532955848,-0.0429545216831286
"9249",0.645576509771527,0.117831423627989,-0.0227400009041766
"9250",0.612281182077521,0.0903209105902244,-0.0354171562465935
"9251",0.588038203796352,0.0774056069850844,-0.0250837823997042
"9252",0.658254282108501,0.0995975308694642,-0.0720083125866202
"9253",0.68004753391024,0.098561147590848,-0.0261541053793776
"9254",0.625549060149238,0.118793255671614,-0.0486215994765699
"9255",0.662892232996696,0.10906794091539,0.0212256020489205
"9256",0.65115316221959,0.0812693610216304,0.0235799116426139
"9257",0.60048680477386,0.0729407587054561,-0.0327584198013102
"9258",0.656927841355249,0.102439688712835,-0.00855101809225465
"9259",0.62816570167714,0.111570190937605,-0.0255457049551447
"9260",0.609924919491595,0.11388519777802,-0.0515746373134444
"9261",0.609687203862425,0.0867483636969401,-0.046530053681994
"9262",0.645102864289964,0.0906418070232905,-0.0406326974840491
"9263",0.569470365094883,0.108938218432589,-0.00124414092564733
"9264",0.682573564622993,0.080393739011884,-0.0479328427713566
"9265",0.620418371989217,0.0925536370154006,-0.0440001604392241
"9266",0.630650660798207,0.112136454120737,-0.0203051100722355
"9267",0.604930607427671,0.0659464002623891,-0.0613169329570028
"9268",0.604723857484439,0.0903009012592471,-0.0308442124125028
"9269",0.643730029874177,0.0755871054649842,-0.0208848829970738
"9270",0.65792569763393,0.0860244755552083,-0.0376367207633217
"9271",0.641368357916507,0.106271943782759,-0.0369493157376663
"9272",0.634588849613012,0.101189396244033,-0.022744830108849
"9273",0.630217285852694,0.104977068870384,0.0484335766761165
"9274",0.582427385455472,0.0920083509956888,-0.0361110354244927
"9275",0.614474142681444,0.0741812233353797,-0.0522575044440527
"9276",0.630056439468489,0.110319009077972,-0.0208049411477046
"9277",0.655472737153023,0.0817900434887186,-0.0624165163490425
"9278",0.674827853634307,0.0886668640574352,-0.0352275086120764
"9279",0.618078725746678,0.0706181763636435,-0.0179642006208752
"9280",0.634073544744872,0.126385742991842,-0.0429332231556508
"9281",0.64580665177559,0.119444721239428,-0.00283447466917688
"9282",0.645317896175408,0.108124812197132,-0.0519811972096989
"9283",0.63418610796543,0.0911256373149181,-0.0288012079023177
"9284",0.64159817800146,0.0863130190171727,-0.016872886851184
"9285",0.660879732415029,0.12203394158609,-0.0207968801465428
"9286",0.613512755561714,0.099965073188791,-0.0728443221888566
"9287",0.684910057495713,0.0893695067979121,-0.0218631482246827
"9288",0.587912707088068,0.0963798883793635,-0.0264816420433831
"9289",0.656789635017671,0.111639176167993,-0.0488171357572199
"9290",0.62843534861405,0.116047499888918,-0.0545938689088858
"9291",0.593768133566592,0.0935606709925929,-0.0372417711184896
"9292",0.660990201285863,0.0920538992889758,-0.0179318497296247
"9293",0.606817394381979,0.0633957976973949,-0.00798833379101605
"9294",0.663395588474248,0.075009205721069,-0.0900539275947202
"9295",0.627450230397029,0.106412944023759,-0.0306052283947097
"9296",0.640267107478923,0.0439644458254572,-0.0542180281977703
"9297",0.660705243126763,0.0823258980157187,-0.0284221575518445
"9298",0.632673632511515,0.0886699074060715,-0.002128672827433
"9299",0.639328078167118,0.129048778500513,-0.036523528134775
"9300",0.621555149795103,0.107480761933204,-0.0402912114535202
"9301",0.603433566375783,0.106865564486403,-0.0357677540206402
"9302",0.630717378731755,0.0901437422458598,-0.0187204528818873
"9303",0.613926873303606,0.0923528514727501,-0.0533637075786699
"9304",0.606611049157766,0.131902391337824,-0.0618020508001871
"9305",0.68813851670046,0.0755051185943562,-0.0449640219743818
"9306",0.698192694166869,0.126411731285678,-0.0266226472228966
"9307",0.584274605141726,0.0907725161566958,-0.0449444491918381
"9308",0.628415744196551,0.0784030442355727,-0.0866980165171469
"9309",0.631690842377495,0.0795932985126438,-0.0315358198386476
"9310",0.609368622202866,0.0625945497179846,-0.00514374121042382
"9311",0.618448996145323,0.0831132979428005,-0.0369931339323321
"9312",0.602116810083351,0.0875950994032236,-0.0274868330834932
"9313",0.581946770569745,0.10306002367304,-0.0445849780257386
"9314",0.634538917259346,0.0962190929120629,-0.0366290900937198
"9315",0.596172565987818,0.172689441731647,-0.0478748966587051
"9316",0.624251538320488,0.103077570709609,-0.0755688246882296
"9317",0.586994811416645,0.0603226615579455,-0.0435703950834326
"9318",0.657704809268457,0.0879581106849061,-0.0385581667228111
"9319",0.641962450558259,0.0821148667767768,-0.0203958177505949
"9320",0.642523718863625,0.121002358951916,-0.0288405583723327
"9321",0.62193380003071,0.130450862339039,-0.0165025475795922
"9322",0.645978305335125,0.0806696378551144,-0.0547699654323472
"9323",0.641123141855831,0.123297012585249,0.0263019956617459
"9324",0.632699738273863,0.0852340508468804,-0.0429442903261983
"9325",0.650378757566896,0.0873999376644517,-0.0409524837925986
"9326",0.589709609782905,0.080035939971194,-0.0250197413466288
"9327",0.647869928744025,0.0705167016485545,-0.0547716692295776
"9328",0.625295479813484,0.105906485572086,-0.0815197675916357
"9329",0.617125365493212,0.11257462572101,-0.0223249076488474
"9330",0.600279808437794,0.0816195437157953,-0.0190201983972954
"9331",0.646638178237352,0.0881250635091553,-0.0506403439802196
"9332",0.611158695126528,0.0732037888450328,-0.0277064163399423
"9333",0.638193260844725,0.0868693119164456,-0.0436189698701619
"9334",0.614250519302899,0.107362247057839,-0.0521428636559343
"9335",0.605269003311508,0.0494970251175176,-0.0410558230155164
"9336",0.652421798748549,0.105649722857196,-0.0205383700855108
"9337",0.661453198270083,0.111486935955731,-0.0405872445790625
"9338",0.593148945467077,0.062976226774031,-0.0360393096647066
"9339",0.601048177471985,0.067066012464704,-0.0139826999906248
"9340",0.650661509783233,0.0920941481299666,-0.0512928143508262
"9341",0.649101733512616,0.0952509886422154,-0.0270287720473159
"9342",0.61549218837036,0.0873246293773101,-0.0550239138990954
"9343",0.595826057347299,0.100715682916359,-0.0424850017045331
"9344",0.6435913182401,0.10148818788544,-0.0738883767093393
"9345",0.706626063735953,0.103547054881944,0.018235199943432
"9346",0.61706598386962,0.107003318675941,-0.0292369574324066
"9347",0.694099149039351,0.0987375583781214,-0.0266350140076297
"9348",0.652672018233775,0.129742127702443,-0.0510799011646235
"9349",0.636188395829887,0.115514989685779,-0.03419564123742
"9350",0.700343905424875,0.0883182790759957,-0.0257858198578887
"9351",0.655428518204904,0.086235692500884,-0.0399509539381831
"9352",0.625724169389556,0.08498753581168,-0.0705250228818077
"9353",0.649588191446557,0.108509194158193,-0.0235167740801225
"9354",0.652976355047651,0.108445148019726,-0.0305775922457909
"9355",0.619684966909748,0.082799291148936,-0.0258221112493482
"9356",0.62429668204705,0.116036759284523,-0.0223281356868548
"9357",0.643369735700801,0.107168512483714,-0.0134214978685443
"9358",0.624869482306571,0.0393728479017667,-0.0424192697903191
"9359",0.610303125346163,0.0992134341126372,-0.0155275865219409
"9360",0.656406554198481,0.0913521797644093,-0.0690376184849258
"9361",0.631011416663248,0.0873902343515973,-0.02676286056822
"9362",0.606909258622252,0.0608491136982014,-0.0399615983851567
"9363",0.642808012139384,0.0915791726324399,0.00771996682403784
"9364",0.628527222445174,0.092768803227299,-0.0738426631611615
"9365",0.625989182165021,0.0633937189531922,-0.0498324356333673
"9366",0.601745653264651,0.0956148120898215,-0.0600157881121626
"9367",0.601031710287626,0.11826404730922,-0.0456812185859903
"9368",0.646933980904147,0.0884341289287022,-0.0637925839457106
"9369",0.627974865891289,0.0554250466523026,-0.0230706597269855
"9370",0.619757397039295,0.108429264527592,-0.0231836532016784
"9371",0.6669550577788,0.0940784080322244,-0.031455529991261
"9372",0.689470944425298,0.111039354440262,-0.0239612280042505
"9373",0.586636735332362,0.0602704079285218,-0.0123326922529551
"9374",0.607922833157868,0.0937377814111921,-0.00662741429343696
"9375",0.648099967774377,0.0628208556839352,-0.0178797357891836
"9376",0.626870488343943,0.109573971829361,-0.0304778511144457
"9377",0.597103735397065,0.0891225631739909,-0.0660615120524782
"9378",0.630195963699556,0.12120882100033,-0.010649559291154
"9379",0.644950694825329,0.11426550621994,-0.0561501478714441
"9380",0.595005863830982,0.0564084778404696,-0.0189025965180318
"9381",0.557530169277742,0.0752562951088531,-0.078539794482852
"9382",0.626442163675803,0.100966529949105,-0.0324927738454375
"9383",0.648624503016321,0.0902062519262637,-0.0290281372153018
"9384",0.650603748326418,0.100613448157447,-0.0154944528451796
"9385",0.611451267691905,0.0705083305171761,-0.0468036182141307
"9386",0.636913222314782,0.0546443497400863,-0.0161485197107093
"9387",0.627493413040966,0.0961455101170029,0.0199410273488159
"9388",0.65036586034867,0.0963768047669598,-0.0782520130742351
"9389",0.677399424352372,0.119858527066094,-0.0555595746762358
"9390",0.619674315433606,0.053010071704402,-0.0382763870866305
"9391",0.58436526483773,0.0779391948659627,-0.0276261018303696
"9392",0.589636025080121,0.0825239413391386,-0.0165847285235682
"9393",0.604383759100212,0.113395327488503,-0.0368247002489829
"9394",0.626759046025718,0.0934803118361143,-0.0763224894714034
"9395",0.661540568414037,0.0822198760133429,-0.0452937382797932
"9396",0.641331722182873,0.0737083822494151,-0.0371054730201874
"9397",0.625939708362562,0.101187412283923,-0.0330103232681211
"9398",0.665655109927321,0.112042837557915,-0.0543270221934798
"9399",0.648014228119765,0.0757158899014671,-0.0782540598546961
"9400",0.649838197257474,0.111364538157497,-0.0129269409351661
"9401",0.641935553485989,0.12519029028907,-0.0230281731142789
"9402",0.640094215263308,0.13438843135942,-0.0462913973617785
"9403",0.613326808873378,0.102743987873423,0.000523413537970176
"9404",0.613092236894134,0.0634565187109306,-0.0613350040364422
"9405",0.632613960367032,0.104031054627617,-0.0645339839323028
"9406",0.652595264790056,0.0999568704582783,-0.0187811543348651
"9407",0.628581784578835,0.103869830579887,-0.0163614854873728
"9408",0.627546949980054,0.105003482711674,-0.0404876080038203
"9409",0.599373902409437,0.108404874989181,-0.0270096541105417
"9410",0.585508852497165,0.10654934279141,-0.0444484004788762
"9411",0.631500165098444,0.11725586417706,-0.0438248829835407
"9412",0.702338952861101,0.0738543150996999,-0.00285853302266736
"9413",0.635830877655398,0.0508176643081537,-0.0380354584794947
"9414",0.66436539967406,0.120586987501961,-0.0537428612519361
"9415",0.64194426570137,0.131056376722872,-0.00460621253461706
"9416",0.634510290251306,0.0897583239860539,-0.0717266148983657
"9417",0.591008091847698,0.10254973134769,-0.056482418764451
"9418",0.607105776228688,0.089938371762843,-0.0474638043630922
"9419",0.618877939164329,0.126643441387366,-0.0200457727418348
"9420",0.648030627963672,0.0474787820851653,-0.0251701355343629
"9421",0.63223209149813,0.0758791999882855,-0.0473371616619822
"9422",0.592549955599116,0.0830626934355549,-0.0448718604143741
"9423",0.593886703351515,0.0914723147989261,-0.0200084676235198
"9424",0.632325599275424,0.0607745512475218,0.00392303848766403
"9425",0.606555832387788,0.0890930537145776,-0.0652856685669085
"9426",0.581218588730942,0.0767283123499138,-0.0313510561592508
"9427",0.623802097607851,0.0861575430793595,-0.0287750037313813
"9428",0.606923738885731,0.0917716898048814,-0.0293542944083349
"9429",0.59109749410369,0.100205766638706,-0.0542593708525075
"9430",0.590697758527383,0.107157492301902,-0.0592936641763751
"9431",0.654549999883207,0.129002670924054,-0.0626693418601018
"9432",0.65797968581049,0.0737045689048216,-0.0200679393000711
"9433",0.657480433472444,0.139887764869472,-0.0474468871653929
"9434",0.621652817560962,0.0871563692515239,0.00225897392432478
"9435",0.618987156777234,0.129008804308485,-0.0482706638751161
"9436",0.613840074500944,0.0902128513262277,-0.014481423878725
"9437",0.589430160601457,0.0708864009526408,-0.0282590453759392
"9438",0.623844175038257,0.100335460147987,-0.083418267388406
"9439",0.640684433623496,0.103471529855884,-0.0103209523886075
"9440",0.574715658790011,0.122138519736488,-0.02066974596269
"9441",0.665839894901444,0.0794352489731927,-0.0379406058247215
"9442",0.665177398792923,0.0866581509126158,-0.0140934305373512
"9443",0.622363239785802,0.135505252231244,-0.0495995371773405
"9444",0.620832017524691,0.127288768261083,-0.0486645459403219
"9445",0.633564388447486,0.0831096370821314,-0.0274652082076046
"9446",0.649436603897482,0.0529709562524109,-0.00312190067309764
"9447",0.640104395626767,0.0877420167349031,-0.0292579511657404
"9448",0.602824708355017,0.0797136666799692,-0.0359156391337267
"9449",0.664051499892585,0.115127448464466,-0.0311386266406495
"9450",0.627204734799084,0.0882088534078072,-0.0364144151494489
"9451",0.605585024063766,0.0646391228095582,-0.0393369620839726
"9452",0.643545243438949,0.0951393942106274,-0.0438841008944861
"9453",0.665046899297195,0.118360134127312,-0.0247976950123457
"9454",0.664080670480679,0.11188930932533,-0.0192459075501773
"9455",0.604711542990667,0.123586806731784,-0.0421597681427152
"9456",0.677153842434539,0.0650339474685245,-0.0415633378349976
"9457",0.594098124994769,0.0725753736623737,-0.0425118171162711
"9458",0.626180774225546,0.0886751227269923,-0.021043785395755
"9459",0.638029250801493,0.124708324767027,-0.0523503358380579
"9460",0.635962799437581,0.0837589180335824,-0.0262047420927511
"9461",0.625857346555498,0.089769063401851,-0.082247682273944
"9462",0.630120234362423,0.0755300523372705,0.00254273531602327
"9463",0.648535657623198,0.111785217030019,-0.0465184807406878
"9464",0.607037628359901,0.0802636639637736,-0.0311082717044085
"9465",0.638983998974192,0.113398771787741,-0.035580131820509
"9466",0.598066223377046,0.0795351258077961,-0.0368521422358225
"9467",0.675539908403207,0.0921673687898501,-0.0483396879809994
"9468",0.670613221653567,0.0958864036470394,-0.0108160312392003
"9469",0.631602714549122,0.112332380450333,-0.0603660364157283
"9470",0.567329947184027,0.0812632862428721,-0.0212791042151213
"9471",0.651510073736644,0.0865572604828268,-0.0386444523355471
"9472",0.656267040372097,0.111636872436422,-0.0690696896909748
"9473",0.661509578588378,0.12011885685559,-0.0236552461466989
"9474",0.632242105234344,0.062595196775684,-0.0318431540582229
"9475",0.587115619134254,0.0626681910470887,-0.000119065171752669
"9476",0.619516575756746,0.0510820091453175,-0.0169968010532145
"9477",0.654549937583484,0.08220240211452,-0.0078669518127477
"9478",0.631736652540452,0.151939319047759,-0.0168077996844258
"9479",0.627022697395075,0.0735825235968579,0.00992571024172943
"9480",0.637578779858036,0.070897673002604,-0.0242926159407933
"9481",0.63215776237497,0.0874094721791662,-0.0336271674004871
"9482",0.600686981304378,0.101167490578241,-0.0292554972903061
"9483",0.606360986997032,0.127843417715973,-0.0103586178573225
"9484",0.620107099407606,0.10334254186869,-0.0307780749448957
"9485",0.600440922560271,0.0753129588864298,-0.0284899779130833
"9486",0.631437040627889,0.113993668985598,-0.00841150231839214
"9487",0.606604572376044,0.114112361951011,-0.0581059470895582
"9488",0.664992171705981,0.0751767923232265,0.0157714241099426
"9489",0.681276032838311,0.0935766339658712,0.0102474514277038
"9490",0.617039446638224,0.0465507309957556,-0.0248357632926747
"9491",0.627976387836933,0.0820825374008944,-0.0748757661545114
"9492",0.657013865652882,0.110849895748527,-0.0566282331117171
"9493",0.620972107451976,0.109203947531327,-0.0124550538497831
"9494",0.645946996950792,0.0877876877999148,-0.0411612514266937
"9495",0.633651408465869,0.0768119394947608,-0.0114385021999117
"9496",0.659743726208975,0.0750944718872557,-0.0447187178276095
"9497",0.64383688583812,0.105972519247354,-0.0138490345090775
"9498",0.625161691335631,0.0963869412933624,-0.0581831795696699
"9499",0.603964224885318,0.0660696672906038,-0.022271343406218
"9500",0.653156887472143,0.0983986030490159,-0.0123729295496551
"9501",0.648741469475664,0.104438396771561,-0.0459971260346603
"9502",0.597212590853673,0.100368297904226,-0.0769026473970562
"9503",0.619078015205725,0.105387695038395,-0.00960469211145194
"9504",0.640261637088712,0.0893653331177392,-0.0697432645173241
"9505",0.66950998641908,0.106982013977232,-0.0124773599966276
"9506",0.632604026200315,0.0899098196370111,-0.0235544500186937
"9507",0.659073150061673,0.0688220483319477,-0.0559919082356237
"9508",0.683338068150541,0.0932726187095974,-0.0157579386396659
"9509",0.614841794680613,0.0615601615717937,-0.0401093991870181
"9510",0.61677143701168,0.127989214443366,-0.0193041512569442
"9511",0.670295813438758,0.128537497978537,-0.0366434150189441
"9512",0.592102917945151,0.110274522457706,-0.0423054469188182
"9513",0.688258725914933,0.123519940568832,-0.0240741405973705
"9514",0.638691556600619,0.123972377234955,-0.0299606363524095
"9515",0.634338189220373,0.104608287880204,-0.0442618808085845
"9516",0.633044299287521,0.0993177276590168,-0.0864535979437123
"9517",0.653750587184533,0.101157225576992,-0.0458830753073027
"9518",0.641040616409791,0.0903370949172183,-0.0411609281544341
"9519",0.628759397720035,0.0512169538000749,-0.0736397785759502
"9520",0.61981775008277,0.0911906941577677,-0.0671850969073071
"9521",0.589153353218654,0.0918299365666399,-0.0471737028991056
"9522",0.60365447198826,0.0567225149303996,-0.0106119151275015
"9523",0.668826564283597,0.107457104002161,-0.086165220245073
"9524",0.65331341894434,0.0695053671414214,-0.0380629377090851
"9525",0.635077942537136,0.0581509282156719,-0.0187137340915789
"9526",0.59405980114288,0.0975143756565213,-0.0423747856122905
"9527",0.683917694266396,0.0698094294269084,-0.0463736770053825
"9528",0.659569590188701,0.0940278545875351,-0.0308505039816162
"9529",0.634006869414128,0.102284219886054,0.00185776368892786
"9530",0.6456311409631,0.0760131162303947,-0.0105968126542727
"9531",0.609711664625561,0.104747925534964,-0.00385468590128776
"9532",0.630083237583018,0.115519095318785,-0.0138076438344431
"9533",0.575992946548858,0.0854513645112785,-0.005026444545014
"9534",0.663309813392718,0.0939127182738946,-0.0297841196763048
"9535",0.65775666424185,0.104715269135442,-0.0687093916643018
"9536",0.615625621919245,0.0684426894946989,-0.00900272251380249
"9537",0.618007105404447,0.079536305772625,-0.0333821911096757
"9538",0.613879003356895,0.0986634738835653,-0.0234960801846192
"9539",0.671171972280624,0.105619601506926,-0.0175800514783803
"9540",0.689515671396962,0.0686960385933237,-0.0292491220851494
"9541",0.656298822060658,0.113809941689284,-0.0573964184888902
"9542",0.634452681968301,0.0652703335302894,-0.00690606424818871
"9543",0.635842089055611,0.108564063642581,-0.0571559563598155
"9544",0.671229062372748,0.0984166571764204,-0.0346231204490214
"9545",0.619529109713384,0.0495155633135005,-0.0259765687625726
"9546",0.651560111864578,0.0947897978571002,-0.0517646481903129
"9547",0.667842142254315,0.098371451295401,-0.0293847010933
"9548",0.625296826997905,0.108141293177657,-0.0505115899002795
"9549",0.656300116908875,0.114265231199502,0.00222539835619384
"9550",0.64591666793732,0.152645762662857,-0.0242892034527256
"9551",0.639228181430403,0.0907513108826609,-0.0149671476215837
"9552",0.645696407176553,0.0840283907758744,-0.0459733664490586
"9553",0.593575665847863,0.0804602985642656,-0.0768854830949427
"9554",0.625910840625586,0.084610184574449,-0.0432044909056961
"9555",0.639128211438166,0.136559001781955,-0.0454163062660888
"9556",0.594931787820363,0.0618039277317028,-0.0149467093962352
"9557",0.661694436396539,0.126205420158756,-0.0283729944533567
"9558",0.684113145107458,0.0850546095053911,-0.053463874563221
"9559",0.581355707972907,0.0907518406370186,-0.0652740480605446
"9560",0.594348640459722,0.0304820677557162,-0.0428568333346265
"9561",0.620186473651394,0.0921269856501391,-0.0940340388529615
"9562",0.627107813213,0.106418702751659,-0.0310421709023106
"9563",0.639808941178356,0.090945682250322,-0.0474602180884502
"9564",0.645417301280557,0.0714115081033551,-0.0173489525872444
"9565",0.659629899619206,0.11374537069565,-0.0357128750057048
"9566",0.596818041864966,0.100682911635805,-0.0725104295325466
"9567",0.599627294289508,0.0888682519796687,-0.061466570132774
"9568",0.587221906991737,0.0900563536940601,-0.0811490979405174
"9569",0.622361641482876,0.0982301877127816,-0.0807126911371322
"9570",0.605320336244278,0.0677424319487275,-0.0469701223393309
"9571",0.623990849959394,0.115217540951336,-0.0391779032505927
"9572",0.665972734353003,0.0964093678876521,-0.0249371040057971
"9573",0.668100207590561,0.0890452537889979,-0.057209410869361
"9574",0.619203922033685,0.0707178352993897,-0.0501807310958225
"9575",0.64489441239661,0.112005158146137,-0.0258547696694024
"9576",0.638026412557402,0.105977855319375,-0.0457143945240311
"9577",0.636798469465752,0.0547312431294313,-0.0431065907026966
"9578",0.59880839645225,0.0873828121213171,-0.100814209372001
"9579",0.642864754791703,0.0887483939735596,-0.0676950203325382
"9580",0.645158574932611,0.0795014632873264,-0.0370969350919358
"9581",0.613783569413939,0.0906080254998948,-0.0360482825359911
"9582",0.707563247885149,0.109704611524538,0.00952191868015651
"9583",0.623303866718556,0.09789621693489,-0.0132220992424182
"9584",0.623187355963259,0.0878756561612151,-0.0308158364808678
"9585",0.630262652727139,0.0920076378616546,-0.0308531111805259
"9586",0.621448305745211,0.0608807381022315,-0.0231564038677941
"9587",0.652334147405102,0.0871983637960628,-0.0430258921159915
"9588",0.605114170268282,0.116327261883017,-0.0487395840494272
"9589",0.636741024631375,0.102769689440722,-0.0740993185360846
"9590",0.579449176823006,0.106342329206982,-0.0406573378206126
"9591",0.626404030179082,0.0554718941337553,-0.0469536332036032
"9592",0.662370904146111,0.0887557377986383,-0.0330275710107516
"9593",0.613115333077855,0.0494431765186892,-0.0340995597133231
"9594",0.653693360646909,0.0419280252610269,0.00412383179116125
"9595",0.683496599698551,0.102949632611047,-0.0432280371933893
"9596",0.618067784421215,0.0799276940255864,-0.0259282232680567
"9597",0.699999066667885,0.0843587771927544,-0.0187007547603704
"9598",0.648164074025622,0.0920786654069577,-0.0453852859440179
"9599",0.62594747625204,0.0890372096712801,-0.0875567876181656
"9600",0.624613234089333,0.0875805263182345,-0.0345146612463586
"9601",0.590849007391206,0.10424684917048,-0.0747907209094766
"9602",0.662453723009253,0.119976859423125,-0.0499682711779251
"9603",0.669301288082344,0.0953092018969215,-0.0248349018267437
"9604",0.600800453704327,0.0790112558675212,-0.0372350696485986
"9605",0.60216310570634,0.113012485695085,-0.0669805258813932
"9606",0.685895533498801,0.080390885038735,-0.0370254812203568
"9607",0.589666612590121,0.116681103681031,-0.0364107904073966
"9608",0.657061762751093,0.101440388518533,-0.0925119104447139
"9609",0.612205960524938,0.088947134977898,-0.0383543199749752
"9610",0.648663404290638,0.0490631299510308,-0.034847005544759
"9611",0.656527988917492,0.141233264732158,-0.0292228034373516
"9612",0.597917738698321,0.0871574967654371,0.00876014415446508
"9613",0.633082169831405,0.0850071448793024,-0.0572694659572996
"9614",0.637625216387573,0.0935219448985357,-0.0280829857461468
"9615",0.628446222121783,0.060777473991174,-0.0659857541608237
"9616",0.615149565469215,0.0646798038082004,-0.0102593209619044
"9617",0.608103001278377,0.107685273237785,-0.0439563188779087
"9618",0.647683432686556,0.102957641837592,-0.0477764531021223
"9619",0.582346231738598,0.0618090307335075,-0.056050186546373
"9620",0.585314295848448,0.0696057802274628,-0.09442724253468
"9621",0.635559820506511,0.118016548885275,-0.0818261193790291
"9622",0.624636700008782,0.118667393597577,-0.0335094008069837
"9623",0.658198131473556,0.122909538477938,-0.0559631223055282
"9624",0.649473813579958,0.0964953060986231,-0.0192626169600943
"9625",0.691910407201233,0.110453212793152,-0.056091346591788
"9626",0.607716960997858,0.0938485544039623,-0.0314068284290956
"9627",0.614826702228152,0.111247552936142,-0.0316727718995729
"9628",0.652627172176198,0.127857064277256,-0.0530355122491819
"9629",0.6303975337292,0.0790685892418808,-0.0530854732717956
"9630",0.669126722659936,0.0943118796076857,-0.0120660765967376
"9631",0.581051891117526,0.080894497387611,-0.0298404386911907
"9632",0.661702546032571,0.0661127483679134,-0.026613501900818
"9633",0.676115982515032,0.108566763922197,0.0142449481571742
"9634",0.616042302542974,0.099802350827555,-0.0602283503281483
"9635",0.632770354852931,0.150216781863533,0.00805719656503735
"9636",0.617350698038364,0.0905538837383021,-0.0853153701905818
"9637",0.536981257608018,0.0923886951364336,-0.0402848581793184
"9638",0.614690687816278,0.0823909878991515,-0.0358944787995678
"9639",0.600619228805708,0.109526751330272,-0.00815525570857377
"9640",0.624160987414998,0.0833829101702666,-0.0550935320964729
"9641",0.627704253250647,0.111403210734513,-0.0655045799926933
"9642",0.634554820344668,0.0898202302098036,-0.040003213415982
"9643",0.667894380892665,0.097264294392722,-0.075533774500015
"9644",0.603907250200735,0.098938149114998,-0.0167782539155214
"9645",0.604214768916655,0.0906819515660922,-0.0173335551720925
"9646",0.639853242256089,0.109712814890793,-0.00794808269434519
"9647",0.620245280696288,0.100411052275427,-0.0285441627688453
"9648",0.59028718247157,0.0988187700759778,-0.0297134378824731
"9649",0.635000650203522,0.10765611701725,-0.0479999049246529
"9650",0.641995280243105,0.0942541630006623,-0.0557089579372444
"9651",0.64364087841935,0.110346137248098,-0.030842148520356
"9652",0.648293495749313,0.0945097556774868,-0.0280523348680307
"9653",0.630307301093268,0.108234168021853,-0.0258075997487407
"9654",0.639286698823737,0.0718601227232219,-0.00989596282147481
"9655",0.66814848762635,0.0995319145278232,-0.0257665892832693
"9656",0.608257215034114,0.0973819550946685,0.02321626936385
"9657",0.643643199124294,0.106676847468066,-0.037696377000191
"9658",0.665741773494691,0.109858547146724,0.00153707568830586
"9659",0.666757442080087,0.109083581186747,-0.0476473769560676
"9660",0.651831509392624,0.128415001243911,-0.028864433968557
"9661",0.643093481104772,0.0849212962526914,-0.013309384743139
"9662",0.595263411140755,0.0434299004149428,-0.044184892751738
"9663",0.625682561118877,0.0984398743027625,-0.0743079506066369
"9664",0.639441217654533,0.116595053559988,0.00425782514749536
"9665",0.598642854669437,0.0510508792469399,-0.000711027443046436
"9666",0.619432711030773,0.0796077921736022,-0.0316416980849259
"9667",0.597666581058875,0.0888032360542755,-0.0740293920426317
"9668",0.638475704762624,0.0547750656518405,-0.0646134645422147
"9669",0.630738465105108,0.106327537857417,-0.0619798017933453
"9670",0.620326088365176,0.127333168681757,-0.012434024459266
"9671",0.602856851310812,0.107540806830772,-0.050024467659511
"9672",0.605669657496837,0.0990543153233199,0.00737133569464863
"9673",0.658760801139669,0.0924640769899985,-0.0212476791672255
"9674",0.596216951276624,0.105189613457118,-0.0319317236364315
"9675",0.659521084965839,0.0680520766221811,-0.0668192744710242
"9676",0.678314295153762,0.0854702447583313,-0.0376376769006377
"9677",0.629527549808419,0.0787559862211708,-0.0610506487779101
"9678",0.6557761121222,0.110690771797901,-0.0328571635030339
"9679",0.605493596379795,0.0398257450230547,-0.0457603760430896
"9680",0.579862451261564,0.0583170905444631,-0.0448796543801647
"9681",0.648289386934129,0.116115058467693,-0.0434828063734416
"9682",0.60968846106392,0.0583183765976703,-0.0698309928121866
"9683",0.638774377181018,0.101286678540664,-0.0616532062831878
"9684",0.648606697664485,0.0939619735385959,-0.0626304131598171
"9685",0.585072491898776,0.0599386235699827,-0.0402664781069244
"9686",0.624617426095172,0.126621230834476,-0.0531003383060608
"9687",0.651367249073782,0.135567461698652,-0.0609652990552503
"9688",0.584802128343953,0.109607838911605,-0.0375574038993429
"9689",0.646265710905889,0.108603180393621,-0.0518920967035982
"9690",0.618689283682227,0.0799250018196505,-0.0889471224604906
"9691",0.639724547487398,0.162004264514831,-0.0263066018970615
"9692",0.623805467912246,0.0544188134363308,-0.0644548469487225
"9693",0.639454826756988,0.0671195274762363,-0.00437426073120566
"9694",0.627817882928412,0.101030209808253,-0.00171748498424622
"9695",0.675742549778539,0.0987561687681814,-0.0278018543005989
"9696",0.623187264192127,0.0898677837543822,-0.0531694895168068
"9697",0.61498152977507,0.0833262144726244,-0.0381410074309872
"9698",0.633622189106087,0.0955145966780632,-0.0555633236187517
"9699",0.630454327005805,0.0892797550998958,0.00353141640574636
"9700",0.614901572783038,0.109341507392415,-0.0501684274443626
"9701",0.69520727048063,0.0828643357330935,-0.0129578972836562
"9702",0.614227894827702,0.0619500936613643,-0.0248852760926816
"9703",0.588754148506107,0.0787203204050326,-0.0490138659220507
"9704",0.649627280672319,0.0889262313261176,-0.0644788635726558
"9705",0.609080718235847,0.0789006443123162,-0.0246871886648693
"9706",0.642288655729814,0.110072481895186,-0.0411414148426452
"9707",0.61625400824551,0.105137484593575,-0.0385047181707531
"9708",0.644706555122835,0.0763848129720743,-0.0423988357873591
"9709",0.571116705856861,0.0331610625771012,-0.0987754905243005
"9710",0.677179166219557,0.0952365569417757,-0.0438776308029331
"9711",0.639797219976167,0.110088563958922,-0.0356981479385066
"9712",0.608727822332013,0.0945528395962395,-0.0482059736915236
"9713",0.673636699391136,0.119412968624605,-0.0187380498049504
"9714",0.669386447876279,0.122581855424839,-0.0509424733152556
"9715",0.648790603778511,0.120380323690721,-0.0445942401598062
"9716",0.643800586244914,0.104967830489478,-0.0586464413101213
"9717",0.604190263906461,0.102812055800196,-0.0530178796564527
"9718",0.643759119447455,0.072922464808116,-0.0238041520726275
"9719",0.602239106103849,0.0789793430910025,0.00294897309409446
"9720",0.687962655057781,0.115649784630938,0.0072569514670539
"9721",0.626960870076149,0.0978561034320431,-0.0421870866090812
"9722",0.625045597464378,0.0704505914691142,-0.0125871530562306
"9723",0.55309040657313,0.0995991005422262,-0.00684916306764448
"9724",0.581970324948341,0.116601243929079,-0.016578057451979
"9725",0.660588018603883,0.108975045070832,-0.00121841136558825
"9726",0.62995350592572,0.0846495865261057,-0.00372299462444225
"9727",0.639449790986776,0.121111029056519,-0.0264396907560488
"9728",0.628072139871104,0.116022133133269,-0.0488253970401242
"9729",0.5994818922488,0.0768182226403553,-0.0340501242701269
"9730",0.612609728624315,0.0581365435940215,-0.0229029426266034
"9731",0.63782825722641,0.0598048943382387,-0.0408609237982278
"9732",0.599973669663473,0.0991060166808491,7.68851975039356e-05
"9733",0.572434579183246,0.132819089923768,-0.015077578073439
"9734",0.60061852944635,0.139655077016042,-0.0286399753077038
"9735",0.644384333910953,0.100717518027942,-0.0653292723588585
"9736",0.594449859148418,0.0914760275714609,-0.0152792944243378
"9737",0.675363404943665,0.103001436425669,-0.0234632380879374
"9738",0.662011726011953,0.135277638967751,-0.0167031521676118
"9739",0.660550920025778,0.13740424194442,-0.0357081202307856
"9740",0.613225531911399,0.0830945753336524,-0.0470430569688836
"9741",0.63534729956837,0.135350254079125,-0.0894868774364509
"9742",0.608875835715343,0.105630726664302,-0.062507405218139
"9743",0.606862960129767,0.0840085649852464,-0.0983976356022263
"9744",0.669262804981275,0.0769617248325263,-0.0551547025872417
"9745",0.623873404342352,0.0400341162564211,-0.0134336899855398
"9746",0.628143735159183,0.0957214509856142,-0.0361586714871542
"9747",0.569796064673759,0.0845586796629897,-0.0409104398133079
"9748",0.619892038024729,0.140754298417128,-0.0316774300012285
"9749",0.612379240273864,0.0759841917831473,-0.0606293331902132
"9750",0.66984771524737,0.0662907675965648,-0.0401608935131135
"9751",0.63806537085678,0.0742069209590348,-0.00714361977507251
"9752",0.597885477855786,0.110218159218212,-0.0290809139618556
"9753",0.608025273813913,0.120303908649481,-0.00728446488295314
"9754",0.605262249340552,0.055700654297007,-0.0182652637768956
"9755",0.64063930446311,0.0976344399367014,-0.00727344205314692
"9756",0.607952547107776,0.0529466528138278,-0.0592923438773744
"9757",0.629384455490904,0.081799553716418,-0.0444564577357808
"9758",0.604193525454093,0.101660682497395,-0.0482663975621037
"9759",0.585154645461189,0.116948988199259,-0.0467355583616994
"9760",0.639504070596401,0.128490561060369,-0.0552488449532934
"9761",0.584939427723741,0.0295803991090853,-0.0251420129820951
"9762",0.660690262423971,0.121004039714562,-0.0407914949253168
"9763",0.609573148927323,0.0725251361705333,-0.0321243395865136
"9764",0.628828265007995,0.0585188924292287,-0.0220841124991734
"9765",0.651982952343491,0.112151892747553,-0.0298003892483766
"9766",0.632281981254766,0.0712467758077943,-0.0495551067155435
"9767",0.641778461654976,0.0881821659193979,-0.0178142073439888
"9768",0.599062562170087,0.08145422819548,-0.0362078379157917
"9769",0.628674394622835,0.108059719546459,-0.0520817637157911
"9770",0.630286323800809,0.0735872569994513,-0.00945193040754347
"9771",0.639510920466427,0.0777745941402313,-0.041071009415945
"9772",0.665964751435583,0.0964909446920619,-0.0634056773040392
"9773",0.61106393387474,0.13446326838226,-0.0235352302575131
"9774",0.664009464791962,0.0696457775446261,-0.078404700642332
"9775",0.652890751403701,0.0658285675184256,-0.0691059129071846
"9776",0.62414453553335,0.109574989949482,-0.0443878339002232
"9777",0.637638017468871,0.103335922763272,-0.0429688471925645
"9778",0.681148981394416,0.110353098336088,-0.0704724158722113
"9779",0.583182277999145,0.0507722240087673,-0.075702635918373
"9780",0.634802666243972,0.144903917058852,-0.0477317196047989
"9781",0.643486393718587,0.0957257012308038,-1.60459029235477e-05
"9782",0.64808112442077,0.0891386311014621,-0.0424180506915826
"9783",0.671219296596646,0.0719984017009038,-0.0267992430671618
"9784",0.644688135147773,0.0881427809195774,-0.0172488250235746
"9785",0.606243500775203,0.0747508919493648,-0.0507458836365825
"9786",0.634456060044483,0.0905400935244591,-0.0224343190791507
"9787",0.626875907271333,0.100468115527059,-0.00438726969329639
"9788",0.620809687156505,0.0778379772627775,-0.0367956339814059
"9789",0.636558358087576,0.0639949632127642,-0.0665138710938196
"9790",0.60489994489685,0.0862603566089295,-0.0519865163294884
"9791",0.598181331921813,0.0987101399138255,-0.0401206248053358
"9792",0.607855383293834,0.0817989488016282,-0.0379038817661725
"9793",0.601752201092947,0.0844481107858466,-0.0517130801882986
"9794",0.621305321102685,0.0634012667123475,-0.0280945196798223
"9795",0.573792760355899,0.0549051006316979,-0.0953334535306097
"9796",0.624931985932742,0.0882564681865323,-0.00944584194192198
"9797",0.620459701328034,0.105503102575871,-0.0288108597568059
"9798",0.674911963954092,0.10132224119273,-0.0328859964281062
"9799",0.593878009250788,0.102867190459793,-0.0100763220393058
"9800",0.616467061848838,0.0868219977054078,-0.0421797521184797
"9801",0.564693967212408,0.0682899759370089,-0.0555141598843565
"9802",0.651996453220588,0.0922066473720349,-0.00551830227339769
"9803",0.614716393686038,0.114262622236373,-0.0587161611966785
"9804",0.606836150370578,0.118027056002138,-0.0335636677383502
"9805",0.640192223689555,0.0907641371130192,-0.0771461625890583
"9806",0.594139033221638,0.0939153298089348,-0.0301899880260582
"9807",0.641383296867221,0.0743174469913925,-0.0136248040781922
"9808",0.589612415130443,0.0849864615527901,-0.0397049445018403
"9809",0.633205858754744,0.102977427019539,-0.0362404167938133
"9810",0.615741981254813,0.0898215397867222,-0.0619673300342363
"9811",0.628498013616959,0.0310012042931081,-0.0388994842894857
"9812",0.598599110067723,0.0806655751020312,-0.0434007398143819
"9813",0.659770437852961,0.0937092078883318,-0.0521669040739376
"9814",0.671647193324036,0.0970853975508561,-0.0557703823117248
"9815",0.674384892309484,0.140483809539989,-0.0019984400407177
"9816",0.579104539359857,0.0481318859271426,-0.0184974261144599
"9817",0.621712511192927,0.091708941764988,-0.0216280721989707
"9818",0.656500809412939,0.07576303634204,-0.0632815046057379
"9819",0.594106081479338,0.125423575014429,-0.0146451855304508
"9820",0.657140701598166,0.0826060919409584,-0.0112399005883699
"9821",0.590131166979285,0.0914853264345588,-0.0408804808227565
"9822",0.626222662019316,0.107264060349022,-0.0345236477411721
"9823",0.651460083245219,0.0788101233894551,-0.0187492669348754
"9824",0.628410277943003,0.0980320415274866,0.0139305515376875
"9825",0.612704832854178,0.0810030298659289,-0.101935911238142
"9826",0.66366006837727,0.101564784790075,-0.041036320592449
"9827",0.623376813223571,0.110136958707387,-0.00794914861658687
"9828",0.630526853158383,0.0941307919088119,-0.059234481603036
"9829",0.683682027226991,0.0865442392620004,-0.0589969713991678
"9830",0.562596525419591,0.106667322981961,-0.048846312192977
"9831",0.619615895656609,0.0844018305380662,-0.0448921740060962
"9832",0.670242475542258,0.0793047636214147,-0.0275527852541343
"9833",0.674937916026694,0.132170878050622,-0.0692568546600534
"9834",0.639652968929329,0.0989050025642601,0.017372463843833
"9835",0.63859804335658,0.100351212775065,-0.0309548953379836
"9836",0.636069518857876,0.119149380865066,-0.0262551886005683
"9837",0.658368678390872,0.0651546445042688,-0.0404927545809664
"9838",0.663417557409559,0.119952116701479,-0.0544208251381398
"9839",0.628102132307379,0.0819435860419331,-0.0238175993591405
"9840",0.604788203407412,0.0765795834782843,-0.0922630374451662
"9841",0.601988403309918,0.0944240121984581,-0.0493833223879625
"9842",0.622071908013455,0.0343116855069871,-0.033195241829648
"9843",0.603887946908659,0.113663012451856,-0.0751662830607306
"9844",0.671642914983356,0.107511128848395,-0.0248323016254745
"9845",0.693291046897006,0.0947888520358063,-0.0426732311043512
"9846",0.58708774141193,0.0810595394024105,0.00204046684402143
"9847",0.627433622741424,0.0837719216602223,-0.0340964157562298
"9848",0.620939242528082,0.0906289406582799,-0.0416785786944731
"9849",0.647978645658406,0.101270872925549,-0.0475626177439225
"9850",0.618504288886032,0.0844227569186687,-0.0536648805104057
"9851",0.623519863483206,0.0602003777092381,-0.0390470131887192
"9852",0.63721552209101,0.0414635982720534,-0.044607448086337
"9853",0.601255218298111,0.130087599884912,-0.0163813638510622
"9854",0.654067968307883,0.107608398440922,-0.0300579309667668
"9855",0.632679105800261,0.109728216768686,-0.0619161368695996
"9856",0.648869788746899,0.100650809961726,-0.0303924427708766
"9857",0.673351522350204,0.134009878673559,-0.0372955142429597
"9858",0.638752554293964,0.0790860502182301,-0.0259809375999295
"9859",0.628251512190775,0.0961683401731654,-0.0968311926937051
"9860",0.632690865209742,0.0824135471903082,-0.00432776984261559
"9861",0.601648350518874,0.074401711835977,-0.00648937734059763
"9862",0.554349252731935,0.0817482563758295,0.0202783455328249
"9863",0.630871049946705,0.0769597313216164,-0.0471324371291956
"9864",0.603077951889314,0.0841039986566429,-0.0617588625266558
"9865",0.64667328750097,0.103524435914801,-0.0323846135884372
"9866",0.595565597086387,0.0802366823291118,-0.0421151577763457
"9867",0.6633329556478,0.109261616573646,-0.0201640396642928
"9868",0.637425252098472,0.0930893152323133,-0.0195163953622544
"9869",0.621621100298191,0.109774402571073,-0.0437832397029395
"9870",0.677505568194492,0.0906539171742523,-0.0382898984820299
"9871",0.624719225310052,0.0756917138610965,-0.00752794699789746
"9872",0.604024457985586,0.104377366767214,-0.00733502377345004
"9873",0.657502871650552,0.0845899091223555,-0.0473015662122692
"9874",0.687420520324023,0.0645923721805053,-0.0624405020170986
"9875",0.687073215918698,0.0792285958786741,-0.0236436303808125
"9876",0.650894763290813,0.0903823691537722,-0.00759543399793104
"9877",0.633961593388452,0.0887746456705072,-0.0162534064990109
"9878",0.666786362519364,0.116053134167752,0.00360308054950027
"9879",0.540388435763825,0.0802405111620815,-0.0364600631262773
"9880",0.638919922025077,0.106947362028222,-0.0468655217908947
"9881",0.597714879273357,0.0856180442283473,-0.0296114080244365
"9882",0.597460077240435,0.0883275362712289,-0.0762725646436066
"9883",0.639663222646204,0.10946224668329,-0.0436485914624388
"9884",0.615192975450678,0.0700093044829899,-0.0434937644153192
"9885",0.614241244897481,0.0986774723572212,-0.0126297870229751
"9886",0.611371400085033,0.0750125756144157,-0.0347713862463162
"9887",0.6208035105729,0.0752915374024567,-0.0459197397575428
"9888",0.646579862465452,0.0751717062825551,-0.0391664662941564
"9889",0.613058589605985,0.0716422960904147,-0.0775093377726815
"9890",0.661020751833306,0.109011997517468,-0.0566098106404214
"9891",0.620680395329677,0.113173592148708,-0.0397561630025827
"9892",0.647603277159912,0.0968018754073781,-0.0582601827815959
"9893",0.640957768969523,0.0727206619436248,0.0105325253824739
"9894",0.616561521898277,0.122267152840647,-0.0502257323766402
"9895",0.628814057230734,0.121370644809776,-0.0327764313164722
"9896",0.60377039875918,0.0895561650314005,-0.0277287038705797
"9897",0.676320926218642,0.0777645033445785,-0.010720502691877
"9898",0.658032527757437,0.131574236658777,-0.0513561369641689
"9899",0.653607027538058,0.114156508198601,-0.0331292648024064
"9900",0.660712332744437,0.0928725098406088,-0.0456543809065419
"9901",0.645606816124993,0.0906084833667292,-0.0106894626974795
"9902",0.616992470097804,0.114339427940086,-0.0278338491928855
"9903",0.649966445423309,0.0937001094342915,-0.0291180818385292
"9904",0.616152737470359,0.0896140848979171,-0.0620967561657384
"9905",0.599114952446411,0.104589177908511,-0.0572282396797722
"9906",0.647890010355474,0.107820879051996,-0.0194016530361366
"9907",0.640840326440421,0.0873792120944508,-0.0316775905332711
"9908",0.651198232282568,0.0945898189716566,-0.014150257147523
"9909",0.636156885873348,0.0807963841275272,-0.0336210519000701
"9910",0.632118712676559,0.0947236096845437,-0.0187455131706565
"9911",0.609987098837428,0.0625468474890371,-0.0306442712971263
"9912",0.616967213573307,0.135269539979465,-0.017410727306959
"9913",0.628353319141166,0.0923815295162215,-0.0649862672506136
"9914",0.636773099199633,0.0852060006286893,-0.057186500122812
"9915",0.651967788218028,0.0527289033900937,-0.039901480290839
"9916",0.623312237417676,0.0949565966479281,-0.0674346747786091
"9917",0.63010842969432,0.117844442493241,-0.0518437859890978
"9918",0.646010048726538,0.0792494963848491,-0.0462507752796037
"9919",0.572052303947411,0.0692330918305456,-0.0239674203391918
"9920",0.636391727442836,0.0839576235346759,-0.053374325993309
"9921",0.641328784979782,0.0993642668321961,-0.0505416307175865
"9922",0.616676590988978,0.151037424234709,-0.0500316016624679
"9923",0.620978208834033,0.104629495403168,-0.0306161922421027
"9924",0.665629402397008,0.0966858277635949,-0.0430672219950894
"9925",0.670027513236652,0.103272267319656,-0.0497344641953936
"9926",0.678611333046392,0.0795371815937849,0.00242922389091547
"9927",0.665433965551082,0.100926451057176,-0.0532205676844226
"9928",0.642504238838553,0.0780633310851241,-0.0243563020039017
"9929",0.56099347328204,0.0562600287152025,-0.0213283531300523
"9930",0.622765182085031,0.113549647043075,-0.0218787238779312
"9931",0.611264433010852,0.100278811060728,-0.0611171479561739
"9932",0.642825188150157,0.0408711458023305,-0.00388552281634629
"9933",0.665127373302821,0.094219359550562,-0.0436934216258857
"9934",0.679823882648504,0.0983541758447229,-0.0157314820000933
"9935",0.636692175895558,0.0777118654549323,-0.0196705258334482
"9936",0.661455094911194,0.0828402390211642,-0.00906697478556041
"9937",0.638676528161188,0.0953444443892306,-0.0408515923827936
"9938",0.631689743469231,0.0880812641621933,-0.0596029536377631
"9939",0.566882344661366,0.0651675760051379,-0.0239531054451019
"9940",0.609738031694601,0.109193268385867,-0.015788016741638
"9941",0.623661340018129,0.0881760676247002,-0.0102560339993821
"9942",0.614060177240625,0.0805816679194199,-0.0581111782219308
"9943",0.658099822202737,0.0920204122895403,-0.0124380514035151
"9944",0.61732128270572,0.0888248925796764,-0.0570553656680048
"9945",0.648056903548185,0.0501634417312425,-0.0250092673371475
"9946",0.694527159885998,0.0886625958376465,-0.0348378882560744
"9947",0.629496262317904,0.0729782478675068,-0.0400046249135485
"9948",0.680849350519125,0.101182909791891,-0.0278431755650153
"9949",0.635313295838157,0.102045347345317,-0.0377173574931563
"9950",0.621067427995587,0.0587265015584105,-0.0332542261719824
"9951",0.648205136317404,0.131819880449324,-0.0526511528267105
"9952",0.660916469953561,0.107482328122926,-0.0542095676070347
"9953",0.633561844325536,0.0630500455756635,-0.0477345019725169
"9954",0.618782626010294,0.0856298136621318,-0.023550150727395
"9955",0.649200169162374,0.114148061469203,-0.0305554946225534
"9956",0.689417259073642,0.121681669923519,-0.0506014880676893
"9957",0.62019603916911,0.103161296899098,0.00108865661313791
"9958",0.590074047048091,0.122756183502181,-0.0411181405893104
"9959",0.672199792383585,0.0523250410637754,-0.0307425597788352
"9960",0.615627578271423,0.113423562279108,-0.0812136504756434
"9961",0.625645687700714,0.0668270372142045,-0.0510005550860374
"9962",0.617518389232992,0.0860354390271758,0.00167169942373515
"9963",0.648442209706641,0.100576810405223,-0.0529350894546303
"9964",0.62169834658811,0.10580029279579,0.00888363978281701
"9965",0.60936159842075,0.114463361668495,-0.0717262535626897
"9966",0.621068289037678,0.0888800981164836,-0.0477052149073555
"9967",0.635678700879425,0.0825955132671621,-0.0339005961701273
"9968",0.571080682641199,0.0691027130194528,-0.0475163317583844
"9969",0.606895639498557,0.146410494561787,-0.0405161394482114
"9970",0.606078093587265,0.102232110675324,-0.0472112414271428
"9971",0.611906283495516,0.0981334370285931,-0.0617207911033278
"9972",0.674216567151077,0.0822436519589828,-0.0470230049436632
"9973",0.658651822913092,0.0966609811738857,-0.0450082486990832
"9974",0.644734715020539,0.10522515596633,-0.0350193586520484
"9975",0.631343311154239,0.0704687191302183,-0.0665707189386759
"9976",0.631422819902436,0.0922631532740718,-0.0350509855081552
"9977",0.618639353837299,0.120319530458971,0.0220538722020632
"9978",0.633619217767746,0.112170286629611,-0.0347480934990048
"9979",0.650342156044151,0.101592830737186,-0.0418304265470833
"9980",0.632033853334295,0.115228355197418,-0.0537647965522576
"9981",0.593077160011193,0.0565221636721702,-0.0472961053400095
"9982",0.665141578196134,0.0975966747244568,-0.0444688372982211
"9983",0.651939871299967,0.0944283616665235,-0.0813586003410372
"9984",0.660272350133822,0.0359076060788951,-0.0447493789370027
"9985",0.626462739697782,0.114423003487466,-0.024661876038523
"9986",0.629970963467624,0.0824486734189906,-0.0611707884225521
"9987",0.644186682013889,0.0801609783060711,-0.0339176343200578
"9988",0.617019643621239,0.0946026374721017,0.0131798313465904
"9989",0.679838151359385,0.0449044584384464,-0.0743810073287617
"9990",0.646809593378174,0.0755475262521343,-0.0165636941754992
"9991",0.62422074807445,0.0868990347830381,-0.0383399270726038
"9992",0.649164167317651,0.0776542139601955,-0.0562717382963052
"9993",0.63397110002961,0.117296131356563,0.00297315054508872
"9994",0.645391815409299,0.0982907372714989,-0.0280690836628229
"9995",0.646406715377053,0.107729083207909,-0.013655955693198
"9996",0.638837825174138,0.0874852774515277,-0.0557217679768072
"9997",0.662762693498626,0.0896936308414134,-0.0294901420520091
"9998",0.652959445685579,0.139256264012999,-0.0738230929296616
"9999",0.648845730035635,0.0972980039889045,-0.0522754093744898
"10000",0.618526883288596,0.0671944557544683,-0.0268762532764763
